2026-05-20T10:00:42 [INFO] SmartWorkOptimizer started
2026-05-20T10:00:50 [INFO] Heartbeat + Metrics
2026-05-20T10:00:50 [WARN] Failsafe triggered: CPU too high
2026-05-20T10:01:00 [INFO] Heartbeat + Metrics
2026-05-20T10:01:00 [WARN] Failsafe triggered: CPU too high
2026-05-20T10:01:09 [INFO] Heartbeat + Metrics
2026-05-20T10:01:09 [WARN] Failsafe triggered: CPU too high
2026-05-20T10:01:18 [INFO] Heartbeat + Metrics
2026-05-20T10:01:18 [WARN] Failsafe triggered: CPU too high
2026-05-20T10:01:27 [INFO] Heartbeat + Metrics
2026-05-20T10:01:28 [WARN] Failsafe triggered: CPU too high
2026-05-20T10:01:36 [INFO] Heartbeat + Metrics
2026-05-20T10:01:36 [WARN] Failsafe triggered: CPU too high
2026-05-20T10:01:49 [INFO] Heartbeat + Metrics
2026-05-20T10:01:59 [INFO] Heartbeat + Metrics
2026-05-20T10:01:59 [WARN] Failsafe triggered: CPU too high
2026-05-20T10:02:08 [INFO] Heartbeat + Metrics
2026-05-20T10:02:17 [INFO] Heartbeat + Metrics
2026-05-20T10:02:17 [WARN] Failsafe triggered: CPU too high
2026-05-20T10:02:26 [INFO] Heartbeat + Metrics
2026-05-20T10:02:26 [WARN] Failsafe triggered: CPU too high
2026-05-20T10:02:34 [INFO] Heartbeat + Metrics
2026-05-20T10:02:34 [WARN] Failsafe triggered: CPU too high
2026-05-20T10:02:44 [INFO] Heartbeat + Metrics
2026-05-20T10:02:44 [WARN] Failsafe triggered: CPU too high
2026-05-20T10:02:53 [INFO] Heartbeat + Metrics
2026-05-20T10:02:53 [WARN] Failsafe triggered: CPU too high
2026-05-20T10:03:02 [INFO] Heartbeat + Metrics
2026-05-20T10:03:02 [WARN] Failsafe triggered: CPU too high
2026-05-20T10:03:10 [INFO] Heartbeat + Metrics
2026-05-20T10:03:10 [WARN] Failsafe triggered: CPU too high
2026-05-20T10:03:19 [INFO] Heartbeat + Metrics
2026-05-20T10:03:19 [WARN] Failsafe triggered: CPU too high
2026-05-20T10:03:28 [INFO] Heartbeat + Metrics
2026-05-20T10:03:28 [WARN] Failsafe triggered: CPU too high
2026-05-20T10:03:37 [INFO] Heartbeat + Metrics
2026-05-20T10:03:37 [WARN] Failsafe triggered: CPU too high
2026-05-20T10:03:46 [INFO] Heartbeat + Metrics
2026-05-20T10:03:46 [WARN] Failsafe triggered: CPU too high
2026-05-20T10:03:55 [INFO] Heartbeat + Metrics
2026-05-20T10:03:55 [WARN] Failsafe triggered: CPU too high
2026-05-20T10:04:03 [INFO] Heartbeat + Metrics
2026-05-20T10:04:03 [WARN] Failsafe triggered: CPU too high
2026-05-20T10:04:12 [INFO] Heartbeat + Metrics
2026-05-20T10:04:12 [WARN] Failsafe triggered: CPU too high
2026-05-20T10:04:21 [INFO] Heartbeat + Metrics
2026-05-20T10:04:21 [WARN] Failsafe triggered: CPU too high
2026-05-20T10:04:31 [INFO] Heartbeat + Metrics
2026-05-20T10:04:31 [WARN] Failsafe triggered: CPU too high
2026-05-20T10:04:40 [INFO] Heartbeat + Metrics
2026-05-20T10:04:40 [WARN] Failsafe triggered: CPU too high
2026-05-20T10:04:49 [INFO] Heartbeat + Metrics
2026-05-20T10:04:49 [WARN] Failsafe triggered: CPU too high
2026-05-20T10:04:58 [INFO] Heartbeat + Metrics
2026-05-20T10:04:58 [WARN] Failsafe triggered: CPU too high
2026-05-20T10:05:07 [INFO] Heartbeat + Metrics
2026-05-20T10:05:07 [WARN] Failsafe triggered: CPU too high
2026-05-20T10:05:16 [INFO] Heartbeat + Metrics
2026-05-20T10:05:16 [WARN] Failsafe triggered: CPU too high
2026-05-20T10:05:26 [INFO] Heartbeat + Metrics
2026-05-20T10:05:26 [WARN] Failsafe triggered: CPU too high
2026-05-20T10:05:34 [INFO] Heartbeat + Metrics
2026-05-20T10:05:34 [WARN] Failsafe triggered: CPU too high
2026-05-20T10:05:44 [INFO] Heartbeat + Metrics
2026-05-20T10:05:44 [WARN] Failsafe triggered: CPU too high
2026-05-20T10:05:52 [INFO] Heartbeat + Metrics
2026-05-20T10:05:52 [WARN] Failsafe triggered: CPU too high
2026-05-20T10:06:01 [INFO] Heartbeat + Metrics
2026-05-20T10:06:01 [WARN] Failsafe triggered: CPU too high
2026-05-20T10:06:10 [INFO] Heartbeat + Metrics
2026-05-20T10:06:10 [WARN] Failsafe triggered: CPU too high
2026-05-20T10:06:19 [INFO] Heartbeat + Metrics
2026-05-20T10:06:19 [WARN] Failsafe triggered: CPU too high
2026-05-20T10:06:28 [INFO] Heartbeat + Metrics
2026-05-20T10:06:28 [WARN] Failsafe triggered: CPU too high
2026-05-20T10:06:36 [INFO] Heartbeat + Metrics
2026-05-20T10:06:36 [WARN] Failsafe triggered: CPU too high
2026-05-20T10:06:45 [INFO] Heartbeat + Metrics
2026-05-20T10:06:54 [INFO] Heartbeat + Metrics
2026-05-20T10:06:54 [WARN] Failsafe triggered: CPU too high
2026-05-20T10:07:03 [INFO] Heartbeat + Metrics
2026-05-20T10:07:03 [WARN] Failsafe triggered: CPU too high
2026-05-20T10:07:11 [INFO] Heartbeat + Metrics
2026-05-20T10:07:11 [WARN] Failsafe triggered: CPU too high
2026-05-20T10:07:21 [INFO] Heartbeat + Metrics
2026-05-20T10:07:21 [WARN] Failsafe triggered: CPU too high
2026-05-20T10:07:30 [INFO] Heartbeat + Metrics
2026-05-20T10:07:30 [WARN] Failsafe triggered: CPU too high
2026-05-20T10:07:39 [INFO] Heartbeat + Metrics
2026-05-20T10:07:39 [WARN] Failsafe triggered: CPU too high
2026-05-20T10:07:48 [INFO] Heartbeat + Metrics
2026-05-20T10:07:48 [WARN] Failsafe triggered: CPU too high
2026-05-20T10:07:56 [INFO] Heartbeat + Metrics
2026-05-20T10:07:56 [WARN] Failsafe triggered: CPU too high
2026-05-20T10:08:05 [INFO] Heartbeat + Metrics
2026-05-20T10:08:05 [WARN] Failsafe triggered: CPU too high
2026-05-20T10:08:15 [INFO] Heartbeat + Metrics
2026-05-20T10:08:15 [WARN] Failsafe triggered: CPU too high
2026-05-20T10:08:24 [INFO] Heartbeat + Metrics
2026-05-20T10:08:24 [WARN] Failsafe triggered: CPU too high
2026-05-20T10:08:33 [INFO] Heartbeat + Metrics
2026-05-20T10:08:33 [WARN] Failsafe triggered: CPU too high
2026-05-20T10:08:42 [INFO] Heartbeat + Metrics
2026-05-20T10:08:42 [WARN] Failsafe triggered: CPU too high
2026-05-20T10:08:50 [INFO] Heartbeat + Metrics
2026-05-20T10:08:50 [WARN] Failsafe triggered: CPU too high
2026-05-20T10:08:59 [INFO] Heartbeat + Metrics
2026-05-20T10:08:59 [WARN] Failsafe triggered: CPU too high
2026-05-20T10:09:08 [INFO] Heartbeat + Metrics
2026-05-20T10:09:08 [WARN] Failsafe triggered: CPU too high
2026-05-20T10:09:16 [INFO] Heartbeat + Metrics
2026-05-20T10:09:16 [WARN] Failsafe triggered: CPU too high
2026-05-20T10:09:25 [INFO] Heartbeat + Metrics
2026-05-20T10:09:25 [WARN] Failsafe triggered: CPU too high
2026-05-20T10:09:33 [INFO] Heartbeat + Metrics
2026-05-20T10:09:34 [WARN] Failsafe triggered: CPU too high
2026-05-20T10:09:42 [INFO] Heartbeat + Metrics
2026-05-20T10:09:51 [INFO] Heartbeat + Metrics
2026-05-20T10:09:51 [WARN] Failsafe triggered: CPU too high
2026-05-20T10:09:59 [INFO] Heartbeat + Metrics
2026-05-20T10:10:00 [WARN] Failsafe triggered: CPU too high
2026-05-20T10:10:08 [INFO] Heartbeat + Metrics
2026-05-20T10:10:08 [WARN] Failsafe triggered: CPU too high
2026-05-20T10:10:17 [INFO] Heartbeat + Metrics
2026-05-20T10:10:17 [WARN] Failsafe triggered: CPU too high
2026-05-20T10:10:26 [INFO] Heartbeat + Metrics
2026-05-20T10:10:26 [WARN] Failsafe triggered: CPU too high
2026-05-20T10:10:37 [INFO] Heartbeat + Metrics
2026-05-20T10:10:37 [WARN] Failsafe triggered: CPU too high
2026-05-20T10:10:46 [INFO] Heartbeat + Metrics
2026-05-20T10:10:46 [WARN] Failsafe triggered: CPU too high
2026-05-20T10:10:54 [INFO] Heartbeat + Metrics
2026-05-20T10:10:54 [WARN] Failsafe triggered: CPU too high
2026-05-20T10:11:03 [INFO] Heartbeat + Metrics
2026-05-20T10:11:12 [INFO] Heartbeat + Metrics
2026-05-20T10:11:12 [WARN] Failsafe triggered: CPU too high
2026-05-20T10:11:21 [INFO] Heartbeat + Metrics
2026-05-20T10:11:21 [WARN] Failsafe triggered: CPU too high
2026-05-20T10:11:30 [INFO] Heartbeat + Metrics
2026-05-20T10:11:30 [WARN] Failsafe triggered: CPU too high
2026-05-20T10:11:39 [INFO] Heartbeat + Metrics
2026-05-20T10:11:39 [WARN] Failsafe triggered: CPU too high
2026-05-20T10:11:47 [INFO] Heartbeat + Metrics
2026-05-20T10:11:47 [WARN] Failsafe triggered: CPU too high
2026-05-20T10:11:56 [INFO] Heartbeat + Metrics
2026-05-20T10:11:56 [WARN] Failsafe triggered: CPU too high
2026-05-20T10:12:05 [INFO] Heartbeat + Metrics
2026-05-20T10:12:05 [WARN] Failsafe triggered: CPU too high
2026-05-20T10:12:15 [INFO] Heartbeat + Metrics
2026-05-20T10:12:15 [WARN] Failsafe triggered: CPU too high
2026-05-20T10:12:23 [INFO] Heartbeat + Metrics
2026-05-20T10:12:23 [WARN] Failsafe triggered: CPU too high
2026-05-20T10:12:32 [INFO] Heartbeat + Metrics
2026-05-20T10:12:32 [WARN] Failsafe triggered: CPU too high
2026-05-20T10:12:40 [INFO] Heartbeat + Metrics
2026-05-20T10:12:40 [WARN] Failsafe triggered: CPU too high
2026-05-20T10:12:49 [INFO] Heartbeat + Metrics
2026-05-20T10:12:58 [INFO] Heartbeat + Metrics
2026-05-20T10:13:06 [INFO] Heartbeat + Metrics
2026-05-20T10:13:15 [INFO] Heartbeat + Metrics
2026-05-20T10:13:23 [INFO] Heartbeat + Metrics
2026-05-20T10:13:32 [INFO] Heartbeat + Metrics
2026-05-20T10:13:32 [WARN] Failsafe triggered: CPU too high
2026-05-20T10:13:40 [INFO] Heartbeat + Metrics
2026-05-20T10:13:40 [WARN] Failsafe triggered: CPU too high
2026-05-20T10:13:49 [INFO] Heartbeat + Metrics
2026-05-20T10:13:58 [INFO] Heartbeat + Metrics
2026-05-20T10:14:06 [INFO] Heartbeat + Metrics
2026-05-20T10:14:06 [WARN] Failsafe triggered: CPU too high
2026-05-20T10:14:15 [INFO] Heartbeat + Metrics
2026-05-20T10:14:15 [WARN] Failsafe triggered: CPU too high
2026-05-20T10:14:24 [INFO] Heartbeat + Metrics
2026-05-20T10:14:24 [WARN] Failsafe triggered: CPU too high
2026-05-20T10:14:32 [INFO] Heartbeat + Metrics
2026-05-20T10:14:32 [WARN] Failsafe triggered: CPU too high
2026-05-20T10:14:41 [INFO] Heartbeat + Metrics
2026-05-20T10:14:41 [WARN] Failsafe triggered: CPU too high
2026-05-20T10:14:50 [INFO] Heartbeat + Metrics
2026-05-20T10:14:50 [WARN] Failsafe triggered: CPU too high
2026-05-20T10:14:58 [INFO] Heartbeat + Metrics
2026-05-20T10:14:58 [WARN] Failsafe triggered: CPU too high
2026-05-20T10:15:07 [INFO] Heartbeat + Metrics
2026-05-20T10:15:16 [INFO] Heartbeat + Metrics
2026-05-20T10:15:16 [WARN] Failsafe triggered: CPU too high
2026-05-20T10:15:24 [INFO] Heartbeat + Metrics
2026-05-20T10:15:33 [INFO] Heartbeat + Metrics
2026-05-20T10:15:33 [WARN] Failsafe triggered: CPU too high
2026-05-20T10:15:42 [INFO] Heartbeat + Metrics
2026-05-20T10:15:42 [WARN] Failsafe triggered: CPU too high
2026-05-20T10:15:51 [INFO] Heartbeat + Metrics
2026-05-20T10:15:51 [WARN] Failsafe triggered: CPU too high
2026-05-20T10:16:00 [INFO] Heartbeat + Metrics
2026-05-20T10:16:00 [WARN] Failsafe triggered: CPU too high
2026-05-20T10:16:08 [INFO] Heartbeat + Metrics
2026-05-20T10:16:08 [WARN] Failsafe triggered: CPU too high
2026-05-20T10:16:17 [INFO] Heartbeat + Metrics
2026-05-20T10:16:17 [WARN] Failsafe triggered: CPU too high
2026-05-20T10:16:25 [INFO] Heartbeat + Metrics
2026-05-20T10:16:34 [INFO] Heartbeat + Metrics
2026-05-20T10:16:34 [WARN] Failsafe triggered: CPU too high
2026-05-20T10:16:42 [INFO] Heartbeat + Metrics
2026-05-20T10:16:42 [WARN] Failsafe triggered: CPU too high
2026-05-20T10:16:51 [INFO] Heartbeat + Metrics
2026-05-20T10:16:51 [WARN] Failsafe triggered: CPU too high
2026-05-20T10:17:00 [INFO] Heartbeat + Metrics
2026-05-20T10:17:00 [WARN] Failsafe triggered: CPU too high
2026-05-20T10:17:08 [INFO] Heartbeat + Metrics
2026-05-20T10:17:08 [WARN] Failsafe triggered: CPU too high
2026-05-20T10:17:17 [INFO] Heartbeat + Metrics
2026-05-20T10:17:26 [INFO] Heartbeat + Metrics
2026-05-20T10:17:34 [INFO] Heartbeat + Metrics
2026-05-20T10:17:43 [INFO] Heartbeat + Metrics
2026-05-20T10:17:51 [INFO] Heartbeat + Metrics
2026-05-20T10:18:00 [INFO] Heartbeat + Metrics
2026-05-20T10:18:00 [WARN] Failsafe triggered: CPU too high
2026-05-20T10:18:08 [INFO] Heartbeat + Metrics
2026-05-20T10:18:08 [WARN] Failsafe triggered: CPU too high
2026-05-20T10:18:17 [INFO] Heartbeat + Metrics
2026-05-20T10:18:25 [INFO] Heartbeat + Metrics
2026-05-20T10:18:34 [INFO] Heartbeat + Metrics
2026-05-20T10:18:42 [INFO] Heartbeat + Metrics
2026-05-20T10:18:51 [INFO] Heartbeat + Metrics
2026-05-20T10:18:59 [INFO] Heartbeat + Metrics
2026-05-20T10:18:59 [WARN] Failsafe triggered: CPU too high
2026-05-20T10:19:08 [INFO] Heartbeat + Metrics
2026-05-20T10:19:17 [INFO] Heartbeat + Metrics
2026-05-20T10:19:25 [INFO] Heartbeat + Metrics
2026-05-20T10:19:33 [INFO] Heartbeat + Metrics
2026-05-20T10:19:42 [INFO] Heartbeat + Metrics
2026-05-20T10:19:50 [INFO] Heartbeat + Metrics
2026-05-20T10:19:59 [INFO] Heartbeat + Metrics
2026-05-20T10:20:07 [INFO] Heartbeat + Metrics
2026-05-20T10:20:16 [INFO] Heartbeat + Metrics
2026-05-20T10:20:24 [INFO] Heartbeat + Metrics
2026-05-20T10:20:25 [WARN] Desired process no longer exists (PID 8652)
2026-05-20T10:20:25 [WARN] Desired process no longer exists (PID 11160)
2026-05-20T10:20:34 [INFO] Heartbeat + Metrics
2026-05-20T10:20:34 [WARN] Desired process no longer exists (PID 8652)
2026-05-20T10:20:34 [WARN] Desired process no longer exists (PID 11160)
2026-05-20T10:20:42 [INFO] Heartbeat + Metrics
2026-05-20T10:20:42 [WARN] Desired process no longer exists (PID 8652)
2026-05-20T10:20:42 [WARN] Desired process no longer exists (PID 11160)
2026-05-20T10:20:51 [INFO] Heartbeat + Metrics
2026-05-20T10:20:51 [WARN] Desired process no longer exists (PID 8652)
2026-05-20T10:20:51 [WARN] Desired process no longer exists (PID 11160)
2026-05-20T10:20:59 [INFO] Heartbeat + Metrics
2026-05-20T10:20:59 [WARN] Desired process no longer exists (PID 8652)
2026-05-20T10:20:59 [WARN] Desired process no longer exists (PID 11160)
2026-05-20T10:21:08 [INFO] Heartbeat + Metrics
2026-05-20T10:21:08 [WARN] Desired process no longer exists (PID 8652)
2026-05-20T10:21:08 [WARN] Desired process no longer exists (PID 11160)
2026-05-20T10:21:16 [INFO] Heartbeat + Metrics
2026-05-20T10:21:17 [WARN] Failsafe triggered: CPU too high
2026-05-20T10:21:25 [INFO] Heartbeat + Metrics
2026-05-20T10:21:25 [WARN] Desired process no longer exists (PID 8652)
2026-05-20T10:21:25 [WARN] Desired process no longer exists (PID 11160)
2026-05-20T10:21:33 [INFO] Heartbeat + Metrics
2026-05-20T10:21:34 [WARN] Desired process no longer exists (PID 8652)
2026-05-20T10:21:34 [WARN] Desired process no longer exists (PID 11160)
2026-05-20T10:21:42 [INFO] Heartbeat + Metrics
2026-05-20T10:21:42 [WARN] Desired process no longer exists (PID 8652)
2026-05-20T10:21:42 [WARN] Desired process no longer exists (PID 11160)
2026-05-20T10:21:51 [INFO] Heartbeat + Metrics
2026-05-20T10:21:51 [WARN] Desired process no longer exists (PID 8652)
2026-05-20T10:21:51 [WARN] Desired process no longer exists (PID 11160)
2026-05-20T10:21:59 [INFO] Heartbeat + Metrics
2026-05-20T10:22:08 [INFO] Heartbeat + Metrics
2026-05-20T10:22:16 [INFO] Heartbeat + Metrics
2026-05-20T10:22:24 [INFO] Heartbeat + Metrics
2026-05-20T10:22:33 [INFO] Heartbeat + Metrics
2026-05-20T10:22:41 [INFO] Heartbeat + Metrics
2026-05-20T10:22:41 [WARN] Desired process no longer exists (PID 8652)
2026-05-20T10:22:41 [WARN] Desired process no longer exists (PID 11160)
2026-05-20T10:22:50 [INFO] Heartbeat + Metrics
2026-05-20T10:22:50 [WARN] Desired process no longer exists (PID 8652)
2026-05-20T10:22:50 [WARN] Desired process no longer exists (PID 11160)
2026-05-20T10:22:58 [INFO] Heartbeat + Metrics
2026-05-20T10:22:58 [WARN] Desired process no longer exists (PID 8652)
2026-05-20T10:22:58 [WARN] Desired process no longer exists (PID 11160)
2026-05-20T10:23:07 [INFO] Heartbeat + Metrics
2026-05-20T10:23:07 [WARN] Desired process no longer exists (PID 8652)
2026-05-20T10:23:07 [WARN] Desired process no longer exists (PID 11160)
2026-05-20T10:23:15 [INFO] Heartbeat + Metrics
2026-05-20T10:23:15 [WARN] Desired process no longer exists (PID 8652)
2026-05-20T10:23:15 [WARN] Desired process no longer exists (PID 11160)
2026-05-20T10:23:24 [INFO] Heartbeat + Metrics
2026-05-20T10:23:32 [INFO] Heartbeat + Metrics
2026-05-20T10:23:41 [INFO] Heartbeat + Metrics
2026-05-20T10:23:49 [INFO] Heartbeat + Metrics
2026-05-20T10:23:58 [INFO] Heartbeat + Metrics
2026-05-20T10:24:06 [INFO] Heartbeat + Metrics
2026-05-20T10:24:15 [INFO] Heartbeat + Metrics
2026-05-20T10:24:15 [WARN] Desired process no longer exists (PID 8652)
2026-05-20T10:24:15 [WARN] Desired process no longer exists (PID 11160)
2026-05-20T10:24:23 [INFO] Heartbeat + Metrics
2026-05-20T10:24:31 [INFO] Heartbeat + Metrics
2026-05-20T10:24:40 [INFO] Heartbeat + Metrics
2026-05-20T10:24:48 [INFO] Heartbeat + Metrics
2026-05-20T10:24:57 [INFO] Heartbeat + Metrics
2026-05-20T10:25:05 [INFO] Heartbeat + Metrics
2026-05-20T10:25:13 [INFO] Heartbeat + Metrics
2026-05-20T10:25:22 [INFO] Heartbeat + Metrics
2026-05-20T10:25:30 [INFO] Heartbeat + Metrics
2026-05-20T10:25:39 [INFO] Heartbeat + Metrics
2026-05-20T10:25:47 [INFO] Heartbeat + Metrics
2026-05-20T10:25:55 [INFO] Heartbeat + Metrics
2026-05-20T10:26:04 [INFO] Heartbeat + Metrics
2026-05-20T10:26:12 [INFO] Heartbeat + Metrics
2026-05-20T10:26:21 [INFO] Heartbeat + Metrics
2026-05-20T10:26:29 [INFO] Heartbeat + Metrics
2026-05-20T10:26:37 [INFO] Heartbeat + Metrics
2026-05-20T10:26:46 [INFO] Heartbeat + Metrics
2026-05-20T10:26:54 [INFO] Heartbeat + Metrics
2026-05-20T10:27:03 [INFO] Heartbeat + Metrics
2026-05-20T10:27:11 [INFO] Heartbeat + Metrics
2026-05-20T10:27:20 [INFO] Heartbeat + Metrics
2026-05-20T10:27:28 [INFO] Heartbeat + Metrics
2026-05-20T10:27:37 [INFO] Heartbeat + Metrics
2026-05-20T10:27:46 [INFO] Heartbeat + Metrics
2026-05-20T10:27:54 [INFO] Heartbeat + Metrics
2026-05-20T10:28:03 [INFO] Heartbeat + Metrics
2026-05-20T10:28:03 [WARN] Failsafe triggered: CPU too high
2026-05-20T10:28:11 [INFO] Heartbeat + Metrics
2026-05-20T10:28:11 [WARN] Failsafe triggered: CPU too high
2026-05-20T10:28:20 [INFO] Heartbeat + Metrics
2026-05-20T10:28:28 [INFO] Heartbeat + Metrics
2026-05-20T10:28:37 [INFO] Heartbeat + Metrics
2026-05-20T10:28:37 [WARN] Failsafe triggered: CPU too high
2026-05-20T10:28:45 [INFO] Heartbeat + Metrics
2026-05-20T10:28:54 [INFO] Heartbeat + Metrics
2026-05-20T10:29:02 [INFO] Heartbeat + Metrics
2026-05-20T10:29:11 [INFO] Heartbeat + Metrics
2026-05-20T10:29:20 [INFO] Heartbeat + Metrics
2026-05-20T10:29:28 [INFO] Heartbeat + Metrics
2026-05-20T10:29:28 [WARN] Failsafe triggered: CPU too high
2026-05-20T10:29:37 [INFO] Heartbeat + Metrics
2026-05-20T10:29:37 [WARN] Failsafe triggered: CPU too high
2026-05-20T10:29:46 [INFO] Heartbeat + Metrics
2026-05-20T10:29:46 [WARN] Failsafe triggered: CPU too high
2026-05-20T10:29:55 [INFO] Heartbeat + Metrics
2026-05-20T10:29:55 [WARN] Failsafe triggered: CPU too high
2026-05-20T10:30:03 [INFO] Heartbeat + Metrics
2026-05-20T10:30:12 [INFO] Heartbeat + Metrics
2026-05-20T10:30:20 [INFO] Heartbeat + Metrics
2026-05-20T10:30:29 [INFO] Heartbeat + Metrics
2026-05-20T10:30:37 [INFO] Heartbeat + Metrics
2026-05-20T10:30:38 [WARN] Failsafe triggered: CPU too high
2026-05-20T10:30:46 [INFO] Heartbeat + Metrics
2026-05-20T10:30:55 [INFO] Heartbeat + Metrics
2026-05-20T10:31:03 [INFO] Heartbeat + Metrics
2026-05-20T10:31:03 [WARN] Desired process no longer exists (PID 8652)
2026-05-20T10:31:03 [WARN] Desired process no longer exists (PID 3344)
2026-05-20T10:31:12 [INFO] Heartbeat + Metrics
2026-05-20T10:31:21 [INFO] Heartbeat + Metrics
2026-05-20T10:31:29 [INFO] Heartbeat + Metrics
2026-05-20T10:31:29 [WARN] Desired process no longer exists (PID 8652)
2026-05-20T10:31:29 [WARN] Desired process no longer exists (PID 3344)
2026-05-20T10:31:38 [INFO] Heartbeat + Metrics
2026-05-20T10:31:38 [WARN] Desired process no longer exists (PID 8652)
2026-05-20T10:31:38 [WARN] Desired process no longer exists (PID 3344)
2026-05-20T10:31:47 [INFO] Heartbeat + Metrics
2026-05-20T10:31:55 [INFO] Heartbeat + Metrics
2026-05-20T10:32:03 [INFO] Heartbeat + Metrics
2026-05-20T10:32:03 [WARN] Desired process no longer exists (PID 8652)
2026-05-20T10:32:04 [WARN] Desired process no longer exists (PID 3344)
2026-05-20T10:32:12 [INFO] Heartbeat + Metrics
2026-05-20T10:32:22 [INFO] Heartbeat + Metrics
2026-05-20T10:32:22 [WARN] Failsafe triggered: CPU too high
2026-05-20T10:32:34 [INFO] Heartbeat + Metrics
2026-05-20T10:32:34 [WARN] Failsafe triggered: CPU too high
2026-05-20T10:32:43 [INFO] Heartbeat + Metrics
2026-05-20T10:32:43 [WARN] Failsafe triggered: CPU too high
2026-05-20T10:32:52 [INFO] Heartbeat + Metrics
2026-05-20T10:32:52 [WARN] Failsafe triggered: CPU too high
2026-05-20T10:33:01 [INFO] Heartbeat + Metrics
2026-05-20T10:33:01 [WARN] Failsafe triggered: CPU too high
2026-05-20T10:33:09 [INFO] Heartbeat + Metrics
2026-05-20T10:33:09 [WARN] Desired process no longer exists (PID 6640)
2026-05-20T10:33:09 [WARN] Desired process no longer exists (PID 3344)
2026-05-20T10:33:18 [INFO] Heartbeat + Metrics
2026-05-20T10:33:27 [INFO] Heartbeat + Metrics
2026-05-20T10:33:35 [INFO] Heartbeat + Metrics
2026-05-20T10:33:44 [INFO] Heartbeat + Metrics
2026-05-20T10:33:52 [INFO] Heartbeat + Metrics
2026-05-20T10:34:01 [INFO] Heartbeat + Metrics
2026-05-20T10:34:09 [INFO] Heartbeat + Metrics
2026-05-20T10:34:17 [INFO] Heartbeat + Metrics
2026-05-20T10:34:26 [INFO] Heartbeat + Metrics
2026-05-20T10:34:35 [INFO] Heartbeat + Metrics
2026-05-20T10:34:43 [INFO] Heartbeat + Metrics
2026-05-20T10:34:52 [INFO] Heartbeat + Metrics
2026-05-20T10:35:00 [INFO] Heartbeat + Metrics
2026-05-20T10:35:09 [INFO] Heartbeat + Metrics
2026-05-20T10:35:17 [INFO] Heartbeat + Metrics
2026-05-20T10:35:26 [INFO] Heartbeat + Metrics
2026-05-20T10:35:34 [INFO] Heartbeat + Metrics
2026-05-20T10:35:43 [INFO] Heartbeat + Metrics
2026-05-20T10:35:51 [INFO] Heartbeat + Metrics
2026-05-20T10:36:00 [INFO] Heartbeat + Metrics
2026-05-20T10:36:08 [INFO] Heartbeat + Metrics
2026-05-20T10:36:17 [INFO] Heartbeat + Metrics
2026-05-20T10:36:25 [INFO] Heartbeat + Metrics
2026-05-20T10:36:34 [INFO] Heartbeat + Metrics
2026-05-20T10:36:42 [INFO] Heartbeat + Metrics
2026-05-20T10:36:51 [INFO] Heartbeat + Metrics
2026-05-20T10:36:59 [INFO] Heartbeat + Metrics
2026-05-20T10:37:07 [INFO] Heartbeat + Metrics
2026-05-20T10:37:16 [INFO] Heartbeat + Metrics
2026-05-20T10:37:24 [INFO] Heartbeat + Metrics
2026-05-20T10:37:33 [INFO] Heartbeat + Metrics
2026-05-20T10:37:41 [INFO] Heartbeat + Metrics
2026-05-20T10:37:50 [INFO] Heartbeat + Metrics
2026-05-20T10:37:58 [INFO] Heartbeat + Metrics
2026-05-20T10:38:06 [INFO] Heartbeat + Metrics
2026-05-20T10:38:15 [INFO] Heartbeat + Metrics
2026-05-20T10:38:23 [INFO] Heartbeat + Metrics
2026-05-20T10:38:32 [INFO] Heartbeat + Metrics
2026-05-20T10:38:40 [INFO] Heartbeat + Metrics
2026-05-20T10:38:48 [INFO] Heartbeat + Metrics
2026-05-20T10:38:57 [INFO] Heartbeat + Metrics
2026-05-20T10:39:05 [INFO] Heartbeat + Metrics
2026-05-20T10:39:14 [INFO] Heartbeat + Metrics
2026-05-20T10:39:22 [INFO] Heartbeat + Metrics
2026-05-20T10:39:31 [INFO] Heartbeat + Metrics
2026-05-20T10:39:39 [INFO] Heartbeat + Metrics
2026-05-20T10:39:48 [INFO] Heartbeat + Metrics
2026-05-20T10:39:56 [INFO] Heartbeat + Metrics
2026-05-20T10:40:05 [INFO] Heartbeat + Metrics
2026-05-20T10:40:13 [INFO] Heartbeat + Metrics
2026-05-20T10:40:21 [INFO] Heartbeat + Metrics
2026-05-20T10:40:30 [INFO] Heartbeat + Metrics
2026-05-20T10:40:38 [INFO] Heartbeat + Metrics
2026-05-20T10:40:47 [INFO] Heartbeat + Metrics
2026-05-20T10:40:55 [INFO] Heartbeat + Metrics
2026-05-20T10:41:04 [INFO] Heartbeat + Metrics
2026-05-20T10:41:12 [INFO] Heartbeat + Metrics
2026-05-20T10:41:21 [INFO] Heartbeat + Metrics
2026-05-20T10:41:29 [INFO] Heartbeat + Metrics
2026-05-20T10:41:38 [INFO] Heartbeat + Metrics
2026-05-20T10:41:46 [INFO] Heartbeat + Metrics
2026-05-20T10:41:55 [INFO] Heartbeat + Metrics
2026-05-20T10:42:03 [INFO] Heartbeat + Metrics
2026-05-20T10:42:12 [INFO] Heartbeat + Metrics
2026-05-20T10:42:20 [INFO] Heartbeat + Metrics
2026-05-20T10:42:28 [INFO] Heartbeat + Metrics
2026-05-20T10:42:37 [INFO] Heartbeat + Metrics
2026-05-20T10:42:45 [INFO] Heartbeat + Metrics
2026-05-20T10:42:54 [INFO] Heartbeat + Metrics
2026-05-20T10:43:02 [INFO] Heartbeat + Metrics
2026-05-20T10:43:10 [INFO] Heartbeat + Metrics
2026-05-20T10:43:19 [INFO] Heartbeat + Metrics
2026-05-20T10:43:27 [INFO] Heartbeat + Metrics
2026-05-20T10:43:36 [INFO] Heartbeat + Metrics
2026-05-20T10:43:44 [INFO] Heartbeat + Metrics
2026-05-20T10:43:53 [INFO] Heartbeat + Metrics
2026-05-20T10:44:01 [INFO] Heartbeat + Metrics
2026-05-20T10:44:09 [INFO] Heartbeat + Metrics
2026-05-20T10:44:18 [INFO] Heartbeat + Metrics
2026-05-20T10:44:26 [INFO] Heartbeat + Metrics
2026-05-20T10:44:35 [INFO] Heartbeat + Metrics
2026-05-20T10:44:43 [INFO] Heartbeat + Metrics
2026-05-20T10:44:52 [INFO] Heartbeat + Metrics
2026-05-20T10:45:00 [INFO] Heartbeat + Metrics
2026-05-20T10:45:09 [INFO] Heartbeat + Metrics
2026-05-20T10:45:17 [INFO] Heartbeat + Metrics
2026-05-20T10:45:25 [INFO] Heartbeat + Metrics
2026-05-20T10:45:34 [INFO] Heartbeat + Metrics
2026-05-20T10:45:42 [INFO] Heartbeat + Metrics
2026-05-20T10:45:51 [INFO] Heartbeat + Metrics
2026-05-20T10:45:59 [INFO] Heartbeat + Metrics
2026-05-20T10:46:08 [INFO] Heartbeat + Metrics
2026-05-20T10:46:16 [INFO] Heartbeat + Metrics
2026-05-20T10:46:25 [INFO] Heartbeat + Metrics
2026-05-20T10:46:33 [INFO] Heartbeat + Metrics
2026-05-20T10:46:41 [INFO] Heartbeat + Metrics
2026-05-20T10:46:50 [INFO] Heartbeat + Metrics
2026-05-20T10:46:58 [INFO] Heartbeat + Metrics
2026-05-20T10:47:06 [INFO] Heartbeat + Metrics
2026-05-20T10:47:15 [INFO] Heartbeat + Metrics
2026-05-20T10:47:25 [INFO] Heartbeat + Metrics
2026-05-20T10:47:25 [WARN] Failsafe triggered: CPU too high
2026-05-20T10:47:34 [INFO] Heartbeat + Metrics
2026-05-20T10:47:34 [WARN] Failsafe triggered: CPU too high
2026-05-20T10:47:42 [INFO] Heartbeat + Metrics
2026-05-20T10:47:51 [INFO] Heartbeat + Metrics
2026-05-20T10:47:59 [INFO] Heartbeat + Metrics
2026-05-20T10:48:08 [INFO] Heartbeat + Metrics
2026-05-20T10:48:16 [INFO] Heartbeat + Metrics
2026-05-20T10:48:24 [INFO] Heartbeat + Metrics
2026-05-20T10:48:33 [INFO] Heartbeat + Metrics
2026-05-20T10:48:42 [INFO] Heartbeat + Metrics
2026-05-20T10:48:50 [INFO] Heartbeat + Metrics
2026-05-20T10:48:59 [INFO] Heartbeat + Metrics
2026-05-20T10:49:07 [INFO] Heartbeat + Metrics
2026-05-20T10:49:16 [INFO] Heartbeat + Metrics
2026-05-20T10:49:24 [INFO] Heartbeat + Metrics
2026-05-20T10:49:33 [INFO] Heartbeat + Metrics
2026-05-20T10:49:41 [INFO] Heartbeat + Metrics
2026-05-20T10:49:50 [INFO] Heartbeat + Metrics
2026-05-20T10:49:58 [INFO] Heartbeat + Metrics
2026-05-20T10:50:07 [INFO] Heartbeat + Metrics
2026-05-20T10:50:15 [INFO] Heartbeat + Metrics
2026-05-20T10:50:24 [INFO] Heartbeat + Metrics
2026-05-20T10:50:32 [INFO] Heartbeat + Metrics
2026-05-20T10:50:41 [INFO] Heartbeat + Metrics
2026-05-20T10:50:49 [INFO] Heartbeat + Metrics
2026-05-20T10:50:58 [INFO] Heartbeat + Metrics
2026-05-20T10:51:06 [INFO] Heartbeat + Metrics
2026-05-20T10:51:15 [INFO] Heartbeat + Metrics
2026-05-20T10:51:23 [INFO] Heartbeat + Metrics
2026-05-20T10:51:32 [INFO] Heartbeat + Metrics
2026-05-20T10:51:40 [INFO] Heartbeat + Metrics
2026-05-20T10:51:49 [INFO] Heartbeat + Metrics
2026-05-20T10:51:58 [INFO] Heartbeat + Metrics
2026-05-20T10:52:06 [INFO] Heartbeat + Metrics
2026-05-20T10:52:15 [INFO] Heartbeat + Metrics
2026-05-20T10:52:23 [INFO] Heartbeat + Metrics
2026-05-20T10:52:32 [INFO] Heartbeat + Metrics
2026-05-20T10:52:40 [INFO] Heartbeat + Metrics
2026-05-20T10:52:49 [INFO] Heartbeat + Metrics
2026-05-20T10:52:57 [INFO] Heartbeat + Metrics
2026-05-20T10:53:06 [INFO] Heartbeat + Metrics
2026-05-20T10:53:14 [INFO] Heartbeat + Metrics
2026-05-20T10:53:23 [INFO] Heartbeat + Metrics
2026-05-20T10:53:31 [INFO] Heartbeat + Metrics
2026-05-20T10:53:40 [INFO] Heartbeat + Metrics
2026-05-20T10:53:48 [INFO] Heartbeat + Metrics
2026-05-20T10:53:56 [INFO] Heartbeat + Metrics
2026-05-20T10:54:05 [INFO] Heartbeat + Metrics
2026-05-20T10:54:14 [INFO] Heartbeat + Metrics
2026-05-20T10:54:22 [INFO] Heartbeat + Metrics
2026-05-20T10:54:31 [INFO] Heartbeat + Metrics
2026-05-20T10:54:39 [INFO] Heartbeat + Metrics
2026-05-20T10:54:48 [INFO] Heartbeat + Metrics
2026-05-20T10:54:56 [INFO] Heartbeat + Metrics
2026-05-20T10:55:04 [INFO] Heartbeat + Metrics
2026-05-20T10:55:13 [INFO] Heartbeat + Metrics
2026-05-20T10:55:21 [INFO] Heartbeat + Metrics
2026-05-20T10:55:30 [INFO] Heartbeat + Metrics
2026-05-20T10:55:38 [INFO] Heartbeat + Metrics
2026-05-20T10:55:46 [INFO] Heartbeat + Metrics
2026-05-20T10:55:55 [INFO] Heartbeat + Metrics
2026-05-20T10:56:03 [INFO] Heartbeat + Metrics
2026-05-20T10:56:12 [INFO] Heartbeat + Metrics
2026-05-20T10:56:21 [INFO] Heartbeat + Metrics
2026-05-20T10:56:29 [INFO] Heartbeat + Metrics
2026-05-20T10:56:38 [INFO] Heartbeat + Metrics
2026-05-20T10:56:46 [INFO] Heartbeat + Metrics
2026-05-20T10:56:55 [INFO] Heartbeat + Metrics
2026-05-20T10:57:03 [INFO] Heartbeat + Metrics
2026-05-20T10:57:12 [INFO] Heartbeat + Metrics
2026-05-20T10:57:20 [INFO] Heartbeat + Metrics
2026-05-20T10:57:29 [INFO] Heartbeat + Metrics
2026-05-20T10:57:37 [INFO] Heartbeat + Metrics
2026-05-20T10:57:46 [INFO] Heartbeat + Metrics
2026-05-20T10:57:54 [INFO] Heartbeat + Metrics
2026-05-20T10:58:03 [INFO] Heartbeat + Metrics
2026-05-20T10:58:11 [INFO] Heartbeat + Metrics
2026-05-20T10:58:20 [INFO] Heartbeat + Metrics
2026-05-20T10:58:28 [INFO] Heartbeat + Metrics
2026-05-20T10:58:37 [INFO] Heartbeat + Metrics
2026-05-20T10:58:45 [INFO] Heartbeat + Metrics
2026-05-20T10:58:54 [INFO] Heartbeat + Metrics
2026-05-20T10:59:02 [INFO] Heartbeat + Metrics
2026-05-20T10:59:11 [INFO] Heartbeat + Metrics
2026-05-20T10:59:19 [INFO] Heartbeat + Metrics
2026-05-20T10:59:28 [INFO] Heartbeat + Metrics
2026-05-20T10:59:36 [INFO] Heartbeat + Metrics
2026-05-20T10:59:45 [INFO] Heartbeat + Metrics
2026-05-20T10:59:53 [INFO] Heartbeat + Metrics
2026-05-20T11:00:02 [INFO] Heartbeat + Metrics
2026-05-20T11:00:10 [INFO] Heartbeat + Metrics
2026-05-20T11:00:19 [INFO] Heartbeat + Metrics
2026-05-20T11:00:27 [INFO] Heartbeat + Metrics
2026-05-20T11:00:36 [INFO] Heartbeat + Metrics
2026-05-20T11:00:44 [INFO] Heartbeat + Metrics
2026-05-20T11:00:53 [INFO] Heartbeat + Metrics
2026-05-20T11:01:01 [INFO] Heartbeat + Metrics
2026-05-20T11:01:10 [INFO] Heartbeat + Metrics
2026-05-20T11:01:18 [INFO] Heartbeat + Metrics
2026-05-20T11:01:27 [INFO] Heartbeat + Metrics
2026-05-20T11:01:35 [INFO] Heartbeat + Metrics
2026-05-20T11:01:44 [INFO] Heartbeat + Metrics
2026-05-20T11:01:52 [INFO] Heartbeat + Metrics
2026-05-20T11:02:01 [INFO] Heartbeat + Metrics
2026-05-20T11:02:09 [INFO] Heartbeat + Metrics
2026-05-20T11:02:18 [INFO] Heartbeat + Metrics
2026-05-20T11:02:26 [INFO] Heartbeat + Metrics
2026-05-20T11:02:35 [INFO] Heartbeat + Metrics
2026-05-20T11:02:43 [INFO] Heartbeat + Metrics
2026-05-20T11:02:52 [INFO] Heartbeat + Metrics
2026-05-20T11:03:00 [INFO] Heartbeat + Metrics
2026-05-20T11:03:09 [INFO] Heartbeat + Metrics
2026-05-20T11:03:18 [INFO] Heartbeat + Metrics
2026-05-20T11:03:26 [INFO] Heartbeat + Metrics
2026-05-20T11:03:35 [INFO] Heartbeat + Metrics
2026-05-20T11:03:43 [INFO] Heartbeat + Metrics
2026-05-20T11:03:52 [INFO] Heartbeat + Metrics
2026-05-20T11:04:00 [INFO] Heartbeat + Metrics
2026-05-20T11:04:09 [INFO] Heartbeat + Metrics
2026-05-20T11:04:17 [INFO] Heartbeat + Metrics
2026-05-20T11:04:26 [INFO] Heartbeat + Metrics
2026-05-20T11:04:34 [INFO] Heartbeat + Metrics
2026-05-20T11:04:43 [INFO] Heartbeat + Metrics
2026-05-20T11:04:51 [INFO] Heartbeat + Metrics
2026-05-20T11:05:00 [INFO] Heartbeat + Metrics
2026-05-20T11:05:08 [INFO] Heartbeat + Metrics
2026-05-20T11:05:17 [INFO] Heartbeat + Metrics
2026-05-20T11:05:25 [INFO] Heartbeat + Metrics
2026-05-20T11:05:34 [INFO] Heartbeat + Metrics
2026-05-20T11:05:42 [INFO] Heartbeat + Metrics
2026-05-20T11:05:51 [INFO] Heartbeat + Metrics
2026-05-20T11:05:59 [INFO] Heartbeat + Metrics
2026-05-20T11:06:08 [INFO] Heartbeat + Metrics
2026-05-20T11:06:16 [INFO] Heartbeat + Metrics
2026-05-20T11:06:24 [INFO] Heartbeat + Metrics
2026-05-20T11:06:33 [INFO] Heartbeat + Metrics
2026-05-20T11:06:41 [INFO] Heartbeat + Metrics
2026-05-20T11:06:50 [INFO] Heartbeat + Metrics
2026-05-20T11:06:59 [INFO] Heartbeat + Metrics
2026-05-20T11:07:07 [INFO] Heartbeat + Metrics
2026-05-20T11:07:16 [INFO] Heartbeat + Metrics
2026-05-20T11:07:24 [INFO] Heartbeat + Metrics
2026-05-20T11:07:33 [INFO] Heartbeat + Metrics
2026-05-20T11:07:41 [INFO] Heartbeat + Metrics
2026-05-20T11:07:50 [INFO] Heartbeat + Metrics
2026-05-20T11:07:58 [INFO] Heartbeat + Metrics
2026-05-20T11:08:07 [INFO] Heartbeat + Metrics
2026-05-20T11:08:15 [INFO] Heartbeat + Metrics
2026-05-20T11:08:24 [INFO] Heartbeat + Metrics
2026-05-20T11:08:32 [INFO] Heartbeat + Metrics
2026-05-20T11:08:41 [INFO] Heartbeat + Metrics
2026-05-20T11:08:49 [INFO] Heartbeat + Metrics
2026-05-20T11:08:58 [INFO] Heartbeat + Metrics
2026-05-20T11:09:06 [INFO] Heartbeat + Metrics
2026-05-20T11:09:15 [INFO] Heartbeat + Metrics
2026-05-20T11:09:23 [INFO] Heartbeat + Metrics
2026-05-20T11:09:32 [INFO] Heartbeat + Metrics
2026-05-20T11:09:40 [INFO] Heartbeat + Metrics
2026-05-20T11:09:49 [INFO] Heartbeat + Metrics
2026-05-20T11:09:57 [INFO] Heartbeat + Metrics
2026-05-20T11:10:06 [INFO] Heartbeat + Metrics
2026-05-20T11:10:15 [INFO] Heartbeat + Metrics
2026-05-20T11:10:23 [INFO] Heartbeat + Metrics
2026-05-20T11:10:32 [INFO] Heartbeat + Metrics
2026-05-20T11:10:40 [INFO] Heartbeat + Metrics
2026-05-20T11:10:49 [INFO] Heartbeat + Metrics
2026-05-20T11:10:57 [INFO] Heartbeat + Metrics
2026-05-20T11:11:06 [INFO] Heartbeat + Metrics
2026-05-20T11:11:14 [INFO] Heartbeat + Metrics
2026-05-20T11:11:23 [INFO] Heartbeat + Metrics
2026-05-20T11:11:31 [INFO] Heartbeat + Metrics
2026-05-20T11:11:40 [INFO] Heartbeat + Metrics
2026-05-20T11:11:48 [INFO] Heartbeat + Metrics
2026-05-20T11:11:57 [INFO] Heartbeat + Metrics
2026-05-20T11:12:05 [INFO] Heartbeat + Metrics
2026-05-20T11:12:14 [INFO] Heartbeat + Metrics
2026-05-20T11:12:22 [INFO] Heartbeat + Metrics
2026-05-20T11:12:31 [INFO] Heartbeat + Metrics
2026-05-20T11:12:39 [INFO] Heartbeat + Metrics
2026-05-20T11:12:48 [INFO] Heartbeat + Metrics
2026-05-20T11:12:56 [INFO] Heartbeat + Metrics
2026-05-20T11:13:05 [INFO] Heartbeat + Metrics
2026-05-20T11:13:13 [INFO] Heartbeat + Metrics
2026-05-20T11:13:22 [INFO] Heartbeat + Metrics
2026-05-20T11:13:30 [INFO] Heartbeat + Metrics
2026-05-20T11:13:39 [INFO] Heartbeat + Metrics
2026-05-20T11:13:47 [INFO] Heartbeat + Metrics
2026-05-20T11:13:55 [INFO] Heartbeat + Metrics
2026-05-20T11:14:04 [INFO] Heartbeat + Metrics
2026-05-20T11:14:12 [INFO] Heartbeat + Metrics
2026-05-20T11:14:21 [INFO] Heartbeat + Metrics
2026-05-20T11:14:30 [INFO] Heartbeat + Metrics
2026-05-20T11:14:38 [INFO] Heartbeat + Metrics
2026-05-20T11:14:47 [INFO] Heartbeat + Metrics
2026-05-20T11:14:55 [INFO] Heartbeat + Metrics
2026-05-20T11:15:03 [INFO] Heartbeat + Metrics
2026-05-20T11:15:12 [INFO] Heartbeat + Metrics
2026-05-20T11:15:20 [INFO] Heartbeat + Metrics
2026-05-20T11:15:29 [INFO] Heartbeat + Metrics
2026-05-20T11:15:37 [INFO] Heartbeat + Metrics
2026-05-20T11:15:46 [INFO] Heartbeat + Metrics
2026-05-20T11:15:54 [INFO] Heartbeat + Metrics
2026-05-20T11:16:03 [INFO] Heartbeat + Metrics
2026-05-20T11:16:11 [INFO] Heartbeat + Metrics
2026-05-20T11:16:20 [INFO] Heartbeat + Metrics
2026-05-20T11:16:28 [INFO] Heartbeat + Metrics
2026-05-20T11:16:37 [INFO] Heartbeat + Metrics
2026-05-20T11:16:45 [INFO] Heartbeat + Metrics
2026-05-20T11:16:54 [INFO] Heartbeat + Metrics
2026-05-20T11:17:02 [INFO] Heartbeat + Metrics
2026-05-20T11:17:11 [INFO] Heartbeat + Metrics
2026-05-20T11:17:19 [INFO] Heartbeat + Metrics
2026-05-20T11:17:28 [INFO] Heartbeat + Metrics
2026-05-20T11:17:36 [INFO] Heartbeat + Metrics
2026-05-20T11:17:45 [INFO] Heartbeat + Metrics
2026-05-20T11:17:53 [INFO] Heartbeat + Metrics
2026-05-20T11:18:02 [INFO] Heartbeat + Metrics
2026-05-20T11:18:10 [INFO] Heartbeat + Metrics
2026-05-20T11:18:19 [INFO] Heartbeat + Metrics
2026-05-20T11:18:27 [INFO] Heartbeat + Metrics
2026-05-20T11:18:36 [INFO] Heartbeat + Metrics
2026-05-20T11:18:44 [INFO] Heartbeat + Metrics
2026-05-20T11:18:53 [INFO] Heartbeat + Metrics
2026-05-20T11:19:01 [INFO] Heartbeat + Metrics
2026-05-20T11:19:09 [INFO] Heartbeat + Metrics
2026-05-20T11:19:18 [INFO] Heartbeat + Metrics
2026-05-20T11:19:27 [INFO] Heartbeat + Metrics
2026-05-20T11:19:35 [INFO] Heartbeat + Metrics
2026-05-20T11:19:44 [INFO] Heartbeat + Metrics
2026-05-20T11:19:52 [INFO] Heartbeat + Metrics
2026-05-20T11:20:01 [INFO] Heartbeat + Metrics
2026-05-20T11:20:09 [INFO] Heartbeat + Metrics
2026-05-20T11:20:18 [INFO] Heartbeat + Metrics
2026-05-20T11:20:26 [INFO] Heartbeat + Metrics
2026-05-20T11:20:35 [INFO] Heartbeat + Metrics
2026-05-20T11:20:43 [INFO] Heartbeat + Metrics
2026-05-20T11:20:52 [INFO] Heartbeat + Metrics
2026-05-20T11:21:00 [INFO] Heartbeat + Metrics
2026-05-20T11:21:09 [INFO] Heartbeat + Metrics
2026-05-20T11:21:17 [INFO] Heartbeat + Metrics
2026-05-20T11:21:26 [INFO] Heartbeat + Metrics
2026-05-20T11:21:34 [INFO] Heartbeat + Metrics
2026-05-20T11:21:43 [INFO] Heartbeat + Metrics
2026-05-20T11:21:51 [INFO] Heartbeat + Metrics
2026-05-20T11:22:00 [INFO] Heartbeat + Metrics
2026-05-20T11:22:08 [INFO] Heartbeat + Metrics
2026-05-20T11:22:17 [INFO] Heartbeat + Metrics
2026-05-20T11:22:25 [INFO] Heartbeat + Metrics
2026-05-20T11:22:34 [INFO] Heartbeat + Metrics
2026-05-20T11:22:42 [INFO] Heartbeat + Metrics
2026-05-20T11:22:51 [INFO] Heartbeat + Metrics
2026-05-20T11:22:59 [INFO] Heartbeat + Metrics
2026-05-20T11:23:08 [INFO] Heartbeat + Metrics
2026-05-20T11:23:16 [INFO] Heartbeat + Metrics
2026-05-20T11:23:25 [INFO] Heartbeat + Metrics
2026-05-20T11:23:33 [INFO] Heartbeat + Metrics
2026-05-20T11:23:42 [INFO] Heartbeat + Metrics
2026-05-20T11:23:51 [INFO] Heartbeat + Metrics
2026-05-20T11:23:59 [INFO] Heartbeat + Metrics
2026-05-20T11:24:08 [INFO] Heartbeat + Metrics
2026-05-20T11:24:16 [INFO] Heartbeat + Metrics
2026-05-20T11:24:25 [INFO] Heartbeat + Metrics
2026-05-20T11:24:33 [INFO] Heartbeat + Metrics
2026-05-20T11:24:42 [INFO] Heartbeat + Metrics
2026-05-20T11:24:50 [INFO] Heartbeat + Metrics
2026-05-20T11:24:59 [INFO] Heartbeat + Metrics
2026-05-20T11:25:07 [INFO] Heartbeat + Metrics
2026-05-20T11:25:16 [INFO] Heartbeat + Metrics
2026-05-20T11:25:24 [INFO] Heartbeat + Metrics
2026-05-20T11:25:33 [INFO] Heartbeat + Metrics
2026-05-20T11:25:41 [INFO] Heartbeat + Metrics
2026-05-20T11:25:50 [INFO] Heartbeat + Metrics
2026-05-20T11:25:58 [INFO] Heartbeat + Metrics
2026-05-20T11:26:07 [INFO] Heartbeat + Metrics
2026-05-20T11:26:15 [INFO] Heartbeat + Metrics
2026-05-20T11:26:24 [INFO] Heartbeat + Metrics
2026-05-20T11:26:32 [INFO] Heartbeat + Metrics
2026-05-20T11:26:41 [INFO] Heartbeat + Metrics
2026-05-20T11:26:49 [INFO] Heartbeat + Metrics
2026-05-20T11:26:57 [INFO] Heartbeat + Metrics
2026-05-20T11:27:06 [INFO] Heartbeat + Metrics
2026-05-20T11:27:14 [INFO] Heartbeat + Metrics
2026-05-20T11:27:23 [INFO] Heartbeat + Metrics
2026-05-20T11:27:31 [INFO] Heartbeat + Metrics
2026-05-20T11:27:40 [INFO] Heartbeat + Metrics
2026-05-20T11:27:48 [INFO] Heartbeat + Metrics
2026-05-20T11:27:57 [INFO] Heartbeat + Metrics
2026-05-20T11:28:05 [INFO] Heartbeat + Metrics
2026-05-20T11:28:14 [INFO] Heartbeat + Metrics
2026-05-20T11:28:22 [INFO] Heartbeat + Metrics
2026-05-20T11:28:30 [INFO] Heartbeat + Metrics
2026-05-20T11:28:39 [INFO] Heartbeat + Metrics
2026-05-20T11:28:47 [INFO] Heartbeat + Metrics
2026-05-20T11:28:56 [INFO] Heartbeat + Metrics
2026-05-20T11:29:04 [INFO] Heartbeat + Metrics
2026-05-20T11:29:13 [INFO] Heartbeat + Metrics
2026-05-20T11:29:22 [INFO] Heartbeat + Metrics
2026-05-20T11:29:30 [INFO] Heartbeat + Metrics
2026-05-20T11:29:39 [INFO] Heartbeat + Metrics
2026-05-20T11:29:47 [INFO] Heartbeat + Metrics
2026-05-20T11:29:56 [INFO] Heartbeat + Metrics
2026-05-20T11:30:04 [INFO] Heartbeat + Metrics
2026-05-20T11:30:13 [INFO] Heartbeat + Metrics
2026-05-20T11:30:21 [INFO] Heartbeat + Metrics
2026-05-20T11:30:30 [INFO] Heartbeat + Metrics
2026-05-20T11:30:38 [INFO] Heartbeat + Metrics
2026-05-20T11:30:47 [INFO] Heartbeat + Metrics
2026-05-20T11:30:55 [INFO] Heartbeat + Metrics
2026-05-20T11:31:04 [INFO] Heartbeat + Metrics
2026-05-20T11:31:12 [INFO] Heartbeat + Metrics
2026-05-20T11:31:21 [INFO] Heartbeat + Metrics
2026-05-20T11:31:29 [INFO] Heartbeat + Metrics
2026-05-20T11:31:38 [INFO] Heartbeat + Metrics
2026-05-20T11:31:46 [INFO] Heartbeat + Metrics
2026-05-20T11:31:55 [INFO] Heartbeat + Metrics
2026-05-20T11:32:03 [INFO] Heartbeat + Metrics
2026-05-20T11:32:12 [INFO] Heartbeat + Metrics
2026-05-20T11:32:20 [INFO] Heartbeat + Metrics
2026-05-20T11:32:29 [INFO] Heartbeat + Metrics
2026-05-20T11:32:37 [INFO] Heartbeat + Metrics
2026-05-20T11:32:46 [INFO] Heartbeat + Metrics
2026-05-20T11:32:54 [INFO] Heartbeat + Metrics
2026-05-20T11:33:03 [INFO] Heartbeat + Metrics
2026-05-20T11:33:11 [INFO] Heartbeat + Metrics
2026-05-20T11:33:20 [INFO] Heartbeat + Metrics
2026-05-20T11:33:28 [INFO] Heartbeat + Metrics
2026-05-20T11:33:37 [INFO] Heartbeat + Metrics
2026-05-20T11:33:45 [INFO] Heartbeat + Metrics
2026-05-20T11:33:54 [INFO] Heartbeat + Metrics
2026-05-20T11:34:02 [INFO] Heartbeat + Metrics
2026-05-20T11:34:11 [INFO] Heartbeat + Metrics
2026-05-20T11:34:19 [INFO] Heartbeat + Metrics
2026-05-20T11:34:28 [INFO] Heartbeat + Metrics
2026-05-20T11:34:36 [INFO] Heartbeat + Metrics
2026-05-20T11:34:45 [INFO] Heartbeat + Metrics
2026-05-20T11:34:53 [INFO] Heartbeat + Metrics
2026-05-20T11:35:02 [INFO] Heartbeat + Metrics
2026-05-20T11:35:10 [INFO] Heartbeat + Metrics
2026-05-20T11:35:19 [INFO] Heartbeat + Metrics
2026-05-20T11:35:27 [INFO] Heartbeat + Metrics
2026-05-20T11:35:36 [INFO] Heartbeat + Metrics
2026-05-20T11:35:44 [INFO] Heartbeat + Metrics
2026-05-20T11:35:53 [INFO] Heartbeat + Metrics
2026-05-20T11:36:01 [INFO] Heartbeat + Metrics
2026-05-20T11:36:10 [INFO] Heartbeat + Metrics
2026-05-20T11:36:18 [INFO] Heartbeat + Metrics
2026-05-20T11:36:27 [INFO] Heartbeat + Metrics
2026-05-20T11:36:35 [INFO] Heartbeat + Metrics
2026-05-20T11:36:44 [INFO] Heartbeat + Metrics
2026-05-20T11:36:52 [INFO] Heartbeat + Metrics
2026-05-20T11:37:01 [INFO] Heartbeat + Metrics
2026-05-20T11:37:09 [INFO] Heartbeat + Metrics
2026-05-20T11:37:18 [INFO] Heartbeat + Metrics
2026-05-20T11:37:27 [INFO] Heartbeat + Metrics
2026-05-20T11:37:35 [INFO] Heartbeat + Metrics
2026-05-20T11:37:44 [INFO] Heartbeat + Metrics
2026-05-20T11:37:52 [INFO] Heartbeat + Metrics
2026-05-20T11:38:00 [INFO] Heartbeat + Metrics
2026-05-20T11:38:09 [INFO] Heartbeat + Metrics
2026-05-20T11:38:18 [INFO] Heartbeat + Metrics
2026-05-20T11:38:26 [INFO] Heartbeat + Metrics
2026-05-20T11:38:35 [INFO] Heartbeat + Metrics
2026-05-20T11:38:43 [INFO] Heartbeat + Metrics
2026-05-20T11:38:51 [INFO] Heartbeat + Metrics
2026-05-20T11:39:00 [INFO] Heartbeat + Metrics
2026-05-20T11:39:08 [INFO] Heartbeat + Metrics
2026-05-20T11:39:17 [INFO] Heartbeat + Metrics
2026-05-20T11:39:25 [INFO] Heartbeat + Metrics
2026-05-20T11:39:34 [INFO] Heartbeat + Metrics
2026-05-20T11:39:42 [INFO] Heartbeat + Metrics
2026-05-20T11:39:51 [INFO] Heartbeat + Metrics
2026-05-20T11:40:00 [INFO] Heartbeat + Metrics
2026-05-20T11:40:08 [INFO] Heartbeat + Metrics
2026-05-20T11:40:16 [INFO] Heartbeat + Metrics
2026-05-20T11:40:25 [INFO] Heartbeat + Metrics
2026-05-20T11:40:33 [INFO] Heartbeat + Metrics
2026-05-20T11:40:42 [INFO] Heartbeat + Metrics
2026-05-20T11:40:51 [INFO] Heartbeat + Metrics
2026-05-20T11:40:59 [INFO] Heartbeat + Metrics
2026-05-20T11:41:08 [INFO] Heartbeat + Metrics
2026-05-20T11:41:16 [INFO] Heartbeat + Metrics
2026-05-20T11:41:25 [INFO] Heartbeat + Metrics
2026-05-20T11:41:33 [INFO] Heartbeat + Metrics
2026-05-20T11:41:42 [INFO] Heartbeat + Metrics
2026-05-20T11:41:50 [INFO] Heartbeat + Metrics
2026-05-20T11:41:59 [INFO] Heartbeat + Metrics
2026-05-20T11:42:07 [INFO] Heartbeat + Metrics
2026-05-20T11:42:16 [INFO] Heartbeat + Metrics
2026-05-20T11:42:24 [INFO] Heartbeat + Metrics
2026-05-20T11:42:33 [INFO] Heartbeat + Metrics
2026-05-20T11:42:41 [INFO] Heartbeat + Metrics
2026-05-20T11:42:50 [INFO] Heartbeat + Metrics
2026-05-20T11:42:58 [INFO] Heartbeat + Metrics
2026-05-20T11:43:07 [INFO] Heartbeat + Metrics
2026-05-20T11:43:15 [INFO] Heartbeat + Metrics
2026-05-20T11:43:24 [INFO] Heartbeat + Metrics
2026-05-20T11:43:32 [INFO] Heartbeat + Metrics
2026-05-20T11:43:41 [INFO] Heartbeat + Metrics
2026-05-20T11:43:50 [INFO] Heartbeat + Metrics
2026-05-20T11:43:58 [INFO] Heartbeat + Metrics
2026-05-20T11:44:07 [INFO] Heartbeat + Metrics
2026-05-20T11:44:15 [INFO] Heartbeat + Metrics
2026-05-20T11:44:24 [INFO] Heartbeat + Metrics
2026-05-20T11:44:32 [INFO] Heartbeat + Metrics
2026-05-20T11:44:41 [INFO] Heartbeat + Metrics
2026-05-20T11:44:49 [INFO] Heartbeat + Metrics
2026-05-20T11:44:58 [INFO] Heartbeat + Metrics
2026-05-20T11:45:06 [INFO] Heartbeat + Metrics
2026-05-20T11:45:15 [INFO] Heartbeat + Metrics
2026-05-20T11:45:23 [INFO] Heartbeat + Metrics
2026-05-20T11:45:32 [INFO] Heartbeat + Metrics
2026-05-20T11:45:40 [INFO] Heartbeat + Metrics
2026-05-20T11:45:49 [INFO] Heartbeat + Metrics
2026-05-20T11:45:57 [INFO] Heartbeat + Metrics
2026-05-20T11:46:06 [INFO] Heartbeat + Metrics
2026-05-20T11:46:15 [INFO] Heartbeat + Metrics
2026-05-20T11:46:23 [INFO] Heartbeat + Metrics
2026-05-20T11:46:31 [INFO] Heartbeat + Metrics
2026-05-20T11:46:40 [INFO] Heartbeat + Metrics
2026-05-20T11:46:48 [INFO] Heartbeat + Metrics
2026-05-20T11:46:56 [INFO] Heartbeat + Metrics
2026-05-20T11:47:05 [INFO] Heartbeat + Metrics
2026-05-20T11:47:13 [INFO] Heartbeat + Metrics
2026-05-20T11:47:22 [INFO] Heartbeat + Metrics
2026-05-20T11:47:30 [INFO] Heartbeat + Metrics
2026-05-20T11:47:38 [INFO] Heartbeat + Metrics
2026-05-20T11:47:47 [INFO] Heartbeat + Metrics
2026-05-20T11:47:55 [INFO] Heartbeat + Metrics
2026-05-20T11:48:04 [INFO] Heartbeat + Metrics
2026-05-20T11:48:12 [INFO] Heartbeat + Metrics
2026-05-20T11:48:20 [INFO] Heartbeat + Metrics
2026-05-20T11:48:29 [INFO] Heartbeat + Metrics
2026-05-20T11:48:37 [INFO] Heartbeat + Metrics
2026-05-20T11:48:46 [INFO] Heartbeat + Metrics
2026-05-20T11:48:54 [INFO] Heartbeat + Metrics
2026-05-20T11:49:03 [INFO] Heartbeat + Metrics
2026-05-20T11:49:11 [INFO] Heartbeat + Metrics
2026-05-20T11:49:19 [INFO] Heartbeat + Metrics
2026-05-20T11:49:28 [INFO] Heartbeat + Metrics
2026-05-20T11:49:36 [INFO] Heartbeat + Metrics
2026-05-20T11:49:45 [INFO] Heartbeat + Metrics
2026-05-20T11:49:53 [INFO] Heartbeat + Metrics
2026-05-20T11:50:01 [INFO] Heartbeat + Metrics
2026-05-20T11:50:10 [INFO] Heartbeat + Metrics
2026-05-20T11:50:18 [INFO] Heartbeat + Metrics
2026-05-20T11:50:27 [INFO] Heartbeat + Metrics
2026-05-20T11:50:35 [INFO] Heartbeat + Metrics
2026-05-20T11:50:43 [INFO] Heartbeat + Metrics
2026-05-20T11:50:52 [INFO] Heartbeat + Metrics
2026-05-20T11:51:00 [INFO] Heartbeat + Metrics
2026-05-20T11:51:09 [INFO] Heartbeat + Metrics
2026-05-20T11:51:17 [INFO] Heartbeat + Metrics
2026-05-20T11:51:25 [INFO] Heartbeat + Metrics
2026-05-20T11:51:34 [INFO] Heartbeat + Metrics
2026-05-20T11:51:42 [INFO] Heartbeat + Metrics
2026-05-20T11:51:51 [INFO] Heartbeat + Metrics
2026-05-20T11:51:59 [INFO] Heartbeat + Metrics
2026-05-20T11:52:07 [INFO] Heartbeat + Metrics
2026-05-20T11:52:16 [INFO] Heartbeat + Metrics
2026-05-20T11:52:24 [INFO] Heartbeat + Metrics
2026-05-20T11:52:32 [INFO] Heartbeat + Metrics
2026-05-20T11:52:41 [INFO] Heartbeat + Metrics
2026-05-20T11:52:49 [INFO] Heartbeat + Metrics
2026-05-20T11:52:58 [INFO] Heartbeat + Metrics
2026-05-20T11:53:06 [INFO] Heartbeat + Metrics
2026-05-20T11:53:14 [INFO] Heartbeat + Metrics
2026-05-20T11:53:23 [INFO] Heartbeat + Metrics
2026-05-20T11:53:31 [INFO] Heartbeat + Metrics
2026-05-20T11:53:40 [INFO] Heartbeat + Metrics
2026-05-20T11:53:48 [INFO] Heartbeat + Metrics
2026-05-20T11:53:57 [INFO] Heartbeat + Metrics
2026-05-20T11:54:05 [INFO] Heartbeat + Metrics
2026-05-20T11:54:13 [INFO] Heartbeat + Metrics
2026-05-20T11:54:22 [INFO] Heartbeat + Metrics
2026-05-20T11:54:30 [INFO] Heartbeat + Metrics
2026-05-20T11:54:38 [INFO] Heartbeat + Metrics
2026-05-20T11:54:47 [INFO] Heartbeat + Metrics
2026-05-20T11:54:55 [INFO] Heartbeat + Metrics
2026-05-20T11:55:04 [INFO] Heartbeat + Metrics
2026-05-20T11:55:12 [INFO] Heartbeat + Metrics
2026-05-20T11:55:20 [INFO] Heartbeat + Metrics
2026-05-20T11:55:29 [INFO] Heartbeat + Metrics
2026-05-20T11:55:37 [INFO] Heartbeat + Metrics
2026-05-20T11:55:46 [INFO] Heartbeat + Metrics
2026-05-20T11:55:54 [INFO] Heartbeat + Metrics
2026-05-20T11:56:03 [INFO] Heartbeat + Metrics
2026-05-20T11:56:11 [INFO] Heartbeat + Metrics
2026-05-20T11:56:20 [INFO] Heartbeat + Metrics
2026-05-20T11:56:28 [INFO] Heartbeat + Metrics
2026-05-20T11:56:37 [INFO] Heartbeat + Metrics
2026-05-20T11:56:45 [INFO] Heartbeat + Metrics
2026-05-20T11:56:53 [INFO] Heartbeat + Metrics
2026-05-20T11:57:02 [INFO] Heartbeat + Metrics
2026-05-20T11:57:10 [INFO] Heartbeat + Metrics
2026-05-20T11:57:19 [INFO] Heartbeat + Metrics
2026-05-20T11:57:27 [INFO] Heartbeat + Metrics
2026-05-20T11:57:36 [INFO] Heartbeat + Metrics
2026-05-20T11:57:44 [INFO] Heartbeat + Metrics
2026-05-20T11:57:53 [INFO] Heartbeat + Metrics
2026-05-20T11:58:01 [INFO] Heartbeat + Metrics
2026-05-20T11:58:10 [INFO] Heartbeat + Metrics
2026-05-20T11:58:18 [INFO] Heartbeat + Metrics
2026-05-20T11:58:26 [INFO] Heartbeat + Metrics
2026-05-20T11:58:35 [INFO] Heartbeat + Metrics
2026-05-20T11:58:43 [INFO] Heartbeat + Metrics
2026-05-20T11:58:52 [INFO] Heartbeat + Metrics
2026-05-20T11:59:00 [INFO] Heartbeat + Metrics
2026-05-20T11:59:08 [INFO] Heartbeat + Metrics
2026-05-20T11:59:17 [INFO] Heartbeat + Metrics
2026-05-20T11:59:25 [INFO] Heartbeat + Metrics
2026-05-20T11:59:34 [INFO] Heartbeat + Metrics
2026-05-20T11:59:42 [INFO] Heartbeat + Metrics
2026-05-20T11:59:51 [INFO] Heartbeat + Metrics
2026-05-20T11:59:59 [INFO] Heartbeat + Metrics
2026-05-20T12:00:07 [INFO] Heartbeat + Metrics
2026-05-20T12:00:16 [INFO] Heartbeat + Metrics
2026-05-20T12:00:24 [INFO] Heartbeat + Metrics
2026-05-20T12:00:33 [INFO] Heartbeat + Metrics
2026-05-20T12:00:41 [INFO] Heartbeat + Metrics
2026-05-20T12:00:49 [INFO] Heartbeat + Metrics
2026-05-20T12:00:58 [INFO] Heartbeat + Metrics
2026-05-20T12:01:06 [INFO] Heartbeat + Metrics
2026-05-20T12:01:15 [INFO] Heartbeat + Metrics
2026-05-20T12:01:23 [INFO] Heartbeat + Metrics
2026-05-20T12:01:32 [INFO] Heartbeat + Metrics
2026-05-20T12:01:40 [INFO] Heartbeat + Metrics
2026-05-20T12:01:48 [INFO] Heartbeat + Metrics
2026-05-20T12:01:57 [INFO] Heartbeat + Metrics
2026-05-20T12:02:05 [INFO] Heartbeat + Metrics
2026-05-20T12:02:14 [INFO] Heartbeat + Metrics
2026-05-20T12:02:22 [INFO] Heartbeat + Metrics
2026-05-20T12:02:31 [INFO] Heartbeat + Metrics
2026-05-20T12:02:39 [INFO] Heartbeat + Metrics
2026-05-20T12:02:48 [INFO] Heartbeat + Metrics
2026-05-20T12:02:56 [INFO] Heartbeat + Metrics
2026-05-20T12:03:05 [INFO] Heartbeat + Metrics
2026-05-20T12:03:13 [INFO] Heartbeat + Metrics
2026-05-20T12:03:22 [INFO] Heartbeat + Metrics
2026-05-20T12:03:30 [INFO] Heartbeat + Metrics
2026-05-20T12:03:39 [INFO] Heartbeat + Metrics
2026-05-20T12:03:47 [INFO] Heartbeat + Metrics
2026-05-20T12:03:56 [INFO] Heartbeat + Metrics
2026-05-20T12:04:04 [INFO] Heartbeat + Metrics
2026-05-20T12:04:13 [INFO] Heartbeat + Metrics
2026-05-20T12:04:21 [INFO] Heartbeat + Metrics
2026-05-20T12:04:29 [INFO] Heartbeat + Metrics
2026-05-20T12:04:38 [INFO] Heartbeat + Metrics
2026-05-20T12:04:46 [INFO] Heartbeat + Metrics
2026-05-20T12:04:55 [INFO] Heartbeat + Metrics
2026-05-20T12:05:04 [INFO] Heartbeat + Metrics
2026-05-20T12:05:12 [INFO] Heartbeat + Metrics
2026-05-20T12:05:20 [INFO] Heartbeat + Metrics
2026-05-20T12:05:29 [INFO] Heartbeat + Metrics
2026-05-20T12:05:37 [INFO] Heartbeat + Metrics
2026-05-20T12:05:46 [INFO] Heartbeat + Metrics
2026-05-20T12:05:54 [INFO] Heartbeat + Metrics
2026-05-20T12:06:03 [INFO] Heartbeat + Metrics
2026-05-20T12:06:12 [INFO] Heartbeat + Metrics
2026-05-20T12:06:20 [INFO] Heartbeat + Metrics
2026-05-20T12:06:29 [INFO] Heartbeat + Metrics
2026-05-20T12:06:37 [INFO] Heartbeat + Metrics
2026-05-20T12:06:46 [INFO] Heartbeat + Metrics
2026-05-20T12:06:54 [INFO] Heartbeat + Metrics
2026-05-20T12:07:03 [INFO] Heartbeat + Metrics
2026-05-20T12:07:11 [INFO] Heartbeat + Metrics
2026-05-20T12:07:20 [INFO] Heartbeat + Metrics
2026-05-20T12:07:28 [INFO] Heartbeat + Metrics
2026-05-20T12:07:37 [INFO] Heartbeat + Metrics
2026-05-20T12:07:45 [INFO] Heartbeat + Metrics
2026-05-20T12:07:54 [INFO] Heartbeat + Metrics
2026-05-20T12:08:02 [INFO] Heartbeat + Metrics
2026-05-20T12:08:11 [INFO] Heartbeat + Metrics
2026-05-20T12:08:19 [INFO] Heartbeat + Metrics
2026-05-20T12:08:28 [INFO] Heartbeat + Metrics
2026-05-20T12:08:36 [INFO] Heartbeat + Metrics
2026-05-20T12:08:45 [INFO] Heartbeat + Metrics
2026-05-20T12:08:53 [INFO] Heartbeat + Metrics
2026-05-20T12:09:02 [INFO] Heartbeat + Metrics
2026-05-20T12:09:10 [INFO] Heartbeat + Metrics
2026-05-20T12:09:19 [INFO] Heartbeat + Metrics
2026-05-20T12:09:27 [INFO] Heartbeat + Metrics
2026-05-20T12:09:36 [INFO] Heartbeat + Metrics
2026-05-20T12:09:44 [INFO] Heartbeat + Metrics
2026-05-20T12:09:53 [INFO] Heartbeat + Metrics
2026-05-20T12:10:01 [INFO] Heartbeat + Metrics
2026-05-20T12:10:10 [INFO] Heartbeat + Metrics
2026-05-20T12:10:18 [INFO] Heartbeat + Metrics
2026-05-20T12:10:18 [WARN] Failsafe triggered: CPU too high
2026-05-20T12:10:26 [INFO] Heartbeat + Metrics
2026-05-20T12:10:35 [INFO] Heartbeat + Metrics
2026-05-20T12:10:43 [INFO] Heartbeat + Metrics
2026-05-20T12:10:52 [INFO] Heartbeat + Metrics
2026-05-20T12:10:52 [WARN] Failsafe triggered: CPU too high
2026-05-20T12:11:00 [INFO] Heartbeat + Metrics
2026-05-20T12:11:00 [WARN] Failsafe triggered: CPU too high
2026-05-20T12:11:09 [INFO] Heartbeat + Metrics
2026-05-20T12:11:18 [INFO] Heartbeat + Metrics
2026-05-20T12:11:26 [INFO] Heartbeat + Metrics
2026-05-20T12:11:35 [INFO] Heartbeat + Metrics
2026-05-20T12:11:43 [INFO] Heartbeat + Metrics
2026-05-20T12:11:52 [INFO] Heartbeat + Metrics
2026-05-20T12:12:00 [INFO] Heartbeat + Metrics
2026-05-20T12:12:09 [INFO] Heartbeat + Metrics
2026-05-20T12:12:18 [INFO] Heartbeat + Metrics
2026-05-20T12:12:26 [INFO] Heartbeat + Metrics
2026-05-20T12:12:35 [INFO] Heartbeat + Metrics
2026-05-20T12:12:44 [INFO] Heartbeat + Metrics
2026-05-20T12:12:52 [INFO] Heartbeat + Metrics
2026-05-20T12:13:01 [INFO] Heartbeat + Metrics
2026-05-20T12:13:09 [INFO] Heartbeat + Metrics
2026-05-20T12:13:18 [INFO] Heartbeat + Metrics
2026-05-20T12:13:26 [INFO] Heartbeat + Metrics
2026-05-20T12:13:35 [INFO] Heartbeat + Metrics
2026-05-20T12:13:43 [INFO] Heartbeat + Metrics
2026-05-20T12:13:52 [INFO] Heartbeat + Metrics
2026-05-20T12:14:00 [INFO] Heartbeat + Metrics
2026-05-20T12:14:09 [INFO] Heartbeat + Metrics
2026-05-20T12:14:18 [INFO] Heartbeat + Metrics
2026-05-20T12:14:26 [INFO] Heartbeat + Metrics
2026-05-20T12:14:35 [INFO] Heartbeat + Metrics
2026-05-20T12:14:43 [INFO] Heartbeat + Metrics
2026-05-20T12:14:52 [INFO] Heartbeat + Metrics
2026-05-20T12:15:00 [INFO] Heartbeat + Metrics
2026-05-20T12:15:08 [INFO] Heartbeat + Metrics
2026-05-20T12:15:17 [INFO] Heartbeat + Metrics
2026-05-20T12:15:25 [INFO] Heartbeat + Metrics
2026-05-20T12:15:34 [INFO] Heartbeat + Metrics
2026-05-20T12:15:34 [WARN] Desired process no longer exists (PID 17564)
2026-05-20T12:15:35 [WARN] Desired process no longer exists (PID 3344)
2026-05-20T12:15:43 [INFO] Heartbeat + Metrics
2026-05-20T12:15:43 [WARN] Failsafe triggered: CPU too high
2026-05-20T12:15:52 [INFO] Heartbeat + Metrics
2026-05-20T12:15:52 [WARN] Failsafe triggered: CPU too high
2026-05-20T12:16:00 [INFO] Heartbeat + Metrics
2026-05-20T12:16:01 [WARN] Desired process no longer exists (PID 17564)
2026-05-20T12:16:01 [WARN] Desired process no longer exists (PID 3344)
2026-05-20T12:16:09 [INFO] Heartbeat + Metrics
2026-05-20T12:16:09 [WARN] Desired process no longer exists (PID 17564)
2026-05-20T12:16:09 [WARN] Desired process no longer exists (PID 3344)
2026-05-20T12:16:18 [INFO] Heartbeat + Metrics
2026-05-20T12:16:18 [WARN] Desired process no longer exists (PID 17564)
2026-05-20T12:16:18 [WARN] Desired process no longer exists (PID 3344)
2026-05-20T12:16:26 [INFO] Heartbeat + Metrics
2026-05-20T12:16:26 [WARN] Desired process no longer exists (PID 17564)
2026-05-20T12:16:26 [WARN] Desired process no longer exists (PID 3344)
2026-05-20T12:16:35 [INFO] Heartbeat + Metrics
2026-05-20T12:16:43 [INFO] Heartbeat + Metrics
2026-05-20T12:16:52 [INFO] Heartbeat + Metrics
2026-05-20T12:17:01 [INFO] Heartbeat + Metrics
2026-05-20T12:17:09 [INFO] Heartbeat + Metrics
2026-05-20T12:17:17 [INFO] Heartbeat + Metrics
2026-05-20T12:17:26 [INFO] Heartbeat + Metrics
2026-05-20T12:17:26 [WARN] Desired process no longer exists (PID 17564)
2026-05-20T12:17:26 [WARN] Desired process no longer exists (PID 3344)
2026-05-20T12:17:35 [INFO] Heartbeat + Metrics
2026-05-20T12:17:43 [INFO] Heartbeat + Metrics
2026-05-20T12:17:52 [INFO] Heartbeat + Metrics
2026-05-20T12:18:00 [INFO] Heartbeat + Metrics
2026-05-20T12:18:09 [INFO] Heartbeat + Metrics
2026-05-20T12:18:17 [INFO] Heartbeat + Metrics
2026-05-20T12:18:26 [INFO] Heartbeat + Metrics
2026-05-20T12:18:34 [INFO] Heartbeat + Metrics
2026-05-20T12:18:43 [INFO] Heartbeat + Metrics
2026-05-20T12:18:51 [INFO] Heartbeat + Metrics
2026-05-20T12:18:59 [INFO] Heartbeat + Metrics
2026-05-20T12:19:08 [INFO] Heartbeat + Metrics
2026-05-20T12:19:17 [INFO] Heartbeat + Metrics
2026-05-20T12:19:25 [INFO] Heartbeat + Metrics
2026-05-20T12:19:34 [INFO] Heartbeat + Metrics
2026-05-20T12:19:42 [INFO] Heartbeat + Metrics
2026-05-20T12:19:51 [INFO] Heartbeat + Metrics
2026-05-20T12:19:59 [INFO] Heartbeat + Metrics
2026-05-20T12:20:08 [INFO] Heartbeat + Metrics
2026-05-20T12:20:16 [INFO] Heartbeat + Metrics
2026-05-20T12:20:25 [INFO] Heartbeat + Metrics
2026-05-20T12:20:33 [INFO] Heartbeat + Metrics
2026-05-20T12:20:42 [INFO] Heartbeat + Metrics
2026-05-20T12:20:50 [INFO] Heartbeat + Metrics
2026-05-20T12:20:59 [INFO] Heartbeat + Metrics
2026-05-20T12:21:07 [INFO] Heartbeat + Metrics
2026-05-20T12:21:16 [INFO] Heartbeat + Metrics
2026-05-20T12:21:24 [INFO] Heartbeat + Metrics
2026-05-20T12:21:32 [INFO] Heartbeat + Metrics
2026-05-20T12:21:41 [INFO] Heartbeat + Metrics
2026-05-20T12:21:49 [INFO] Heartbeat + Metrics
2026-05-20T12:21:58 [INFO] Heartbeat + Metrics
2026-05-20T12:22:06 [INFO] Heartbeat + Metrics
2026-05-20T12:22:15 [INFO] Heartbeat + Metrics
2026-05-20T12:22:23 [INFO] Heartbeat + Metrics
2026-05-20T12:22:32 [INFO] Heartbeat + Metrics
2026-05-20T12:22:41 [INFO] Heartbeat + Metrics
2026-05-20T12:22:49 [INFO] Heartbeat + Metrics
2026-05-20T12:22:58 [INFO] Heartbeat + Metrics
2026-05-20T12:23:06 [INFO] Heartbeat + Metrics
2026-05-20T12:23:15 [INFO] Heartbeat + Metrics
2026-05-20T12:23:23 [INFO] Heartbeat + Metrics
2026-05-20T12:23:32 [INFO] Heartbeat + Metrics
2026-05-20T12:23:40 [INFO] Heartbeat + Metrics
2026-05-20T12:23:48 [INFO] Heartbeat + Metrics
2026-05-20T12:23:57 [INFO] Heartbeat + Metrics
2026-05-20T12:24:06 [INFO] Heartbeat + Metrics
2026-05-20T12:24:14 [INFO] Heartbeat + Metrics
2026-05-20T12:24:23 [INFO] Heartbeat + Metrics
2026-05-20T12:24:31 [INFO] Heartbeat + Metrics
2026-05-20T12:24:40 [INFO] Heartbeat + Metrics
2026-05-20T12:24:48 [INFO] Heartbeat + Metrics
2026-05-20T12:24:57 [INFO] Heartbeat + Metrics
2026-05-20T12:25:05 [INFO] Heartbeat + Metrics
2026-05-20T12:25:14 [INFO] Heartbeat + Metrics
2026-05-20T12:25:22 [INFO] Heartbeat + Metrics
2026-05-20T12:25:22 [WARN] Desired process no longer exists (PID 17564)
2026-05-20T12:25:22 [WARN] Desired process no longer exists (PID 3344)
2026-05-20T12:25:31 [INFO] Heartbeat + Metrics
2026-05-20T12:25:31 [WARN] Desired process no longer exists (PID 17564)
2026-05-20T12:25:31 [WARN] Desired process no longer exists (PID 3344)
2026-05-20T12:25:39 [INFO] Heartbeat + Metrics
2026-05-20T12:25:39 [WARN] Desired process no longer exists (PID 17564)
2026-05-20T12:25:40 [WARN] Desired process no longer exists (PID 3344)
2026-05-20T12:25:48 [INFO] Heartbeat + Metrics
2026-05-20T12:25:48 [WARN] Desired process no longer exists (PID 17564)
2026-05-20T12:25:48 [WARN] Desired process no longer exists (PID 3344)
2026-05-20T12:25:57 [INFO] Heartbeat + Metrics
2026-05-20T12:25:57 [WARN] Desired process no longer exists (PID 17564)
2026-05-20T12:25:57 [WARN] Desired process no longer exists (PID 3344)
2026-05-20T12:26:05 [INFO] Heartbeat + Metrics
2026-05-20T12:26:05 [WARN] Desired process no longer exists (PID 17564)
2026-05-20T12:26:05 [WARN] Desired process no longer exists (PID 3344)
2026-05-20T12:26:14 [INFO] Heartbeat + Metrics
2026-05-20T12:26:14 [WARN] Desired process no longer exists (PID 17564)
2026-05-20T12:26:14 [WARN] Desired process no longer exists (PID 3344)
2026-05-20T12:26:22 [INFO] Heartbeat + Metrics
2026-05-20T12:26:22 [WARN] Desired process no longer exists (PID 17564)
2026-05-20T12:26:22 [WARN] Desired process no longer exists (PID 3344)
2026-05-20T12:26:31 [INFO] Heartbeat + Metrics
2026-05-20T12:26:31 [WARN] Desired process no longer exists (PID 17564)
2026-05-20T12:26:31 [WARN] Desired process no longer exists (PID 3344)
2026-05-20T12:26:40 [INFO] Heartbeat + Metrics
2026-05-20T12:26:40 [WARN] Desired process no longer exists (PID 17564)
2026-05-20T12:26:40 [WARN] Desired process no longer exists (PID 3344)
2026-05-20T12:26:48 [INFO] Heartbeat + Metrics
2026-05-20T12:26:48 [WARN] Desired process no longer exists (PID 17564)
2026-05-20T12:26:48 [WARN] Desired process no longer exists (PID 3344)
2026-05-20T12:26:57 [INFO] Heartbeat + Metrics
2026-05-20T12:26:57 [WARN] Desired process no longer exists (PID 17564)
2026-05-20T12:26:57 [WARN] Desired process no longer exists (PID 3344)
2026-05-20T12:27:06 [INFO] Heartbeat + Metrics
2026-05-20T12:27:06 [WARN] Desired process no longer exists (PID 17564)
2026-05-20T12:27:06 [WARN] Desired process no longer exists (PID 3344)
2026-05-20T12:27:15 [INFO] Heartbeat + Metrics
2026-05-20T12:27:15 [WARN] Desired process no longer exists (PID 17564)
2026-05-20T12:27:15 [WARN] Desired process no longer exists (PID 3344)
2026-05-20T12:27:23 [INFO] Heartbeat + Metrics
2026-05-20T12:27:23 [WARN] Desired process no longer exists (PID 17564)
2026-05-20T12:27:23 [WARN] Desired process no longer exists (PID 3344)
2026-05-20T12:27:32 [INFO] Heartbeat + Metrics
2026-05-20T12:27:32 [WARN] Desired process no longer exists (PID 17564)
2026-05-20T12:27:32 [WARN] Desired process no longer exists (PID 3344)
2026-05-20T12:27:40 [INFO] Heartbeat + Metrics
2026-05-20T12:27:40 [WARN] Desired process no longer exists (PID 17564)
2026-05-20T12:27:40 [WARN] Desired process no longer exists (PID 3344)
2026-05-20T12:27:49 [INFO] Heartbeat + Metrics
2026-05-20T12:27:57 [INFO] Heartbeat + Metrics
2026-05-20T12:28:06 [INFO] Heartbeat + Metrics
2026-05-20T12:28:14 [INFO] Heartbeat + Metrics
2026-05-20T12:28:23 [INFO] Heartbeat + Metrics
2026-05-20T12:28:31 [INFO] Heartbeat + Metrics
2026-05-20T12:28:40 [INFO] Heartbeat + Metrics
2026-05-20T12:28:48 [INFO] Heartbeat + Metrics
2026-05-20T12:28:57 [INFO] Heartbeat + Metrics
2026-05-20T12:29:05 [INFO] Heartbeat + Metrics
2026-05-20T12:29:14 [INFO] Heartbeat + Metrics
2026-05-20T12:29:22 [INFO] Heartbeat + Metrics
2026-05-20T12:29:31 [INFO] Heartbeat + Metrics
2026-05-20T12:29:39 [INFO] Heartbeat + Metrics
2026-05-20T12:29:48 [INFO] Heartbeat + Metrics
2026-05-20T12:29:56 [INFO] Heartbeat + Metrics
2026-05-20T12:30:05 [INFO] Heartbeat + Metrics
2026-05-20T12:30:13 [INFO] Heartbeat + Metrics
2026-05-20T12:30:22 [INFO] Heartbeat + Metrics
2026-05-20T12:30:30 [INFO] Heartbeat + Metrics
2026-05-20T12:30:39 [INFO] Heartbeat + Metrics
2026-05-20T12:30:47 [INFO] Heartbeat + Metrics
2026-05-20T12:30:56 [INFO] Heartbeat + Metrics
2026-05-20T12:31:04 [INFO] Heartbeat + Metrics
2026-05-20T12:31:13 [INFO] Heartbeat + Metrics
2026-05-20T12:31:21 [INFO] Heartbeat + Metrics
2026-05-20T12:31:30 [INFO] Heartbeat + Metrics
2026-05-20T12:31:30 [WARN] Desired process no longer exists (PID 17564)
2026-05-20T12:31:30 [WARN] Desired process no longer exists (PID 3344)
2026-05-20T12:31:38 [INFO] Heartbeat + Metrics
2026-05-20T12:31:38 [WARN] Desired process no longer exists (PID 17564)
2026-05-20T12:31:38 [WARN] Desired process no longer exists (PID 3344)
2026-05-20T12:31:47 [INFO] Heartbeat + Metrics
2026-05-20T12:31:47 [WARN] Desired process no longer exists (PID 17564)
2026-05-20T12:31:47 [WARN] Desired process no longer exists (PID 3344)
2026-05-20T12:31:55 [INFO] Heartbeat + Metrics
2026-05-20T12:31:55 [WARN] Desired process no longer exists (PID 17564)
2026-05-20T12:31:55 [WARN] Desired process no longer exists (PID 3344)
2026-05-20T12:32:04 [INFO] Heartbeat + Metrics
2026-05-20T12:32:04 [WARN] Desired process no longer exists (PID 17564)
2026-05-20T12:32:04 [WARN] Desired process no longer exists (PID 3344)
2026-05-20T12:32:12 [INFO] Heartbeat + Metrics
2026-05-20T12:32:21 [INFO] Heartbeat + Metrics
2026-05-20T12:32:21 [WARN] Desired process no longer exists (PID 17564)
2026-05-20T12:32:21 [WARN] Desired process no longer exists (PID 3344)
2026-05-20T12:32:29 [INFO] Heartbeat + Metrics
2026-05-20T12:32:38 [INFO] Heartbeat + Metrics
2026-05-20T12:32:47 [INFO] Heartbeat + Metrics
2026-05-20T12:32:55 [INFO] Heartbeat + Metrics
2026-05-20T12:33:04 [INFO] Heartbeat + Metrics
2026-05-20T12:33:12 [INFO] Heartbeat + Metrics
2026-05-20T12:33:21 [INFO] Heartbeat + Metrics
2026-05-20T12:33:29 [INFO] Heartbeat + Metrics
2026-05-20T12:33:38 [INFO] Heartbeat + Metrics
2026-05-20T12:33:46 [INFO] Heartbeat + Metrics
2026-05-20T12:33:55 [INFO] Heartbeat + Metrics
2026-05-20T12:34:03 [INFO] Heartbeat + Metrics
2026-05-20T12:34:12 [INFO] Heartbeat + Metrics
2026-05-20T12:34:20 [INFO] Heartbeat + Metrics
2026-05-20T12:34:29 [INFO] Heartbeat + Metrics
2026-05-20T12:34:37 [INFO] Heartbeat + Metrics
2026-05-20T12:34:37 [WARN] Desired process no longer exists (PID 17564)
2026-05-20T12:34:37 [WARN] Desired process no longer exists (PID 3344)
2026-05-20T12:34:46 [INFO] Heartbeat + Metrics
2026-05-20T12:34:46 [WARN] Desired process no longer exists (PID 17564)
2026-05-20T12:34:46 [WARN] Desired process no longer exists (PID 3344)
2026-05-20T12:34:54 [INFO] Heartbeat + Metrics
2026-05-20T12:35:03 [INFO] Heartbeat + Metrics
2026-05-20T12:35:11 [INFO] Heartbeat + Metrics
2026-05-20T12:35:20 [INFO] Heartbeat + Metrics
2026-05-20T12:35:28 [INFO] Heartbeat + Metrics
2026-05-20T12:35:37 [INFO] Heartbeat + Metrics
2026-05-20T12:35:45 [INFO] Heartbeat + Metrics
2026-05-20T12:35:53 [INFO] Heartbeat + Metrics
2026-05-20T12:36:02 [INFO] Heartbeat + Metrics
2026-05-20T12:36:10 [INFO] Heartbeat + Metrics
2026-05-20T12:36:19 [INFO] Heartbeat + Metrics
2026-05-20T12:36:28 [INFO] Heartbeat + Metrics
2026-05-20T12:36:36 [INFO] Heartbeat + Metrics
2026-05-20T12:36:45 [INFO] Heartbeat + Metrics
2026-05-20T12:36:53 [INFO] Heartbeat + Metrics
2026-05-20T12:37:02 [INFO] Heartbeat + Metrics
2026-05-20T12:37:10 [INFO] Heartbeat + Metrics
2026-05-20T12:37:19 [INFO] Heartbeat + Metrics
2026-05-20T12:37:27 [INFO] Heartbeat + Metrics
2026-05-20T12:37:27 [WARN] Desired process no longer exists (PID 17564)
2026-05-20T12:37:27 [WARN] Desired process no longer exists (PID 3344)
2026-05-20T12:37:36 [INFO] Heartbeat + Metrics
2026-05-20T12:37:36 [WARN] Desired process no longer exists (PID 17564)
2026-05-20T12:37:36 [WARN] Desired process no longer exists (PID 3344)
2026-05-20T12:37:44 [INFO] Heartbeat + Metrics
2026-05-20T12:37:44 [WARN] Desired process no longer exists (PID 17564)
2026-05-20T12:37:44 [WARN] Desired process no longer exists (PID 3344)
2026-05-20T12:37:53 [INFO] Heartbeat + Metrics
2026-05-20T12:37:53 [WARN] Desired process no longer exists (PID 17564)
2026-05-20T12:37:53 [WARN] Desired process no longer exists (PID 3344)
2026-05-20T12:38:01 [INFO] Heartbeat + Metrics
2026-05-20T12:38:01 [WARN] Desired process no longer exists (PID 17564)
2026-05-20T12:38:01 [WARN] Desired process no longer exists (PID 3344)
2026-05-20T12:38:10 [INFO] Heartbeat + Metrics
2026-05-20T12:38:10 [WARN] Desired process no longer exists (PID 17564)
2026-05-20T12:38:10 [WARN] Desired process no longer exists (PID 3344)
2026-05-20T12:38:18 [INFO] Heartbeat + Metrics
2026-05-20T12:38:18 [WARN] Desired process no longer exists (PID 17564)
2026-05-20T12:38:18 [WARN] Desired process no longer exists (PID 3344)
2026-05-20T12:38:27 [INFO] Heartbeat + Metrics
2026-05-20T12:38:27 [WARN] Desired process no longer exists (PID 17564)
2026-05-20T12:38:27 [WARN] Desired process no longer exists (PID 3344)
2026-05-20T12:38:36 [INFO] Heartbeat + Metrics
2026-05-20T12:38:44 [INFO] Heartbeat + Metrics
2026-05-20T12:38:53 [INFO] Heartbeat + Metrics
2026-05-20T12:39:01 [INFO] Heartbeat + Metrics
2026-05-20T12:39:09 [INFO] Heartbeat + Metrics
2026-05-20T12:39:09 [WARN] Desired process no longer exists (PID 17564)
2026-05-20T12:39:10 [WARN] Desired process no longer exists (PID 3344)
2026-05-20T12:39:18 [INFO] Heartbeat + Metrics
2026-05-20T12:39:26 [INFO] Heartbeat + Metrics
2026-05-20T12:39:35 [INFO] Heartbeat + Metrics
2026-05-20T12:39:35 [WARN] Desired process no longer exists (PID 17564)
2026-05-20T12:39:35 [WARN] Desired process no longer exists (PID 3344)
2026-05-20T12:39:43 [INFO] Heartbeat + Metrics
2026-05-20T12:39:43 [WARN] Desired process no longer exists (PID 17564)
2026-05-20T12:39:43 [WARN] Desired process no longer exists (PID 3344)
2026-05-20T12:39:52 [INFO] Heartbeat + Metrics
2026-05-20T12:39:52 [WARN] Desired process no longer exists (PID 17564)
2026-05-20T12:39:52 [WARN] Desired process no longer exists (PID 3344)
2026-05-20T12:40:01 [INFO] Heartbeat + Metrics
2026-05-20T12:40:01 [WARN] Desired process no longer exists (PID 17564)
2026-05-20T12:40:01 [WARN] Desired process no longer exists (PID 3344)
2026-05-20T12:40:09 [INFO] Heartbeat + Metrics
2026-05-20T12:40:09 [WARN] Desired process no longer exists (PID 17564)
2026-05-20T12:40:09 [WARN] Desired process no longer exists (PID 3344)
2026-05-20T12:40:18 [INFO] Heartbeat + Metrics
2026-05-20T12:40:18 [WARN] Desired process no longer exists (PID 17564)
2026-05-20T12:40:18 [WARN] Desired process no longer exists (PID 3344)
2026-05-20T12:40:26 [INFO] Heartbeat + Metrics
2026-05-20T12:40:35 [INFO] Heartbeat + Metrics
2026-05-20T12:40:43 [INFO] Heartbeat + Metrics
2026-05-20T12:40:51 [INFO] Heartbeat + Metrics
2026-05-20T12:41:00 [INFO] Heartbeat + Metrics
2026-05-20T12:41:08 [INFO] Heartbeat + Metrics
2026-05-20T12:41:17 [INFO] Heartbeat + Metrics
2026-05-20T12:41:25 [INFO] Heartbeat + Metrics
2026-05-20T12:41:34 [INFO] Heartbeat + Metrics
2026-05-20T12:41:42 [INFO] Heartbeat + Metrics
2026-05-20T12:41:51 [INFO] Heartbeat + Metrics
2026-05-20T12:41:59 [INFO] Heartbeat + Metrics
2026-05-20T12:42:08 [INFO] Heartbeat + Metrics
2026-05-20T12:42:16 [INFO] Heartbeat + Metrics
2026-05-20T12:42:25 [INFO] Heartbeat + Metrics
2026-05-20T12:42:36 [INFO] Heartbeat + Metrics
2026-05-20T12:42:36 [WARN] Failsafe triggered: CPU too high
2026-05-20T12:42:45 [INFO] Heartbeat + Metrics
2026-05-20T12:42:53 [INFO] Heartbeat + Metrics
2026-05-20T12:43:02 [INFO] Heartbeat + Metrics
2026-05-20T12:43:10 [INFO] Heartbeat + Metrics
2026-05-20T12:43:19 [INFO] Heartbeat + Metrics
2026-05-20T12:43:27 [INFO] Heartbeat + Metrics
2026-05-20T12:43:36 [INFO] Heartbeat + Metrics
2026-05-20T12:43:44 [INFO] Heartbeat + Metrics
2026-05-20T12:43:53 [INFO] Heartbeat + Metrics
2026-05-20T12:44:01 [INFO] Heartbeat + Metrics
2026-05-20T12:44:10 [INFO] Heartbeat + Metrics
2026-05-20T12:44:18 [INFO] Heartbeat + Metrics
2026-05-20T12:44:27 [INFO] Heartbeat + Metrics
2026-05-20T12:44:36 [INFO] Heartbeat + Metrics
2026-05-20T12:44:36 [WARN] Desired process no longer exists (PID 8652)
2026-05-20T12:44:36 [WARN] Desired process no longer exists (PID 3344)
2026-05-20T12:44:44 [INFO] Heartbeat + Metrics
2026-05-20T12:44:44 [WARN] Desired process no longer exists (PID 8652)
2026-05-20T12:44:44 [WARN] Desired process no longer exists (PID 3344)
2026-05-20T12:44:53 [INFO] Heartbeat + Metrics
2026-05-20T12:44:53 [WARN] Desired process no longer exists (PID 8652)
2026-05-20T12:44:53 [WARN] Desired process no longer exists (PID 3344)
2026-05-20T12:45:01 [INFO] Heartbeat + Metrics
2026-05-20T12:45:01 [WARN] Desired process no longer exists (PID 8652)
2026-05-20T12:45:01 [WARN] Desired process no longer exists (PID 3344)
2026-05-20T12:45:10 [INFO] Heartbeat + Metrics
2026-05-20T12:45:10 [WARN] Desired process no longer exists (PID 8652)
2026-05-20T12:45:10 [WARN] Desired process no longer exists (PID 3344)
2026-05-20T12:45:19 [INFO] Heartbeat + Metrics
2026-05-20T12:45:19 [WARN] Desired process no longer exists (PID 8652)
2026-05-20T12:45:19 [WARN] Desired process no longer exists (PID 3344)
2026-05-20T12:45:27 [INFO] Heartbeat + Metrics
2026-05-20T12:45:27 [WARN] Desired process no longer exists (PID 8652)
2026-05-20T12:45:27 [WARN] Desired process no longer exists (PID 3344)
2026-05-20T12:45:36 [INFO] Heartbeat + Metrics
2026-05-20T12:45:45 [INFO] Heartbeat + Metrics
2026-05-20T12:45:45 [WARN] Desired process no longer exists (PID 8652)
2026-05-20T12:45:45 [WARN] Desired process no longer exists (PID 3344)
2026-05-20T12:45:54 [INFO] Heartbeat + Metrics
2026-05-20T12:45:54 [WARN] Desired process no longer exists (PID 8652)
2026-05-20T12:45:54 [WARN] Desired process no longer exists (PID 3344)
2026-05-20T12:46:02 [INFO] Heartbeat + Metrics
2026-05-20T12:46:02 [WARN] Desired process no longer exists (PID 8652)
2026-05-20T12:46:02 [WARN] Desired process no longer exists (PID 3344)
2026-05-20T12:46:11 [INFO] Heartbeat + Metrics
2026-05-20T12:46:11 [WARN] Desired process no longer exists (PID 8652)
2026-05-20T12:46:11 [WARN] Desired process no longer exists (PID 3344)
2026-05-20T12:46:20 [INFO] Heartbeat + Metrics
2026-05-20T12:46:28 [INFO] Heartbeat + Metrics
2026-05-20T12:46:37 [INFO] Heartbeat + Metrics
2026-05-20T12:46:37 [WARN] Failsafe triggered: CPU too high
2026-05-20T12:46:45 [INFO] Heartbeat + Metrics
2026-05-20T12:46:46 [WARN] Desired process no longer exists (PID 8652)
2026-05-20T12:46:46 [WARN] Desired process no longer exists (PID 3344)
2026-05-20T12:46:54 [INFO] Heartbeat + Metrics
2026-05-20T12:46:55 [WARN] Desired process no longer exists (PID 8652)
2026-05-20T12:46:55 [WARN] Desired process no longer exists (PID 3344)
2026-05-20T12:47:03 [INFO] Heartbeat + Metrics
2026-05-20T12:47:03 [WARN] Desired process no longer exists (PID 8652)
2026-05-20T12:47:03 [WARN] Desired process no longer exists (PID 3344)
2026-05-20T12:47:12 [INFO] Heartbeat + Metrics
2026-05-20T12:47:12 [WARN] Desired process no longer exists (PID 8652)
2026-05-20T12:47:12 [WARN] Desired process no longer exists (PID 3344)
2026-05-20T12:47:20 [INFO] Heartbeat + Metrics
2026-05-20T12:47:21 [WARN] Desired process no longer exists (PID 8652)
2026-05-20T12:47:21 [WARN] Desired process no longer exists (PID 3344)
2026-05-20T12:47:29 [INFO] Heartbeat + Metrics
2026-05-20T12:47:29 [WARN] Desired process no longer exists (PID 8652)
2026-05-20T12:47:29 [WARN] Desired process no longer exists (PID 3344)
2026-05-20T12:47:38 [INFO] Heartbeat + Metrics
2026-05-20T12:47:38 [WARN] Desired process no longer exists (PID 8652)
2026-05-20T12:47:38 [WARN] Desired process no longer exists (PID 3344)
2026-05-20T12:47:46 [INFO] Heartbeat + Metrics
2026-05-20T12:47:46 [WARN] Desired process no longer exists (PID 8652)
2026-05-20T12:47:46 [WARN] Desired process no longer exists (PID 3344)
2026-05-20T12:47:55 [INFO] Heartbeat + Metrics
2026-05-20T12:47:55 [WARN] Desired process no longer exists (PID 8652)
2026-05-20T12:47:55 [WARN] Desired process no longer exists (PID 3344)
2026-05-20T12:48:03 [INFO] Heartbeat + Metrics
2026-05-20T12:48:12 [INFO] Heartbeat + Metrics
2026-05-20T12:48:21 [INFO] Heartbeat + Metrics
2026-05-20T12:48:29 [INFO] Heartbeat + Metrics
2026-05-20T12:48:38 [INFO] Heartbeat + Metrics
2026-05-20T12:48:46 [INFO] Heartbeat + Metrics
2026-05-20T12:48:55 [INFO] Heartbeat + Metrics
2026-05-20T12:49:04 [INFO] Heartbeat + Metrics
2026-05-20T12:49:13 [INFO] Heartbeat + Metrics
2026-05-20T12:49:21 [INFO] Heartbeat + Metrics
2026-05-20T12:49:30 [INFO] Heartbeat + Metrics
2026-05-20T12:49:39 [INFO] Heartbeat + Metrics
2026-05-20T12:49:47 [INFO] Heartbeat + Metrics
2026-05-20T12:49:56 [INFO] Heartbeat + Metrics
2026-05-20T12:50:04 [INFO] Heartbeat + Metrics
2026-05-20T12:50:05 [WARN] Desired process no longer exists (PID 8652)
2026-05-20T12:50:05 [WARN] Desired process no longer exists (PID 3344)
2026-05-20T12:50:13 [INFO] Heartbeat + Metrics
2026-05-20T12:50:13 [WARN] Desired process no longer exists (PID 8652)
2026-05-20T12:50:13 [WARN] Desired process no longer exists (PID 3344)
2026-05-20T12:50:22 [INFO] Heartbeat + Metrics
2026-05-20T12:50:30 [INFO] Heartbeat + Metrics
2026-05-20T12:50:39 [INFO] Heartbeat + Metrics
2026-05-20T12:50:48 [INFO] Heartbeat + Metrics
2026-05-20T12:50:56 [INFO] Heartbeat + Metrics
2026-05-20T12:51:05 [INFO] Heartbeat + Metrics
2026-05-20T12:51:14 [INFO] Heartbeat + Metrics
2026-05-20T12:51:14 [WARN] Desired process no longer exists (PID 8652)
2026-05-20T12:51:14 [WARN] Desired process no longer exists (PID 3344)
2026-05-20T12:51:22 [INFO] Heartbeat + Metrics
2026-05-20T12:51:22 [WARN] Desired process no longer exists (PID 8652)
2026-05-20T12:51:22 [WARN] Desired process no longer exists (PID 3344)
2026-05-20T12:51:31 [INFO] Heartbeat + Metrics
2026-05-20T12:51:31 [WARN] Desired process no longer exists (PID 8652)
2026-05-20T12:51:31 [WARN] Desired process no longer exists (PID 3344)
2026-05-20T12:51:40 [INFO] Heartbeat + Metrics
2026-05-20T12:51:40 [WARN] Desired process no longer exists (PID 8652)
2026-05-20T12:51:40 [WARN] Desired process no longer exists (PID 3344)
2026-05-20T12:51:49 [INFO] Heartbeat + Metrics
2026-05-20T12:51:49 [WARN] Desired process no longer exists (PID 8652)
2026-05-20T12:51:49 [WARN] Desired process no longer exists (PID 3344)
2026-05-20T12:51:57 [INFO] Heartbeat + Metrics
2026-05-20T12:51:57 [WARN] Desired process no longer exists (PID 8652)
2026-05-20T12:51:57 [WARN] Desired process no longer exists (PID 3344)
2026-05-20T12:52:06 [INFO] Heartbeat + Metrics
2026-05-20T12:52:06 [WARN] Desired process no longer exists (PID 8652)
2026-05-20T12:52:06 [WARN] Desired process no longer exists (PID 3344)
2026-05-20T12:52:15 [INFO] Heartbeat + Metrics
2026-05-20T12:52:15 [WARN] Desired process no longer exists (PID 8652)
2026-05-20T12:52:15 [WARN] Desired process no longer exists (PID 3344)
2026-05-20T12:52:23 [INFO] Heartbeat + Metrics
2026-05-20T12:52:23 [WARN] Desired process no longer exists (PID 8652)
2026-05-20T12:52:23 [WARN] Desired process no longer exists (PID 3344)
2026-05-20T12:52:32 [INFO] Heartbeat + Metrics
2026-05-20T12:52:32 [WARN] Desired process no longer exists (PID 8652)
2026-05-20T12:52:32 [WARN] Desired process no longer exists (PID 3344)
2026-05-20T12:52:41 [INFO] Heartbeat + Metrics
2026-05-20T12:52:41 [WARN] Desired process no longer exists (PID 8652)
2026-05-20T12:52:41 [WARN] Desired process no longer exists (PID 3344)
2026-05-20T12:52:49 [INFO] Heartbeat + Metrics
2026-05-20T12:52:50 [WARN] Desired process no longer exists (PID 8652)
2026-05-20T12:52:50 [WARN] Desired process no longer exists (PID 3344)
2026-05-20T12:52:58 [INFO] Heartbeat + Metrics
2026-05-20T12:52:58 [WARN] Desired process no longer exists (PID 8652)
2026-05-20T12:52:58 [WARN] Desired process no longer exists (PID 3344)
2026-05-20T12:53:07 [INFO] Heartbeat + Metrics
2026-05-20T12:53:07 [WARN] Desired process no longer exists (PID 8652)
2026-05-20T12:53:07 [WARN] Desired process no longer exists (PID 3344)
2026-05-20T12:53:16 [INFO] Heartbeat + Metrics
2026-05-20T12:53:16 [WARN] Desired process no longer exists (PID 8652)
2026-05-20T12:53:16 [WARN] Desired process no longer exists (PID 3344)
2026-05-20T12:53:24 [INFO] Heartbeat + Metrics
2026-05-20T12:53:24 [WARN] Desired process no longer exists (PID 8652)
2026-05-20T12:53:24 [WARN] Desired process no longer exists (PID 3344)
2026-05-20T12:53:33 [INFO] Heartbeat + Metrics
2026-05-20T12:53:33 [WARN] Desired process no longer exists (PID 8652)
2026-05-20T12:53:33 [WARN] Desired process no longer exists (PID 3344)
2026-05-20T12:53:41 [INFO] Heartbeat + Metrics
2026-05-20T12:53:42 [WARN] Desired process no longer exists (PID 8652)
2026-05-20T12:53:42 [WARN] Desired process no longer exists (PID 3344)
2026-05-20T12:53:50 [INFO] Heartbeat + Metrics
2026-05-20T12:53:50 [WARN] Desired process no longer exists (PID 8652)
2026-05-20T12:53:50 [WARN] Desired process no longer exists (PID 3344)
2026-05-20T12:53:59 [INFO] Heartbeat + Metrics
2026-05-20T12:53:59 [WARN] Desired process no longer exists (PID 8652)
2026-05-20T12:53:59 [WARN] Desired process no longer exists (PID 3344)
2026-05-20T12:54:08 [INFO] Heartbeat + Metrics
2026-05-20T12:54:08 [WARN] Desired process no longer exists (PID 8652)
2026-05-20T12:54:08 [WARN] Desired process no longer exists (PID 3344)
2026-05-20T12:54:16 [INFO] Heartbeat + Metrics
2026-05-20T12:54:16 [WARN] Desired process no longer exists (PID 8652)
2026-05-20T12:54:16 [WARN] Desired process no longer exists (PID 3344)
2026-05-20T12:54:25 [INFO] Heartbeat + Metrics
2026-05-20T12:54:25 [WARN] Desired process no longer exists (PID 8652)
2026-05-20T12:54:25 [WARN] Desired process no longer exists (PID 3344)
2026-05-20T12:54:34 [INFO] Heartbeat + Metrics
2026-05-20T12:54:34 [WARN] Desired process no longer exists (PID 8652)
2026-05-20T12:54:34 [WARN] Desired process no longer exists (PID 3344)
2026-05-20T12:54:42 [INFO] Heartbeat + Metrics
2026-05-20T12:54:42 [WARN] Desired process no longer exists (PID 8652)
2026-05-20T12:54:42 [WARN] Desired process no longer exists (PID 3344)
2026-05-20T12:54:51 [INFO] Heartbeat + Metrics
2026-05-20T12:54:51 [WARN] Desired process no longer exists (PID 8652)
2026-05-20T12:54:51 [WARN] Desired process no longer exists (PID 3344)
2026-05-20T12:55:00 [INFO] Heartbeat + Metrics
2026-05-20T12:55:00 [WARN] Desired process no longer exists (PID 8652)
2026-05-20T12:55:00 [WARN] Desired process no longer exists (PID 3344)
2026-05-20T12:55:08 [INFO] Heartbeat + Metrics
2026-05-20T12:55:08 [WARN] Desired process no longer exists (PID 8652)
2026-05-20T12:55:08 [WARN] Desired process no longer exists (PID 3344)
2026-05-20T12:55:17 [INFO] Heartbeat + Metrics
2026-05-20T12:55:17 [WARN] Desired process no longer exists (PID 8652)
2026-05-20T12:55:17 [WARN] Desired process no longer exists (PID 3344)
2026-05-20T12:55:26 [INFO] Heartbeat + Metrics
2026-05-20T12:55:26 [WARN] Desired process no longer exists (PID 8652)
2026-05-20T12:55:26 [WARN] Desired process no longer exists (PID 3344)
2026-05-20T12:55:35 [INFO] Heartbeat + Metrics
2026-05-20T12:55:35 [WARN] Desired process no longer exists (PID 8652)
2026-05-20T12:55:35 [WARN] Desired process no longer exists (PID 3344)
2026-05-20T12:55:43 [INFO] Heartbeat + Metrics
2026-05-20T12:55:43 [WARN] Desired process no longer exists (PID 8652)
2026-05-20T12:55:43 [WARN] Desired process no longer exists (PID 3344)
2026-05-20T12:55:52 [INFO] Heartbeat + Metrics
2026-05-20T12:55:52 [WARN] Desired process no longer exists (PID 8652)
2026-05-20T12:55:52 [WARN] Desired process no longer exists (PID 3344)
2026-05-20T12:56:01 [INFO] Heartbeat + Metrics
2026-05-20T12:56:01 [WARN] Desired process no longer exists (PID 8652)
2026-05-20T12:56:01 [WARN] Desired process no longer exists (PID 3344)
2026-05-20T12:56:09 [INFO] Heartbeat + Metrics
2026-05-20T12:56:09 [WARN] Desired process no longer exists (PID 8652)
2026-05-20T12:56:09 [WARN] Desired process no longer exists (PID 3344)
2026-05-20T12:56:18 [INFO] Heartbeat + Metrics
2026-05-20T12:56:18 [WARN] Desired process no longer exists (PID 8652)
2026-05-20T12:56:18 [WARN] Desired process no longer exists (PID 3344)
2026-05-20T12:56:27 [INFO] Heartbeat + Metrics
2026-05-20T12:56:27 [WARN] Desired process no longer exists (PID 8652)
2026-05-20T12:56:27 [WARN] Desired process no longer exists (PID 3344)
2026-05-20T12:56:35 [INFO] Heartbeat + Metrics
2026-05-20T12:56:35 [WARN] Desired process no longer exists (PID 8652)
2026-05-20T12:56:35 [WARN] Desired process no longer exists (PID 3344)
2026-05-20T12:56:44 [INFO] Heartbeat + Metrics
2026-05-20T12:56:44 [WARN] Desired process no longer exists (PID 8652)
2026-05-20T12:56:44 [WARN] Desired process no longer exists (PID 3344)
2026-05-20T12:56:53 [INFO] Heartbeat + Metrics
2026-05-20T12:56:53 [WARN] Desired process no longer exists (PID 8652)
2026-05-20T12:56:53 [WARN] Desired process no longer exists (PID 3344)
2026-05-20T12:57:01 [INFO] Heartbeat + Metrics
2026-05-20T12:57:02 [WARN] Desired process no longer exists (PID 8652)
2026-05-20T12:57:02 [WARN] Desired process no longer exists (PID 3344)
2026-05-20T12:57:10 [INFO] Heartbeat + Metrics
2026-05-20T12:57:10 [WARN] Desired process no longer exists (PID 8652)
2026-05-20T12:57:10 [WARN] Desired process no longer exists (PID 3344)
2026-05-20T12:57:19 [INFO] Heartbeat + Metrics
2026-05-20T12:57:19 [WARN] Desired process no longer exists (PID 8652)
2026-05-20T12:57:19 [WARN] Desired process no longer exists (PID 3344)
2026-05-20T12:57:28 [INFO] Heartbeat + Metrics
2026-05-20T12:57:28 [WARN] Desired process no longer exists (PID 8652)
2026-05-20T12:57:28 [WARN] Desired process no longer exists (PID 3344)
2026-05-20T12:57:36 [INFO] Heartbeat + Metrics
2026-05-20T12:57:36 [WARN] Desired process no longer exists (PID 8652)
2026-05-20T12:57:36 [WARN] Desired process no longer exists (PID 3344)
2026-05-20T12:57:46 [INFO] Heartbeat + Metrics
2026-05-20T12:57:46 [WARN] Desired process no longer exists (PID 8652)
2026-05-20T12:57:46 [WARN] Desired process no longer exists (PID 3344)
2026-05-20T12:57:54 [INFO] Heartbeat + Metrics
2026-05-20T12:57:55 [WARN] Desired process no longer exists (PID 8652)
2026-05-20T12:57:55 [WARN] Desired process no longer exists (PID 3344)
2026-05-20T12:58:03 [INFO] Heartbeat + Metrics
2026-05-20T12:58:12 [INFO] Heartbeat + Metrics
2026-05-20T12:58:20 [INFO] Heartbeat + Metrics
2026-05-20T12:58:29 [INFO] Heartbeat + Metrics
2026-05-20T12:58:38 [INFO] Heartbeat + Metrics
2026-05-20T12:58:46 [INFO] Heartbeat + Metrics
2026-05-20T12:58:55 [INFO] Heartbeat + Metrics
2026-05-20T12:59:03 [INFO] Heartbeat + Metrics
2026-05-20T12:59:12 [INFO] Heartbeat + Metrics
2026-05-20T12:59:20 [INFO] Heartbeat + Metrics
2026-05-20T12:59:29 [INFO] Heartbeat + Metrics
2026-05-20T12:59:37 [INFO] Heartbeat + Metrics
2026-05-20T12:59:46 [INFO] Heartbeat + Metrics
2026-05-20T12:59:54 [INFO] Heartbeat + Metrics
2026-05-20T13:00:03 [INFO] Heartbeat + Metrics
2026-05-20T13:00:11 [INFO] Heartbeat + Metrics
2026-05-20T13:00:20 [INFO] Heartbeat + Metrics
2026-05-20T13:00:29 [INFO] Heartbeat + Metrics
2026-05-20T13:00:37 [INFO] Heartbeat + Metrics
2026-05-20T13:00:46 [INFO] Heartbeat + Metrics
2026-05-20T13:00:54 [INFO] Heartbeat + Metrics
2026-05-20T13:01:03 [INFO] Heartbeat + Metrics
2026-05-20T13:01:12 [INFO] Heartbeat + Metrics
2026-05-20T13:01:20 [INFO] Heartbeat + Metrics
2026-05-20T13:01:29 [INFO] Heartbeat + Metrics
2026-05-20T13:01:38 [INFO] Heartbeat + Metrics
2026-05-20T13:01:46 [INFO] Heartbeat + Metrics
2026-05-20T13:01:55 [INFO] Heartbeat + Metrics
2026-05-20T13:02:03 [INFO] Heartbeat + Metrics
2026-05-20T13:02:12 [INFO] Heartbeat + Metrics
2026-05-20T13:02:20 [INFO] Heartbeat + Metrics
2026-05-20T13:02:29 [INFO] Heartbeat + Metrics
2026-05-20T13:02:38 [INFO] Heartbeat + Metrics
2026-05-20T13:02:46 [INFO] Heartbeat + Metrics
2026-05-20T13:02:55 [INFO] Heartbeat + Metrics
2026-05-20T13:03:04 [INFO] Heartbeat + Metrics
2026-05-20T13:03:12 [INFO] Heartbeat + Metrics
2026-05-20T13:03:21 [INFO] Heartbeat + Metrics
2026-05-20T13:03:29 [INFO] Heartbeat + Metrics
2026-05-20T13:03:38 [INFO] Heartbeat + Metrics
2026-05-20T13:03:47 [INFO] Heartbeat + Metrics
2026-05-20T13:03:56 [INFO] Heartbeat + Metrics
2026-05-20T13:04:04 [INFO] Heartbeat + Metrics
2026-05-20T13:04:13 [INFO] Heartbeat + Metrics
2026-05-20T13:04:21 [INFO] Heartbeat + Metrics
2026-05-20T13:04:30 [INFO] Heartbeat + Metrics
2026-05-20T13:04:38 [INFO] Heartbeat + Metrics
2026-05-20T13:04:47 [INFO] Heartbeat + Metrics
2026-05-20T13:04:56 [INFO] Heartbeat + Metrics
2026-05-20T13:05:04 [INFO] Heartbeat + Metrics
2026-05-20T13:05:13 [INFO] Heartbeat + Metrics
2026-05-20T13:05:22 [INFO] Heartbeat + Metrics
2026-05-20T13:05:30 [INFO] Heartbeat + Metrics
2026-05-20T13:05:39 [INFO] Heartbeat + Metrics
2026-05-20T13:05:47 [INFO] Heartbeat + Metrics
2026-05-20T13:05:56 [INFO] Heartbeat + Metrics
2026-05-20T13:06:04 [INFO] Heartbeat + Metrics
2026-05-20T13:06:13 [INFO] Heartbeat + Metrics
2026-05-20T13:06:22 [INFO] Heartbeat + Metrics
2026-05-20T13:06:30 [INFO] Heartbeat + Metrics
2026-05-20T13:06:30 [WARN] Desired process no longer exists (PID 8652)
2026-05-20T13:06:30 [WARN] Desired process no longer exists (PID 3344)
2026-05-20T13:06:39 [INFO] Heartbeat + Metrics
2026-05-20T13:06:39 [WARN] Desired process no longer exists (PID 8652)
2026-05-20T13:06:39 [WARN] Desired process no longer exists (PID 3344)
2026-05-20T13:06:48 [INFO] Heartbeat + Metrics
2026-05-20T13:06:48 [WARN] Failsafe triggered: CPU too high
2026-05-20T13:06:57 [INFO] Heartbeat + Metrics
2026-05-20T13:07:06 [INFO] Heartbeat + Metrics
2026-05-20T13:07:14 [INFO] Heartbeat + Metrics
2026-05-20T13:07:23 [INFO] Heartbeat + Metrics
2026-05-20T13:07:32 [INFO] Heartbeat + Metrics
2026-05-20T13:07:40 [INFO] Heartbeat + Metrics
2026-05-20T13:07:49 [INFO] Heartbeat + Metrics
2026-05-20T13:07:57 [INFO] Heartbeat + Metrics
2026-05-20T13:08:06 [INFO] Heartbeat + Metrics
2026-05-20T13:08:15 [INFO] Heartbeat + Metrics
2026-05-20T13:08:23 [INFO] Heartbeat + Metrics
2026-05-20T13:08:32 [INFO] Heartbeat + Metrics
2026-05-20T13:08:41 [INFO] Heartbeat + Metrics
2026-05-20T13:08:50 [INFO] Heartbeat + Metrics
2026-05-20T13:08:58 [INFO] Heartbeat + Metrics
2026-05-20T13:09:07 [INFO] Heartbeat + Metrics
2026-05-20T13:09:15 [INFO] Heartbeat + Metrics
2026-05-20T13:09:24 [INFO] Heartbeat + Metrics
2026-05-20T13:09:32 [INFO] Heartbeat + Metrics
2026-05-20T13:09:41 [INFO] Heartbeat + Metrics
2026-05-20T13:09:50 [INFO] Heartbeat + Metrics
2026-05-20T13:09:58 [INFO] Heartbeat + Metrics
2026-05-20T13:10:07 [INFO] Heartbeat + Metrics
2026-05-20T13:10:16 [INFO] Heartbeat + Metrics
2026-05-20T13:10:24 [INFO] Heartbeat + Metrics
2026-05-20T13:10:33 [INFO] Heartbeat + Metrics
2026-05-20T13:10:41 [INFO] Heartbeat + Metrics
2026-05-20T13:10:50 [INFO] Heartbeat + Metrics
2026-05-20T13:10:59 [INFO] Heartbeat + Metrics
2026-05-20T13:11:07 [INFO] Heartbeat + Metrics
2026-05-20T13:11:16 [INFO] Heartbeat + Metrics
2026-05-20T13:11:24 [INFO] Heartbeat + Metrics
2026-05-20T13:11:33 [INFO] Heartbeat + Metrics
2026-05-20T13:11:41 [INFO] Heartbeat + Metrics
2026-05-20T13:11:50 [INFO] Heartbeat + Metrics
2026-05-20T13:11:59 [INFO] Heartbeat + Metrics
2026-05-20T13:12:07 [INFO] Heartbeat + Metrics
2026-05-20T13:12:16 [INFO] Heartbeat + Metrics
2026-05-20T13:12:24 [INFO] Heartbeat + Metrics
2026-05-20T13:12:34 [INFO] Heartbeat + Metrics
2026-05-20T13:12:43 [INFO] Heartbeat + Metrics
2026-05-20T13:12:51 [INFO] Heartbeat + Metrics
2026-05-20T13:13:00 [INFO] Heartbeat + Metrics
2026-05-20T13:13:09 [INFO] Heartbeat + Metrics
2026-05-20T13:13:17 [INFO] Heartbeat + Metrics
2026-05-20T13:13:26 [INFO] Heartbeat + Metrics
2026-05-20T13:13:34 [INFO] Heartbeat + Metrics
2026-05-20T13:13:43 [INFO] Heartbeat + Metrics
2026-05-20T13:13:43 [WARN] Failsafe triggered: CPU too high
2026-05-20T13:13:52 [INFO] Heartbeat + Metrics
2026-05-20T13:13:52 [WARN] Desired process no longer exists (PID 6640)
2026-05-20T13:13:52 [WARN] Desired process no longer exists (PID 3344)
2026-05-20T13:14:03 [INFO] Heartbeat + Metrics
2026-05-20T13:14:12 [INFO] Heartbeat + Metrics
2026-05-20T13:14:21 [INFO] Heartbeat + Metrics
2026-05-20T13:14:29 [INFO] Heartbeat + Metrics
2026-05-20T13:14:38 [INFO] Heartbeat + Metrics
2026-05-20T13:14:46 [INFO] Heartbeat + Metrics
2026-05-20T13:14:55 [INFO] Heartbeat + Metrics
2026-05-20T13:15:04 [INFO] Heartbeat + Metrics
2026-05-20T13:15:12 [INFO] Heartbeat + Metrics
2026-05-20T13:15:21 [INFO] Heartbeat + Metrics
2026-05-20T13:15:29 [INFO] Heartbeat + Metrics
2026-05-20T13:15:38 [INFO] Heartbeat + Metrics
2026-05-20T13:15:47 [INFO] Heartbeat + Metrics
2026-05-20T13:15:47 [WARN] Failsafe triggered: CPU too high
2026-05-20T13:15:55 [INFO] Heartbeat + Metrics
2026-05-20T13:15:55 [WARN] Desired process no longer exists (PID 17564)
2026-05-20T13:15:55 [WARN] Desired process no longer exists (PID 3344)
2026-05-20T13:16:04 [INFO] Heartbeat + Metrics
2026-05-20T13:16:04 [WARN] Desired process no longer exists (PID 17564)
2026-05-20T13:16:04 [WARN] Desired process no longer exists (PID 3344)
2026-05-20T13:16:13 [INFO] Heartbeat + Metrics
2026-05-20T13:16:13 [WARN] Desired process no longer exists (PID 17564)
2026-05-20T13:16:13 [WARN] Desired process no longer exists (PID 3344)
2026-05-20T13:16:22 [INFO] Heartbeat + Metrics
2026-05-20T13:16:22 [WARN] Desired process no longer exists (PID 17564)
2026-05-20T13:16:22 [WARN] Desired process no longer exists (PID 3344)
2026-05-20T13:16:30 [INFO] Heartbeat + Metrics
2026-05-20T13:16:31 [WARN] Desired process no longer exists (PID 17564)
2026-05-20T13:16:31 [WARN] Desired process no longer exists (PID 3344)
2026-05-20T13:16:39 [INFO] Heartbeat + Metrics
2026-05-20T13:16:39 [WARN] Desired process no longer exists (PID 17564)
2026-05-20T13:16:39 [WARN] Desired process no longer exists (PID 3344)
2026-05-20T13:16:48 [INFO] Heartbeat + Metrics
2026-05-20T13:16:48 [WARN] Desired process no longer exists (PID 17564)
2026-05-20T13:16:48 [WARN] Desired process no longer exists (PID 3344)
2026-05-20T13:16:57 [INFO] Heartbeat + Metrics
2026-05-20T13:16:57 [WARN] Desired process no longer exists (PID 17564)
2026-05-20T13:16:57 [WARN] Desired process no longer exists (PID 3344)
2026-05-20T13:17:05 [INFO] Heartbeat + Metrics
2026-05-20T13:17:05 [WARN] Desired process no longer exists (PID 17564)
2026-05-20T13:17:05 [WARN] Desired process no longer exists (PID 3344)
2026-05-20T13:17:14 [INFO] Heartbeat + Metrics
2026-05-20T13:17:14 [WARN] Failsafe triggered: CPU too high
2026-05-20T13:17:23 [INFO] Heartbeat + Metrics
2026-05-20T13:17:23 [WARN] Desired process no longer exists (PID 17564)
2026-05-20T13:17:23 [WARN] Desired process no longer exists (PID 3344)
2026-05-20T13:17:32 [INFO] Heartbeat + Metrics
2026-05-20T13:17:32 [WARN] Desired process no longer exists (PID 17564)
2026-05-20T13:17:32 [WARN] Desired process no longer exists (PID 3344)
2026-05-20T13:17:41 [INFO] Heartbeat + Metrics
2026-05-20T13:17:41 [WARN] Desired process no longer exists (PID 17564)
2026-05-20T13:17:41 [WARN] Desired process no longer exists (PID 3344)
2026-05-20T13:17:49 [INFO] Heartbeat + Metrics
2026-05-20T13:17:49 [WARN] Desired process no longer exists (PID 17564)
2026-05-20T13:17:49 [WARN] Desired process no longer exists (PID 3344)
2026-05-20T13:17:58 [INFO] Heartbeat + Metrics
2026-05-20T13:17:58 [WARN] Desired process no longer exists (PID 17564)
2026-05-20T13:17:58 [WARN] Desired process no longer exists (PID 3344)
2026-05-20T13:18:07 [INFO] Heartbeat + Metrics
2026-05-20T13:18:07 [WARN] Desired process no longer exists (PID 17564)
2026-05-20T13:18:07 [WARN] Desired process no longer exists (PID 3344)
2026-05-20T13:18:15 [INFO] Heartbeat + Metrics
2026-05-20T13:18:15 [WARN] Desired process no longer exists (PID 17564)
2026-05-20T13:18:15 [WARN] Desired process no longer exists (PID 3344)
2026-05-20T13:18:24 [INFO] Heartbeat + Metrics
2026-05-20T13:18:33 [INFO] Heartbeat + Metrics
2026-05-20T13:18:41 [INFO] Heartbeat + Metrics
2026-05-20T13:18:50 [INFO] Heartbeat + Metrics
2026-05-20T13:18:59 [INFO] Heartbeat + Metrics
2026-05-20T13:19:07 [INFO] Heartbeat + Metrics
2026-05-20T13:19:16 [INFO] Heartbeat + Metrics
2026-05-20T13:19:24 [INFO] Heartbeat + Metrics
2026-05-20T13:19:33 [INFO] Heartbeat + Metrics
2026-05-20T13:19:42 [INFO] Heartbeat + Metrics
2026-05-20T13:19:50 [INFO] Heartbeat + Metrics
2026-05-20T13:19:59 [INFO] Heartbeat + Metrics
2026-05-20T13:20:07 [INFO] Heartbeat + Metrics
2026-05-20T13:20:16 [INFO] Heartbeat + Metrics
2026-05-20T13:20:25 [INFO] Heartbeat + Metrics
2026-05-20T13:20:33 [INFO] Heartbeat + Metrics
2026-05-20T13:20:42 [INFO] Heartbeat + Metrics
2026-05-20T13:20:50 [INFO] Heartbeat + Metrics
2026-05-20T13:20:50 [WARN] Desired process no longer exists (PID 17564)
2026-05-20T13:20:50 [WARN] Desired process no longer exists (PID 3344)
2026-05-20T13:20:59 [INFO] Heartbeat + Metrics
2026-05-20T13:20:59 [WARN] Desired process no longer exists (PID 17564)
2026-05-20T13:20:59 [WARN] Desired process no longer exists (PID 3344)
2026-05-20T13:21:08 [INFO] Heartbeat + Metrics
2026-05-20T13:21:16 [INFO] Heartbeat + Metrics
2026-05-20T13:21:25 [INFO] Heartbeat + Metrics
2026-05-20T13:21:34 [INFO] Heartbeat + Metrics
2026-05-20T13:21:42 [INFO] Heartbeat + Metrics
2026-05-20T13:21:42 [WARN] Desired process no longer exists (PID 17564)
2026-05-20T13:21:42 [WARN] Desired process no longer exists (PID 3344)
2026-05-20T13:21:51 [INFO] Heartbeat + Metrics
2026-05-20T13:21:51 [WARN] Desired process no longer exists (PID 17564)
2026-05-20T13:21:51 [WARN] Desired process no longer exists (PID 3344)
2026-05-20T13:21:59 [INFO] Heartbeat + Metrics
2026-05-20T13:22:00 [WARN] Desired process no longer exists (PID 17564)
2026-05-20T13:22:00 [WARN] Desired process no longer exists (PID 3344)
2026-05-20T13:22:08 [INFO] Heartbeat + Metrics
2026-05-20T13:22:08 [WARN] Desired process no longer exists (PID 17564)
2026-05-20T13:22:08 [WARN] Desired process no longer exists (PID 3344)
2026-05-20T13:22:17 [INFO] Heartbeat + Metrics
2026-05-20T13:22:17 [WARN] Desired process no longer exists (PID 17564)
2026-05-20T13:22:17 [WARN] Desired process no longer exists (PID 3344)
2026-05-20T13:22:26 [INFO] Heartbeat + Metrics
2026-05-20T13:22:26 [WARN] Desired process no longer exists (PID 17564)
2026-05-20T13:22:26 [WARN] Desired process no longer exists (PID 3344)
2026-05-20T13:22:34 [INFO] Heartbeat + Metrics
2026-05-20T13:22:35 [WARN] Desired process no longer exists (PID 17564)
2026-05-20T13:22:35 [WARN] Desired process no longer exists (PID 3344)
2026-05-20T13:22:43 [INFO] Heartbeat + Metrics
2026-05-20T13:22:43 [WARN] Desired process no longer exists (PID 17564)
2026-05-20T13:22:43 [WARN] Desired process no longer exists (PID 3344)
2026-05-20T13:22:52 [INFO] Heartbeat + Metrics
2026-05-20T13:22:52 [WARN] Desired process no longer exists (PID 17564)
2026-05-20T13:22:52 [WARN] Desired process no longer exists (PID 3344)
2026-05-20T13:23:01 [INFO] Heartbeat + Metrics
2026-05-20T13:23:09 [INFO] Heartbeat + Metrics
2026-05-20T13:23:18 [INFO] Heartbeat + Metrics
2026-05-20T13:23:18 [WARN] Desired process no longer exists (PID 17564)
2026-05-20T13:23:18 [WARN] Desired process no longer exists (PID 3344)
2026-05-20T13:23:27 [INFO] Heartbeat + Metrics
2026-05-20T13:23:27 [WARN] Desired process no longer exists (PID 17564)
2026-05-20T13:23:27 [WARN] Desired process no longer exists (PID 3344)
2026-05-20T13:23:35 [INFO] Heartbeat + Metrics
2026-05-20T13:23:35 [WARN] Desired process no longer exists (PID 17564)
2026-05-20T13:23:35 [WARN] Desired process no longer exists (PID 3344)
2026-05-20T13:23:44 [INFO] Heartbeat + Metrics
2026-05-20T13:23:53 [INFO] Heartbeat + Metrics
2026-05-20T13:24:02 [INFO] Heartbeat + Metrics
2026-05-20T13:24:02 [WARN] Failsafe triggered: CPU too high
2026-05-20T13:24:11 [INFO] Heartbeat + Metrics
2026-05-20T13:24:11 [WARN] Desired process no longer exists (PID 17564)
2026-05-20T13:24:11 [WARN] Desired process no longer exists (PID 3344)
2026-05-20T13:24:19 [INFO] Heartbeat + Metrics
2026-05-20T13:24:28 [INFO] Heartbeat + Metrics
2026-05-20T13:24:37 [INFO] Heartbeat + Metrics
2026-05-20T13:24:37 [WARN] Failsafe triggered: CPU too high
2026-05-20T13:24:45 [INFO] Heartbeat + Metrics
2026-05-20T13:24:54 [INFO] Heartbeat + Metrics
2026-05-20T13:25:03 [INFO] Heartbeat + Metrics
2026-05-20T13:25:11 [INFO] Heartbeat + Metrics
2026-05-20T13:25:11 [WARN] Desired process no longer exists (PID 17564)
2026-05-20T13:25:11 [WARN] Desired process no longer exists (PID 3344)
2026-05-20T13:25:20 [INFO] Heartbeat + Metrics
2026-05-20T13:25:20 [WARN] Desired process no longer exists (PID 17564)
2026-05-20T13:25:20 [WARN] Desired process no longer exists (PID 3344)
2026-05-20T13:25:29 [INFO] Heartbeat + Metrics
2026-05-20T13:25:29 [WARN] Desired process no longer exists (PID 17564)
2026-05-20T13:25:29 [WARN] Desired process no longer exists (PID 3344)
2026-05-20T13:25:38 [INFO] Heartbeat + Metrics
2026-05-20T13:25:38 [WARN] Desired process no longer exists (PID 17564)
2026-05-20T13:25:38 [WARN] Desired process no longer exists (PID 3344)
2026-05-20T13:25:46 [INFO] Heartbeat + Metrics
2026-05-20T13:25:46 [WARN] Desired process no longer exists (PID 17564)
2026-05-20T13:25:46 [WARN] Desired process no longer exists (PID 3344)
2026-05-20T13:25:55 [INFO] Heartbeat + Metrics
2026-05-20T13:25:55 [WARN] Desired process no longer exists (PID 17564)
2026-05-20T13:25:55 [WARN] Desired process no longer exists (PID 3344)
2026-05-20T13:26:04 [INFO] Heartbeat + Metrics
2026-05-20T13:26:04 [WARN] Desired process no longer exists (PID 17564)
2026-05-20T13:26:04 [WARN] Desired process no longer exists (PID 3344)
2026-05-20T13:26:12 [INFO] Heartbeat + Metrics
2026-05-20T13:26:12 [WARN] Desired process no longer exists (PID 17564)
2026-05-20T13:26:12 [WARN] Desired process no longer exists (PID 3344)
2026-05-20T13:26:21 [INFO] Heartbeat + Metrics
2026-05-20T13:26:21 [WARN] Desired process no longer exists (PID 17564)
2026-05-20T13:26:21 [WARN] Desired process no longer exists (PID 3344)
2026-05-20T13:26:30 [INFO] Heartbeat + Metrics
2026-05-20T13:26:30 [WARN] Desired process no longer exists (PID 17564)
2026-05-20T13:26:30 [WARN] Desired process no longer exists (PID 3344)
2026-05-20T13:26:38 [INFO] Heartbeat + Metrics
2026-05-20T13:26:38 [WARN] Desired process no longer exists (PID 17564)
2026-05-20T13:26:38 [WARN] Desired process no longer exists (PID 3344)
2026-05-20T13:26:47 [INFO] Heartbeat + Metrics
2026-05-20T13:26:56 [INFO] Heartbeat + Metrics
2026-05-20T13:27:04 [INFO] Heartbeat + Metrics
2026-05-20T13:27:13 [INFO] Heartbeat + Metrics
2026-05-20T13:27:13 [WARN] Desired process no longer exists (PID 17564)
2026-05-20T13:27:13 [WARN] Desired process no longer exists (PID 3344)
2026-05-20T13:27:22 [INFO] Heartbeat + Metrics
2026-05-20T13:27:22 [WARN] Desired process no longer exists (PID 17564)
2026-05-20T13:27:22 [WARN] Desired process no longer exists (PID 3344)
2026-05-20T13:27:31 [INFO] Heartbeat + Metrics
2026-05-20T13:27:31 [WARN] Desired process no longer exists (PID 17564)
2026-05-20T13:27:31 [WARN] Desired process no longer exists (PID 3344)
2026-05-20T13:27:40 [INFO] Heartbeat + Metrics
2026-05-20T13:27:48 [INFO] Heartbeat + Metrics
2026-05-20T13:27:57 [INFO] Heartbeat + Metrics
2026-05-20T13:28:05 [INFO] Heartbeat + Metrics
2026-05-20T13:28:14 [INFO] Heartbeat + Metrics
2026-05-20T13:28:14 [WARN] Desired process no longer exists (PID 17564)
2026-05-20T13:28:14 [WARN] Desired process no longer exists (PID 3344)
2026-05-20T13:28:23 [INFO] Heartbeat + Metrics
2026-05-20T13:28:31 [INFO] Heartbeat + Metrics
2026-05-20T13:28:40 [INFO] Heartbeat + Metrics
2026-05-20T13:28:48 [INFO] Heartbeat + Metrics
2026-05-20T13:28:48 [WARN] Failsafe triggered: CPU too high
2026-05-20T13:28:57 [INFO] Heartbeat + Metrics
2026-05-20T13:29:06 [INFO] Heartbeat + Metrics
2026-05-20T13:29:14 [INFO] Heartbeat + Metrics
2026-05-20T13:29:23 [INFO] Heartbeat + Metrics
2026-05-20T13:29:31 [INFO] Heartbeat + Metrics
2026-05-20T13:29:40 [INFO] Heartbeat + Metrics
2026-05-20T13:29:49 [INFO] Heartbeat + Metrics
2026-05-20T13:29:49 [WARN] Failsafe triggered: CPU too high
2026-05-20T13:29:57 [INFO] Heartbeat + Metrics
2026-05-20T13:30:06 [INFO] Heartbeat + Metrics
2026-05-20T13:30:14 [INFO] Heartbeat + Metrics
2026-05-20T13:30:23 [INFO] Heartbeat + Metrics
2026-05-20T13:30:32 [INFO] Heartbeat + Metrics
2026-05-20T13:30:40 [INFO] Heartbeat + Metrics
2026-05-20T13:30:49 [INFO] Heartbeat + Metrics
2026-05-20T13:30:57 [INFO] Heartbeat + Metrics
2026-05-20T13:31:06 [INFO] Heartbeat + Metrics
2026-05-20T13:31:15 [INFO] Heartbeat + Metrics
2026-05-20T13:31:24 [INFO] Heartbeat + Metrics
2026-05-20T13:31:33 [INFO] Heartbeat + Metrics
2026-05-20T13:31:41 [INFO] Heartbeat + Metrics
2026-05-20T13:31:50 [INFO] Heartbeat + Metrics
2026-05-20T13:31:58 [INFO] Heartbeat + Metrics
2026-05-20T13:32:07 [INFO] Heartbeat + Metrics
2026-05-20T13:32:07 [WARN] Failsafe triggered: CPU too high
2026-05-20T13:32:16 [INFO] Heartbeat + Metrics
2026-05-20T13:32:24 [INFO] Heartbeat + Metrics
2026-05-20T13:32:33 [INFO] Heartbeat + Metrics
2026-05-20T13:32:42 [INFO] Heartbeat + Metrics
2026-05-20T13:32:50 [INFO] Heartbeat + Metrics
2026-05-20T13:32:59 [INFO] Heartbeat + Metrics
2026-05-20T13:32:59 [WARN] Desired process no longer exists (PID 17564)
2026-05-20T13:32:59 [WARN] Desired process no longer exists (PID 3344)
2026-05-20T13:33:08 [INFO] Heartbeat + Metrics
2026-05-20T13:33:16 [INFO] Heartbeat + Metrics
2026-05-20T13:33:25 [INFO] Heartbeat + Metrics
2026-05-20T13:33:33 [INFO] Heartbeat + Metrics
2026-05-20T13:33:42 [INFO] Heartbeat + Metrics
2026-05-20T13:33:51 [INFO] Heartbeat + Metrics
2026-05-20T13:33:51 [WARN] Desired process no longer exists (PID 17564)
2026-05-20T13:33:51 [WARN] Desired process no longer exists (PID 3344)
2026-05-20T13:33:59 [INFO] Heartbeat + Metrics
2026-05-20T13:34:08 [INFO] Heartbeat + Metrics
2026-05-20T13:34:17 [INFO] Heartbeat + Metrics
2026-05-20T13:34:25 [INFO] Heartbeat + Metrics
2026-05-20T13:34:34 [INFO] Heartbeat + Metrics
2026-05-20T13:34:42 [INFO] Heartbeat + Metrics
2026-05-20T13:34:51 [INFO] Heartbeat + Metrics
2026-05-20T13:35:00 [INFO] Heartbeat + Metrics
2026-05-20T13:35:00 [WARN] Failsafe triggered: CPU too high
2026-05-20T13:35:09 [INFO] Heartbeat + Metrics
2026-05-20T13:35:09 [WARN] Desired process no longer exists (PID 17564)
2026-05-20T13:35:09 [WARN] Desired process no longer exists (PID 3344)
2026-05-20T13:35:18 [INFO] Heartbeat + Metrics
2026-05-20T13:35:26 [INFO] Heartbeat + Metrics
2026-05-20T13:35:35 [INFO] Heartbeat + Metrics
2026-05-20T13:35:35 [WARN] Desired process no longer exists (PID 17564)
2026-05-20T13:35:35 [WARN] Desired process no longer exists (PID 3344)
2026-05-20T13:35:44 [INFO] Heartbeat + Metrics
2026-05-20T13:35:53 [INFO] Heartbeat + Metrics
2026-05-20T13:36:02 [INFO] Heartbeat + Metrics
2026-05-20T13:36:02 [WARN] Desired process no longer exists (PID 17564)
2026-05-20T13:36:02 [WARN] Desired process no longer exists (PID 3344)
2026-05-20T13:36:10 [INFO] Heartbeat + Metrics
2026-05-20T13:36:11 [WARN] Desired process no longer exists (PID 17564)
2026-05-20T13:36:11 [WARN] Desired process no longer exists (PID 3344)
2026-05-20T13:36:19 [INFO] Heartbeat + Metrics
2026-05-20T13:36:28 [INFO] Heartbeat + Metrics
2026-05-20T13:36:36 [INFO] Heartbeat + Metrics
2026-05-20T13:36:45 [INFO] Heartbeat + Metrics
2026-05-20T13:36:45 [WARN] Desired process no longer exists (PID 17564)
2026-05-20T13:36:45 [WARN] Desired process no longer exists (PID 3344)
2026-05-20T13:36:54 [INFO] Heartbeat + Metrics
2026-05-20T13:37:02 [INFO] Heartbeat + Metrics
2026-05-20T13:37:02 [WARN] Desired process no longer exists (PID 17564)
2026-05-20T13:37:02 [WARN] Desired process no longer exists (PID 3344)
2026-05-20T13:37:11 [INFO] Heartbeat + Metrics
2026-05-20T13:37:11 [WARN] Desired process no longer exists (PID 17564)
2026-05-20T13:37:11 [WARN] Desired process no longer exists (PID 3344)
2026-05-20T13:37:20 [INFO] Heartbeat + Metrics
2026-05-20T13:37:20 [WARN] Desired process no longer exists (PID 17564)
2026-05-20T13:37:20 [WARN] Desired process no longer exists (PID 3344)
2026-05-20T13:37:29 [INFO] Heartbeat + Metrics
2026-05-20T13:37:29 [WARN] Desired process no longer exists (PID 17564)
2026-05-20T13:37:29 [WARN] Desired process no longer exists (PID 3344)
2026-05-20T13:37:37 [INFO] Heartbeat + Metrics
2026-05-20T13:37:37 [WARN] Desired process no longer exists (PID 17564)
2026-05-20T13:37:37 [WARN] Desired process no longer exists (PID 3344)
2026-05-20T13:37:46 [INFO] Heartbeat + Metrics
2026-05-20T13:37:46 [WARN] Desired process no longer exists (PID 17564)
2026-05-20T13:37:46 [WARN] Desired process no longer exists (PID 3344)
2026-05-20T13:37:54 [INFO] Heartbeat + Metrics
2026-05-20T13:37:55 [WARN] Desired process no longer exists (PID 17564)
2026-05-20T13:37:55 [WARN] Desired process no longer exists (PID 3344)
2026-05-20T13:38:03 [INFO] Heartbeat + Metrics
2026-05-20T13:38:03 [WARN] Desired process no longer exists (PID 17564)
2026-05-20T13:38:03 [WARN] Desired process no longer exists (PID 3344)
2026-05-20T13:38:12 [INFO] Heartbeat + Metrics
2026-05-20T13:38:12 [WARN] Desired process no longer exists (PID 17564)
2026-05-20T13:38:12 [WARN] Desired process no longer exists (PID 3344)
2026-05-20T13:38:21 [INFO] Heartbeat + Metrics
2026-05-20T13:38:29 [INFO] Heartbeat + Metrics
2026-05-20T13:38:39 [INFO] Heartbeat + Metrics
2026-05-20T13:38:40 [WARN] Failsafe triggered: CPU too high
2026-05-20T13:38:50 [INFO] Heartbeat + Metrics
2026-05-20T13:38:59 [INFO] Heartbeat + Metrics
2026-05-20T13:39:08 [INFO] Heartbeat + Metrics
2026-05-20T13:39:17 [INFO] Heartbeat + Metrics
2026-05-20T13:39:25 [INFO] Heartbeat + Metrics
2026-05-20T13:39:34 [INFO] Heartbeat + Metrics
2026-05-20T13:39:42 [INFO] Heartbeat + Metrics
2026-05-20T13:39:51 [INFO] Heartbeat + Metrics
2026-05-20T13:40:00 [INFO] Heartbeat + Metrics
2026-05-20T13:40:08 [INFO] Heartbeat + Metrics
2026-05-20T13:40:17 [INFO] Heartbeat + Metrics
2026-05-20T13:40:25 [INFO] Heartbeat + Metrics
2026-05-20T13:40:34 [INFO] Heartbeat + Metrics
2026-05-20T13:40:43 [INFO] Heartbeat + Metrics
2026-05-20T13:40:52 [INFO] Heartbeat + Metrics
2026-05-20T13:41:01 [INFO] Heartbeat + Metrics
2026-05-20T13:41:10 [INFO] Heartbeat + Metrics
2026-05-20T13:41:18 [INFO] Heartbeat + Metrics
2026-05-20T13:41:27 [INFO] Heartbeat + Metrics
2026-05-20T13:41:36 [INFO] Heartbeat + Metrics
2026-05-20T13:41:44 [INFO] Heartbeat + Metrics
2026-05-20T13:41:53 [INFO] Heartbeat + Metrics
2026-05-20T13:42:01 [INFO] Heartbeat + Metrics
2026-05-20T13:42:10 [INFO] Heartbeat + Metrics
2026-05-20T13:42:10 [WARN] Desired process no longer exists (PID 17564)
2026-05-20T13:42:10 [WARN] Desired process no longer exists (PID 3344)
2026-05-20T13:42:19 [INFO] Heartbeat + Metrics
2026-05-20T13:42:27 [INFO] Heartbeat + Metrics
2026-05-20T13:42:36 [INFO] Heartbeat + Metrics
2026-05-20T13:42:45 [INFO] Heartbeat + Metrics
2026-05-20T13:42:53 [INFO] Heartbeat + Metrics
2026-05-20T13:43:02 [INFO] Heartbeat + Metrics
2026-05-20T13:43:10 [INFO] Heartbeat + Metrics
2026-05-20T13:43:19 [INFO] Heartbeat + Metrics
2026-05-20T13:43:28 [INFO] Heartbeat + Metrics
2026-05-20T13:43:37 [INFO] Heartbeat + Metrics
2026-05-20T13:43:45 [INFO] Heartbeat + Metrics
2026-05-20T13:43:54 [INFO] Heartbeat + Metrics
2026-05-20T13:44:03 [INFO] Heartbeat + Metrics
2026-05-20T13:44:11 [INFO] Heartbeat + Metrics
2026-05-20T13:44:20 [INFO] Heartbeat + Metrics
2026-05-20T13:44:28 [INFO] Heartbeat + Metrics
2026-05-20T13:44:37 [INFO] Heartbeat + Metrics
2026-05-20T13:44:46 [INFO] Heartbeat + Metrics
2026-05-20T13:44:55 [INFO] Heartbeat + Metrics
2026-05-20T13:45:03 [INFO] Heartbeat + Metrics
2026-05-20T13:45:12 [INFO] Heartbeat + Metrics
2026-05-20T13:45:20 [INFO] Heartbeat + Metrics
2026-05-20T13:45:29 [INFO] Heartbeat + Metrics
2026-05-20T13:45:37 [INFO] Heartbeat + Metrics
2026-05-20T13:45:46 [INFO] Heartbeat + Metrics
2026-05-20T13:45:55 [INFO] Heartbeat + Metrics
2026-05-20T13:46:03 [INFO] Heartbeat + Metrics
2026-05-20T13:46:12 [INFO] Heartbeat + Metrics
2026-05-20T13:46:20 [INFO] Heartbeat + Metrics
2026-05-20T13:46:29 [INFO] Heartbeat + Metrics
2026-05-20T13:46:29 [WARN] Desired process no longer exists (PID 17564)
2026-05-20T13:46:29 [WARN] Desired process no longer exists (PID 3344)
2026-05-20T13:46:38 [INFO] Heartbeat + Metrics
2026-05-20T13:46:38 [WARN] Desired process no longer exists (PID 17564)
2026-05-20T13:46:38 [WARN] Desired process no longer exists (PID 3344)
2026-05-20T13:46:46 [INFO] Heartbeat + Metrics
2026-05-20T13:46:46 [WARN] Desired process no longer exists (PID 17564)
2026-05-20T13:46:46 [WARN] Desired process no longer exists (PID 3344)
2026-05-20T13:46:55 [INFO] Heartbeat + Metrics
2026-05-20T13:47:04 [INFO] Heartbeat + Metrics
2026-05-20T13:47:04 [WARN] Desired process no longer exists (PID 17564)
2026-05-20T13:47:04 [WARN] Desired process no longer exists (PID 3344)
2026-05-20T13:47:12 [INFO] Heartbeat + Metrics
2026-05-20T13:47:13 [WARN] Desired process no longer exists (PID 17564)
2026-05-20T13:47:13 [WARN] Desired process no longer exists (PID 3344)
2026-05-20T13:47:21 [INFO] Heartbeat + Metrics
2026-05-20T13:47:21 [WARN] Desired process no longer exists (PID 17564)
2026-05-20T13:47:21 [WARN] Desired process no longer exists (PID 3344)
2026-05-20T13:47:30 [INFO] Heartbeat + Metrics
2026-05-20T13:47:30 [WARN] Desired process no longer exists (PID 17564)
2026-05-20T13:47:30 [WARN] Desired process no longer exists (PID 3344)
2026-05-20T13:47:39 [INFO] Heartbeat + Metrics
2026-05-20T13:47:39 [WARN] Desired process no longer exists (PID 17564)
2026-05-20T13:47:39 [WARN] Desired process no longer exists (PID 3344)
2026-05-20T13:47:47 [INFO] Heartbeat + Metrics
2026-05-20T13:47:47 [WARN] Desired process no longer exists (PID 17564)
2026-05-20T13:47:47 [WARN] Desired process no longer exists (PID 3344)
2026-05-20T13:47:56 [INFO] Heartbeat + Metrics
2026-05-20T13:47:56 [WARN] Desired process no longer exists (PID 17564)
2026-05-20T13:47:56 [WARN] Desired process no longer exists (PID 3344)
2026-05-20T13:48:05 [INFO] Heartbeat + Metrics
2026-05-20T13:48:05 [WARN] Desired process no longer exists (PID 17564)
2026-05-20T13:48:05 [WARN] Desired process no longer exists (PID 3344)
2026-05-20T13:48:13 [INFO] Heartbeat + Metrics
2026-05-20T13:48:14 [WARN] Desired process no longer exists (PID 17564)
2026-05-20T13:48:14 [WARN] Desired process no longer exists (PID 3344)
2026-05-20T13:48:22 [INFO] Heartbeat + Metrics
2026-05-20T13:48:22 [WARN] Desired process no longer exists (PID 17564)
2026-05-20T13:48:22 [WARN] Desired process no longer exists (PID 3344)
2026-05-20T13:48:31 [INFO] Heartbeat + Metrics
2026-05-20T13:48:31 [WARN] Desired process no longer exists (PID 17564)
2026-05-20T13:48:31 [WARN] Desired process no longer exists (PID 3344)
2026-05-20T13:48:40 [INFO] Heartbeat + Metrics
2026-05-20T13:48:40 [WARN] Desired process no longer exists (PID 17564)
2026-05-20T13:48:40 [WARN] Desired process no longer exists (PID 3344)
2026-05-20T13:48:48 [INFO] Heartbeat + Metrics
2026-05-20T13:48:48 [WARN] Desired process no longer exists (PID 17564)
2026-05-20T13:48:48 [WARN] Desired process no longer exists (PID 3344)
2026-05-20T13:48:57 [INFO] Heartbeat + Metrics
2026-05-20T13:48:57 [WARN] Desired process no longer exists (PID 17564)
2026-05-20T13:48:57 [WARN] Desired process no longer exists (PID 3344)
2026-05-20T13:49:06 [INFO] Heartbeat + Metrics
2026-05-20T13:49:06 [WARN] Desired process no longer exists (PID 17564)
2026-05-20T13:49:06 [WARN] Desired process no longer exists (PID 3344)
2026-05-20T13:49:15 [INFO] Heartbeat + Metrics
2026-05-20T13:49:15 [WARN] Desired process no longer exists (PID 17564)
2026-05-20T13:49:15 [WARN] Desired process no longer exists (PID 3344)
2026-05-20T13:49:23 [INFO] Heartbeat + Metrics
2026-05-20T13:49:23 [WARN] Desired process no longer exists (PID 17564)
2026-05-20T13:49:23 [WARN] Desired process no longer exists (PID 3344)
2026-05-20T13:49:32 [INFO] Heartbeat + Metrics
2026-05-20T13:49:32 [WARN] Desired process no longer exists (PID 17564)
2026-05-20T13:49:32 [WARN] Desired process no longer exists (PID 3344)
2026-05-20T13:49:41 [INFO] Heartbeat + Metrics
2026-05-20T13:49:41 [WARN] Desired process no longer exists (PID 17564)
2026-05-20T13:49:41 [WARN] Desired process no longer exists (PID 3344)
2026-05-20T13:49:49 [INFO] Heartbeat + Metrics
2026-05-20T13:49:49 [WARN] Desired process no longer exists (PID 17564)
2026-05-20T13:49:49 [WARN] Desired process no longer exists (PID 3344)
2026-05-20T13:49:58 [INFO] Heartbeat + Metrics
2026-05-20T13:49:58 [WARN] Desired process no longer exists (PID 17564)
2026-05-20T13:49:58 [WARN] Desired process no longer exists (PID 3344)
2026-05-20T13:50:07 [INFO] Heartbeat + Metrics
2026-05-20T13:50:07 [WARN] Desired process no longer exists (PID 17564)
2026-05-20T13:50:07 [WARN] Desired process no longer exists (PID 3344)
2026-05-20T13:50:15 [INFO] Heartbeat + Metrics
2026-05-20T13:50:24 [INFO] Heartbeat + Metrics
2026-05-20T13:50:32 [INFO] Heartbeat + Metrics
2026-05-20T13:50:41 [INFO] Heartbeat + Metrics
2026-05-20T13:50:50 [INFO] Heartbeat + Metrics
2026-05-20T13:50:58 [INFO] Heartbeat + Metrics
2026-05-20T13:50:58 [WARN] Desired process no longer exists (PID 17564)
2026-05-20T13:50:58 [WARN] Desired process no longer exists (PID 3344)
2026-05-20T13:51:07 [INFO] Heartbeat + Metrics
2026-05-20T13:51:16 [INFO] Heartbeat + Metrics
2026-05-20T13:51:24 [INFO] Heartbeat + Metrics
2026-05-20T13:51:24 [WARN] Desired process no longer exists (PID 17564)
2026-05-20T13:51:24 [WARN] Desired process no longer exists (PID 3344)
2026-05-20T13:51:33 [INFO] Heartbeat + Metrics
2026-05-20T13:51:41 [INFO] Heartbeat + Metrics
2026-05-20T13:51:50 [INFO] Heartbeat + Metrics
2026-05-20T13:51:59 [INFO] Heartbeat + Metrics
2026-05-20T13:52:07 [INFO] Heartbeat + Metrics
2026-05-20T13:52:16 [INFO] Heartbeat + Metrics
2026-05-20T13:52:16 [WARN] Desired process no longer exists (PID 17564)
2026-05-20T13:52:16 [WARN] Desired process no longer exists (PID 3344)
2026-05-20T13:52:25 [INFO] Heartbeat + Metrics
2026-05-20T13:52:25 [WARN] Desired process no longer exists (PID 17564)
2026-05-20T13:52:25 [WARN] Desired process no longer exists (PID 3344)
2026-05-20T13:52:34 [INFO] Heartbeat + Metrics
2026-05-20T13:52:34 [WARN] Desired process no longer exists (PID 17564)
2026-05-20T13:52:34 [WARN] Desired process no longer exists (PID 3344)
2026-05-20T13:52:42 [INFO] Heartbeat + Metrics
2026-05-20T13:52:43 [WARN] Desired process no longer exists (PID 17564)
2026-05-20T13:52:43 [WARN] Desired process no longer exists (PID 3344)
2026-05-20T13:52:51 [INFO] Heartbeat + Metrics
2026-05-20T13:52:51 [WARN] Desired process no longer exists (PID 17564)
2026-05-20T13:52:51 [WARN] Desired process no longer exists (PID 3344)
2026-05-20T13:53:00 [INFO] Heartbeat + Metrics
2026-05-20T13:53:00 [WARN] Failsafe triggered: CPU too high
2026-05-20T13:53:09 [INFO] Heartbeat + Metrics
2026-05-20T13:53:09 [WARN] Desired process no longer exists (PID 17564)
2026-05-20T13:53:09 [WARN] Desired process no longer exists (PID 3344)
2026-05-20T13:53:17 [INFO] Heartbeat + Metrics
2026-05-20T13:53:17 [WARN] Desired process no longer exists (PID 17564)
2026-05-20T13:53:17 [WARN] Desired process no longer exists (PID 3344)
2026-05-20T13:53:26 [INFO] Heartbeat + Metrics
2026-05-20T13:53:26 [WARN] Desired process no longer exists (PID 17564)
2026-05-20T13:53:26 [WARN] Desired process no longer exists (PID 3344)
2026-05-20T13:53:35 [INFO] Heartbeat + Metrics
2026-05-20T13:53:35 [WARN] Desired process no longer exists (PID 17564)
2026-05-20T13:53:35 [WARN] Desired process no longer exists (PID 3344)
2026-05-20T13:53:43 [INFO] Heartbeat + Metrics
2026-05-20T13:53:43 [WARN] Desired process no longer exists (PID 17564)
2026-05-20T13:53:43 [WARN] Desired process no longer exists (PID 3344)
2026-05-20T13:53:52 [INFO] Heartbeat + Metrics
2026-05-20T13:54:01 [INFO] Heartbeat + Metrics
2026-05-20T13:54:09 [INFO] Heartbeat + Metrics
2026-05-20T13:54:18 [INFO] Heartbeat + Metrics
2026-05-20T13:54:27 [INFO] Heartbeat + Metrics
2026-05-20T13:54:35 [INFO] Heartbeat + Metrics
2026-05-20T13:54:44 [INFO] Heartbeat + Metrics
2026-05-20T13:54:52 [INFO] Heartbeat + Metrics
2026-05-20T13:54:52 [WARN] Desired process no longer exists (PID 17564)
2026-05-20T13:54:53 [WARN] Desired process no longer exists (PID 3344)
2026-05-20T13:55:01 [INFO] Heartbeat + Metrics
2026-05-20T13:55:01 [WARN] Desired process no longer exists (PID 17564)
2026-05-20T13:55:01 [WARN] Desired process no longer exists (PID 3344)
2026-05-20T13:55:10 [INFO] Heartbeat + Metrics
2026-05-20T13:55:10 [WARN] Desired process no longer exists (PID 17564)
2026-05-20T13:55:10 [WARN] Desired process no longer exists (PID 3344)
2026-05-20T13:55:19 [INFO] Heartbeat + Metrics
2026-05-20T13:55:19 [WARN] Desired process no longer exists (PID 17564)
2026-05-20T13:55:19 [WARN] Desired process no longer exists (PID 3344)
2026-05-20T13:55:27 [INFO] Heartbeat + Metrics
2026-05-20T13:55:27 [WARN] Desired process no longer exists (PID 17564)
2026-05-20T13:55:27 [WARN] Desired process no longer exists (PID 3344)
2026-05-20T13:55:36 [INFO] Heartbeat + Metrics
2026-05-20T13:55:36 [WARN] Desired process no longer exists (PID 17564)
2026-05-20T13:55:36 [WARN] Desired process no longer exists (PID 3344)
2026-05-20T13:55:45 [INFO] Heartbeat + Metrics
2026-05-20T13:55:45 [WARN] Desired process no longer exists (PID 17564)
2026-05-20T13:55:45 [WARN] Desired process no longer exists (PID 3344)
2026-05-20T13:55:53 [INFO] Heartbeat + Metrics
2026-05-20T13:56:02 [INFO] Heartbeat + Metrics
2026-05-20T13:56:10 [INFO] Heartbeat + Metrics
2026-05-20T13:56:19 [INFO] Heartbeat + Metrics
2026-05-20T13:56:28 [INFO] Heartbeat + Metrics
2026-05-20T13:56:36 [INFO] Heartbeat + Metrics
2026-05-20T13:56:45 [INFO] Heartbeat + Metrics
2026-05-20T13:56:54 [INFO] Heartbeat + Metrics
2026-05-20T13:57:02 [INFO] Heartbeat + Metrics
2026-05-20T13:57:11 [INFO] Heartbeat + Metrics
2026-05-20T13:57:19 [INFO] Heartbeat + Metrics
2026-05-20T13:57:28 [INFO] Heartbeat + Metrics
2026-05-20T13:57:37 [INFO] Heartbeat + Metrics
2026-05-20T13:57:45 [INFO] Heartbeat + Metrics
2026-05-20T13:57:54 [INFO] Heartbeat + Metrics
2026-05-20T13:58:02 [INFO] Heartbeat + Metrics
2026-05-20T13:58:11 [INFO] Heartbeat + Metrics
2026-05-20T13:58:19 [INFO] Heartbeat + Metrics
2026-05-20T13:58:28 [INFO] Heartbeat + Metrics
2026-05-20T13:58:37 [INFO] Heartbeat + Metrics
2026-05-20T13:58:45 [INFO] Heartbeat + Metrics
2026-05-20T13:58:54 [INFO] Heartbeat + Metrics
2026-05-20T13:59:02 [INFO] Heartbeat + Metrics
2026-05-20T13:59:11 [INFO] Heartbeat + Metrics
2026-05-20T13:59:20 [INFO] Heartbeat + Metrics
2026-05-20T13:59:28 [INFO] Heartbeat + Metrics
2026-05-20T13:59:37 [INFO] Heartbeat + Metrics
2026-05-20T13:59:45 [INFO] Heartbeat + Metrics
2026-05-20T13:59:54 [INFO] Heartbeat + Metrics
2026-05-20T14:00:02 [INFO] Heartbeat + Metrics
2026-05-20T14:00:11 [INFO] Heartbeat + Metrics
2026-05-20T14:00:19 [INFO] Heartbeat + Metrics
2026-05-20T14:00:28 [INFO] Heartbeat + Metrics
2026-05-20T14:00:37 [INFO] Heartbeat + Metrics
2026-05-20T14:00:45 [INFO] Heartbeat + Metrics
2026-05-20T14:00:54 [INFO] Heartbeat + Metrics
2026-05-20T14:01:02 [INFO] Heartbeat + Metrics
2026-05-20T14:01:11 [INFO] Heartbeat + Metrics
2026-05-20T14:01:20 [INFO] Heartbeat + Metrics
2026-05-20T14:01:28 [INFO] Heartbeat + Metrics
2026-05-20T14:01:37 [INFO] Heartbeat + Metrics
2026-05-20T14:01:45 [INFO] Heartbeat + Metrics
2026-05-20T14:01:54 [INFO] Heartbeat + Metrics
2026-05-20T14:02:03 [INFO] Heartbeat + Metrics
2026-05-20T14:02:11 [INFO] Heartbeat + Metrics
2026-05-20T14:02:20 [INFO] Heartbeat + Metrics
2026-05-20T14:02:28 [INFO] Heartbeat + Metrics
2026-05-20T14:02:37 [INFO] Heartbeat + Metrics
2026-05-20T14:02:46 [INFO] Heartbeat + Metrics
2026-05-20T14:02:54 [INFO] Heartbeat + Metrics
2026-05-20T14:03:03 [INFO] Heartbeat + Metrics
2026-05-20T14:03:11 [INFO] Heartbeat + Metrics
2026-05-20T14:03:20 [INFO] Heartbeat + Metrics
2026-05-20T14:03:29 [INFO] Heartbeat + Metrics
2026-05-20T14:03:37 [INFO] Heartbeat + Metrics
2026-05-20T14:03:46 [INFO] Heartbeat + Metrics
2026-05-20T14:03:54 [INFO] Heartbeat + Metrics
2026-05-20T14:04:03 [INFO] Heartbeat + Metrics
2026-05-20T14:04:11 [INFO] Heartbeat + Metrics
2026-05-20T14:04:20 [INFO] Heartbeat + Metrics
2026-05-20T14:04:28 [INFO] Heartbeat + Metrics
2026-05-20T14:04:37 [INFO] Heartbeat + Metrics
2026-05-20T14:04:46 [INFO] Heartbeat + Metrics
2026-05-20T14:04:54 [INFO] Heartbeat + Metrics
2026-05-20T14:05:03 [INFO] Heartbeat + Metrics
2026-05-20T14:05:11 [INFO] Heartbeat + Metrics
2026-05-20T14:05:20 [INFO] Heartbeat + Metrics
2026-05-20T14:05:28 [INFO] Heartbeat + Metrics
2026-05-20T14:05:37 [INFO] Heartbeat + Metrics
2026-05-20T14:05:46 [INFO] Heartbeat + Metrics
2026-05-20T14:05:54 [INFO] Heartbeat + Metrics
2026-05-20T14:06:03 [INFO] Heartbeat + Metrics
2026-05-20T14:06:11 [INFO] Heartbeat + Metrics
2026-05-20T14:06:20 [INFO] Heartbeat + Metrics
2026-05-20T14:06:29 [INFO] Heartbeat + Metrics
2026-05-20T14:06:37 [INFO] Heartbeat + Metrics
2026-05-20T14:06:46 [INFO] Heartbeat + Metrics
2026-05-20T14:06:54 [INFO] Heartbeat + Metrics
2026-05-20T14:07:03 [INFO] Heartbeat + Metrics
2026-05-20T14:07:11 [INFO] Heartbeat + Metrics
2026-05-20T14:07:20 [INFO] Heartbeat + Metrics
2026-05-20T14:07:28 [INFO] Heartbeat + Metrics
2026-05-20T14:07:37 [INFO] Heartbeat + Metrics
2026-05-20T14:07:46 [INFO] Heartbeat + Metrics
2026-05-20T14:07:54 [INFO] Heartbeat + Metrics
2026-05-20T14:08:03 [INFO] Heartbeat + Metrics
2026-05-20T14:08:11 [INFO] Heartbeat + Metrics
2026-05-20T14:08:20 [INFO] Heartbeat + Metrics
2026-05-20T14:08:28 [INFO] Heartbeat + Metrics
2026-05-20T14:08:37 [INFO] Heartbeat + Metrics
2026-05-20T14:08:45 [INFO] Heartbeat + Metrics
2026-05-20T14:08:54 [INFO] Heartbeat + Metrics
2026-05-20T14:09:03 [INFO] Heartbeat + Metrics
2026-05-20T14:09:12 [INFO] Heartbeat + Metrics
2026-05-20T14:09:20 [INFO] Heartbeat + Metrics
2026-05-20T14:09:29 [INFO] Heartbeat + Metrics
2026-05-20T14:09:37 [INFO] Heartbeat + Metrics
2026-05-20T14:09:46 [INFO] Heartbeat + Metrics
2026-05-20T14:09:55 [INFO] Heartbeat + Metrics
2026-05-20T14:10:03 [INFO] Heartbeat + Metrics
2026-05-20T14:10:12 [INFO] Heartbeat + Metrics
2026-05-20T14:10:21 [INFO] Heartbeat + Metrics
2026-05-20T14:10:29 [INFO] Heartbeat + Metrics
2026-05-20T14:10:38 [INFO] Heartbeat + Metrics
2026-05-20T14:10:47 [INFO] Heartbeat + Metrics
2026-05-20T14:10:56 [INFO] Heartbeat + Metrics
2026-05-20T14:11:05 [INFO] Heartbeat + Metrics
2026-05-20T14:11:13 [INFO] Heartbeat + Metrics
2026-05-20T14:11:22 [INFO] Heartbeat + Metrics
2026-05-20T14:11:32 [INFO] Heartbeat + Metrics
2026-05-20T14:11:40 [INFO] Heartbeat + Metrics
2026-05-20T14:11:49 [INFO] Heartbeat + Metrics
2026-05-20T14:11:58 [INFO] Heartbeat + Metrics
2026-05-20T14:12:07 [INFO] Heartbeat + Metrics
2026-05-20T14:12:16 [INFO] Heartbeat + Metrics
2026-05-20T14:12:24 [INFO] Heartbeat + Metrics
2026-05-20T14:12:33 [INFO] Heartbeat + Metrics
2026-05-20T14:12:41 [INFO] Heartbeat + Metrics
2026-05-20T14:12:50 [INFO] Heartbeat + Metrics
2026-05-20T14:12:59 [INFO] Heartbeat + Metrics
2026-05-20T14:13:08 [INFO] Heartbeat + Metrics
2026-05-20T14:13:16 [INFO] Heartbeat + Metrics
2026-05-20T14:13:25 [INFO] Heartbeat + Metrics
2026-05-20T14:13:34 [INFO] Heartbeat + Metrics
2026-05-20T14:13:42 [INFO] Heartbeat + Metrics
2026-05-20T14:13:51 [INFO] Heartbeat + Metrics
2026-05-20T14:14:00 [INFO] Heartbeat + Metrics
2026-05-20T14:14:08 [INFO] Heartbeat + Metrics
2026-05-20T14:14:17 [INFO] Heartbeat + Metrics
2026-05-20T14:14:26 [INFO] Heartbeat + Metrics
2026-05-20T14:14:34 [INFO] Heartbeat + Metrics
2026-05-20T14:14:43 [INFO] Heartbeat + Metrics
2026-05-20T14:14:52 [INFO] Heartbeat + Metrics
2026-05-20T14:15:00 [INFO] Heartbeat + Metrics
2026-05-20T14:15:09 [INFO] Heartbeat + Metrics
2026-05-20T14:15:17 [INFO] Heartbeat + Metrics
2026-05-20T14:15:26 [INFO] Heartbeat + Metrics
2026-05-20T14:15:35 [INFO] Heartbeat + Metrics
2026-05-20T14:15:43 [INFO] Heartbeat + Metrics
2026-05-20T14:15:52 [INFO] Heartbeat + Metrics
2026-05-20T14:16:01 [INFO] Heartbeat + Metrics
2026-05-20T14:16:09 [INFO] Heartbeat + Metrics
2026-05-20T14:16:18 [INFO] Heartbeat + Metrics
2026-05-20T14:16:27 [INFO] Heartbeat + Metrics
2026-05-20T14:16:36 [INFO] Heartbeat + Metrics
2026-05-20T14:16:44 [INFO] Heartbeat + Metrics
2026-05-20T14:16:53 [INFO] Heartbeat + Metrics
2026-05-20T14:17:02 [INFO] Heartbeat + Metrics
2026-05-20T14:17:10 [INFO] Heartbeat + Metrics
2026-05-20T14:17:19 [INFO] Heartbeat + Metrics
2026-05-20T14:17:28 [INFO] Heartbeat + Metrics
2026-05-20T14:17:36 [INFO] Heartbeat + Metrics
2026-05-20T14:17:45 [INFO] Heartbeat + Metrics
2026-05-20T14:17:54 [INFO] Heartbeat + Metrics
2026-05-20T14:18:02 [INFO] Heartbeat + Metrics
2026-05-20T14:18:11 [INFO] Heartbeat + Metrics
2026-05-20T14:18:20 [INFO] Heartbeat + Metrics
2026-05-20T14:18:28 [INFO] Heartbeat + Metrics
2026-05-20T14:18:37 [INFO] Heartbeat + Metrics
2026-05-20T14:18:45 [INFO] Heartbeat + Metrics
2026-05-20T14:18:54 [INFO] Heartbeat + Metrics
2026-05-20T14:19:02 [INFO] Heartbeat + Metrics
2026-05-20T14:19:11 [INFO] Heartbeat + Metrics
2026-05-20T14:19:20 [INFO] Heartbeat + Metrics
2026-05-20T14:19:28 [INFO] Heartbeat + Metrics
2026-05-20T14:19:37 [INFO] Heartbeat + Metrics
2026-05-20T14:19:45 [INFO] Heartbeat + Metrics
2026-05-20T14:19:54 [INFO] Heartbeat + Metrics
2026-05-20T14:20:03 [INFO] Heartbeat + Metrics
2026-05-20T14:20:11 [INFO] Heartbeat + Metrics
2026-05-20T14:20:20 [INFO] Heartbeat + Metrics
2026-05-20T14:20:29 [INFO] Heartbeat + Metrics
2026-05-20T14:20:37 [INFO] Heartbeat + Metrics
2026-05-20T14:20:46 [INFO] Heartbeat + Metrics
2026-05-20T14:20:55 [INFO] Heartbeat + Metrics
2026-05-20T14:21:03 [INFO] Heartbeat + Metrics
2026-05-20T14:21:12 [INFO] Heartbeat + Metrics
2026-05-20T14:21:21 [INFO] Heartbeat + Metrics
2026-05-20T14:21:29 [INFO] Heartbeat + Metrics
2026-05-20T14:21:38 [INFO] Heartbeat + Metrics
2026-05-20T14:21:46 [INFO] Heartbeat + Metrics
2026-05-20T14:21:55 [INFO] Heartbeat + Metrics
2026-05-20T14:22:03 [INFO] Heartbeat + Metrics
2026-05-20T14:22:12 [INFO] Heartbeat + Metrics
2026-05-20T14:22:21 [INFO] Heartbeat + Metrics
2026-05-20T14:22:29 [INFO] Heartbeat + Metrics
2026-05-20T14:22:38 [INFO] Heartbeat + Metrics
2026-05-20T14:22:47 [INFO] Heartbeat + Metrics
2026-05-20T14:22:55 [INFO] Heartbeat + Metrics
2026-05-20T14:23:04 [INFO] Heartbeat + Metrics
2026-05-20T14:23:12 [INFO] Heartbeat + Metrics
2026-05-20T14:23:21 [INFO] Heartbeat + Metrics
2026-05-20T14:23:29 [INFO] Heartbeat + Metrics
2026-05-20T14:23:38 [INFO] Heartbeat + Metrics
2026-05-20T14:23:46 [INFO] Heartbeat + Metrics
2026-05-20T14:23:55 [INFO] Heartbeat + Metrics
2026-05-20T14:24:04 [INFO] Heartbeat + Metrics
2026-05-20T14:24:12 [INFO] Heartbeat + Metrics
2026-05-20T14:24:21 [INFO] Heartbeat + Metrics
2026-05-20T14:24:29 [INFO] Heartbeat + Metrics
2026-05-20T14:24:38 [INFO] Heartbeat + Metrics
2026-05-20T14:24:46 [INFO] Heartbeat + Metrics
2026-05-20T14:24:55 [INFO] Heartbeat + Metrics
2026-05-20T14:25:03 [INFO] Heartbeat + Metrics
2026-05-20T14:25:12 [INFO] Heartbeat + Metrics
2026-05-20T14:25:21 [INFO] Heartbeat + Metrics
2026-05-20T14:25:29 [INFO] Heartbeat + Metrics
2026-05-20T14:25:38 [INFO] Heartbeat + Metrics
2026-05-20T14:25:46 [INFO] Heartbeat + Metrics
2026-05-20T14:25:55 [INFO] Heartbeat + Metrics
2026-05-20T14:26:03 [INFO] Heartbeat + Metrics
2026-05-20T14:26:12 [INFO] Heartbeat + Metrics
2026-05-20T14:26:20 [INFO] Heartbeat + Metrics
2026-05-20T14:26:29 [INFO] Heartbeat + Metrics
2026-05-20T14:26:37 [INFO] Heartbeat + Metrics
2026-05-20T14:26:46 [INFO] Heartbeat + Metrics
2026-05-20T14:26:55 [INFO] Heartbeat + Metrics
2026-05-20T14:27:03 [INFO] Heartbeat + Metrics
2026-05-20T14:27:12 [INFO] Heartbeat + Metrics
2026-05-20T14:27:20 [INFO] Heartbeat + Metrics
2026-05-20T14:27:29 [INFO] Heartbeat + Metrics
2026-05-20T14:27:38 [INFO] Heartbeat + Metrics
2026-05-20T14:27:46 [INFO] Heartbeat + Metrics
2026-05-20T14:27:55 [INFO] Heartbeat + Metrics
2026-05-20T14:28:04 [INFO] Heartbeat + Metrics
2026-05-20T14:28:12 [INFO] Heartbeat + Metrics
2026-05-20T14:28:21 [INFO] Heartbeat + Metrics
2026-05-20T14:28:29 [INFO] Heartbeat + Metrics
2026-05-20T14:28:38 [INFO] Heartbeat + Metrics
2026-05-20T14:28:46 [INFO] Heartbeat + Metrics
2026-05-20T14:28:55 [INFO] Heartbeat + Metrics
2026-05-20T14:29:04 [INFO] Heartbeat + Metrics
2026-05-20T14:29:12 [INFO] Heartbeat + Metrics
2026-05-20T14:29:21 [INFO] Heartbeat + Metrics
2026-05-20T14:29:30 [INFO] Heartbeat + Metrics
2026-05-20T14:29:38 [INFO] Heartbeat + Metrics
2026-05-20T14:29:47 [INFO] Heartbeat + Metrics
2026-05-20T14:29:55 [INFO] Heartbeat + Metrics
2026-05-20T14:30:04 [INFO] Heartbeat + Metrics
2026-05-20T14:30:13 [INFO] Heartbeat + Metrics
2026-05-20T14:30:21 [INFO] Heartbeat + Metrics
2026-05-20T14:30:30 [INFO] Heartbeat + Metrics
2026-05-20T14:30:38 [INFO] Heartbeat + Metrics
2026-05-20T14:30:47 [INFO] Heartbeat + Metrics
2026-05-20T14:30:55 [INFO] Heartbeat + Metrics
2026-05-20T14:31:04 [INFO] Heartbeat + Metrics
2026-05-20T14:31:13 [INFO] Heartbeat + Metrics
2026-05-20T14:31:22 [INFO] Heartbeat + Metrics
2026-05-20T14:31:30 [INFO] Heartbeat + Metrics
2026-05-20T14:31:39 [INFO] Heartbeat + Metrics
2026-05-20T14:31:48 [INFO] Heartbeat + Metrics
2026-05-20T14:31:56 [INFO] Heartbeat + Metrics
2026-05-20T14:32:05 [INFO] Heartbeat + Metrics
2026-05-20T14:32:13 [INFO] Heartbeat + Metrics
2026-05-20T14:32:13 [WARN] Desired process no longer exists (PID 17564)
2026-05-20T14:32:13 [WARN] Desired process no longer exists (PID 3344)
2026-05-20T14:32:22 [INFO] Heartbeat + Metrics
2026-05-20T14:32:22 [WARN] Desired process no longer exists (PID 17564)
2026-05-20T14:32:22 [WARN] Desired process no longer exists (PID 3344)
2026-05-20T14:32:31 [INFO] Heartbeat + Metrics
2026-05-20T14:32:31 [WARN] Failsafe triggered: CPU too high
2026-05-20T14:32:40 [INFO] Heartbeat + Metrics
2026-05-20T14:32:40 [WARN] Failsafe triggered: CPU too high
2026-05-20T14:32:49 [INFO] Heartbeat + Metrics
2026-05-20T14:32:49 [WARN] Desired process no longer exists (PID 17564)
2026-05-20T14:32:49 [WARN] Desired process no longer exists (PID 3344)
2026-05-20T14:32:59 [INFO] Heartbeat + Metrics
2026-05-20T14:32:59 [WARN] Desired process no longer exists (PID 17564)
2026-05-20T14:32:59 [WARN] Desired process no longer exists (PID 3344)
2026-05-20T14:33:08 [INFO] Heartbeat + Metrics
2026-05-20T14:33:09 [WARN] Desired process no longer exists (PID 17564)
2026-05-20T14:33:09 [WARN] Desired process no longer exists (PID 3344)
2026-05-20T14:33:17 [INFO] Heartbeat + Metrics
2026-05-20T14:33:26 [INFO] Heartbeat + Metrics
2026-05-20T14:33:35 [INFO] Heartbeat + Metrics
2026-05-20T14:33:43 [INFO] Heartbeat + Metrics
2026-05-20T14:33:52 [INFO] Heartbeat + Metrics
2026-05-20T14:34:00 [INFO] Heartbeat + Metrics
2026-05-20T14:34:09 [INFO] Heartbeat + Metrics
2026-05-20T14:34:17 [INFO] Heartbeat + Metrics
2026-05-20T14:34:26 [INFO] Heartbeat + Metrics
2026-05-20T14:34:35 [INFO] Heartbeat + Metrics
2026-05-20T14:34:43 [INFO] Heartbeat + Metrics
2026-05-20T14:34:52 [INFO] Heartbeat + Metrics
2026-05-20T14:35:00 [INFO] Heartbeat + Metrics
2026-05-20T14:35:10 [INFO] Heartbeat + Metrics
2026-05-20T14:35:18 [INFO] Heartbeat + Metrics
2026-05-20T14:35:27 [INFO] Heartbeat + Metrics
2026-05-20T14:35:36 [INFO] Heartbeat + Metrics
2026-05-20T14:35:36 [WARN] Failsafe triggered: CPU too high
2026-05-20T14:35:45 [INFO] Heartbeat + Metrics
2026-05-20T14:35:53 [INFO] Heartbeat + Metrics
2026-05-20T14:36:02 [INFO] Heartbeat + Metrics
2026-05-20T14:36:10 [INFO] Heartbeat + Metrics
2026-05-20T14:36:19 [INFO] Heartbeat + Metrics
2026-05-20T14:36:28 [INFO] Heartbeat + Metrics
2026-05-20T14:36:36 [INFO] Heartbeat + Metrics
2026-05-20T14:36:45 [INFO] Heartbeat + Metrics
2026-05-20T14:36:53 [INFO] Heartbeat + Metrics
2026-05-20T14:37:02 [INFO] Heartbeat + Metrics
2026-05-20T14:37:10 [INFO] Heartbeat + Metrics
2026-05-20T14:37:19 [INFO] Heartbeat + Metrics
2026-05-20T14:37:28 [INFO] Heartbeat + Metrics
2026-05-20T14:37:36 [INFO] Heartbeat + Metrics
2026-05-20T14:37:45 [INFO] Heartbeat + Metrics
2026-05-20T14:37:53 [INFO] Heartbeat + Metrics
2026-05-20T14:38:02 [INFO] Heartbeat + Metrics
2026-05-20T14:38:11 [INFO] Heartbeat + Metrics
2026-05-20T14:38:20 [INFO] Heartbeat + Metrics
2026-05-20T14:38:28 [INFO] Heartbeat + Metrics
2026-05-20T14:38:37 [INFO] Heartbeat + Metrics
2026-05-20T14:38:45 [INFO] Heartbeat + Metrics
2026-05-20T14:38:54 [INFO] Heartbeat + Metrics
2026-05-20T14:39:03 [INFO] Heartbeat + Metrics
2026-05-20T14:39:11 [INFO] Heartbeat + Metrics
2026-05-20T14:39:20 [INFO] Heartbeat + Metrics
2026-05-20T14:39:28 [INFO] Heartbeat + Metrics
2026-05-20T14:39:37 [INFO] Heartbeat + Metrics
2026-05-20T14:39:46 [INFO] Heartbeat + Metrics
2026-05-20T14:39:54 [INFO] Heartbeat + Metrics
2026-05-20T14:40:03 [INFO] Heartbeat + Metrics
2026-05-20T14:40:11 [INFO] Heartbeat + Metrics
2026-05-20T14:40:20 [INFO] Heartbeat + Metrics
2026-05-20T14:40:29 [INFO] Heartbeat + Metrics
2026-05-20T14:40:37 [INFO] Heartbeat + Metrics
2026-05-20T14:40:46 [INFO] Heartbeat + Metrics
2026-05-20T14:40:55 [INFO] Heartbeat + Metrics
2026-05-20T14:41:03 [INFO] Heartbeat + Metrics
2026-05-20T14:41:12 [INFO] Heartbeat + Metrics
2026-05-20T14:41:20 [INFO] Heartbeat + Metrics
2026-05-20T14:41:29 [INFO] Heartbeat + Metrics
2026-05-20T14:41:37 [INFO] Heartbeat + Metrics
2026-05-20T14:41:46 [INFO] Heartbeat + Metrics
2026-05-20T14:41:55 [INFO] Heartbeat + Metrics
2026-05-20T14:42:03 [INFO] Heartbeat + Metrics
2026-05-20T14:42:03 [WARN] Desired process no longer exists (PID 17564)
2026-05-20T14:42:03 [WARN] Desired process no longer exists (PID 3344)
2026-05-20T14:42:12 [INFO] Heartbeat + Metrics
2026-05-20T14:42:12 [WARN] Desired process no longer exists (PID 17564)
2026-05-20T14:42:12 [WARN] Desired process no longer exists (PID 3344)
2026-05-20T14:42:21 [INFO] Heartbeat + Metrics
2026-05-20T14:42:21 [WARN] Desired process no longer exists (PID 17564)
2026-05-20T14:42:21 [WARN] Desired process no longer exists (PID 3344)
2026-05-20T14:42:29 [INFO] Heartbeat + Metrics
2026-05-20T14:42:29 [WARN] Desired process no longer exists (PID 17564)
2026-05-20T14:42:29 [WARN] Desired process no longer exists (PID 3344)
2026-05-20T14:42:38 [INFO] Heartbeat + Metrics
2026-05-20T14:42:38 [WARN] Desired process no longer exists (PID 17564)
2026-05-20T14:42:38 [WARN] Desired process no longer exists (PID 3344)
2026-05-20T14:42:46 [INFO] Heartbeat + Metrics
2026-05-20T14:42:46 [WARN] Desired process no longer exists (PID 17564)
2026-05-20T14:42:46 [WARN] Desired process no longer exists (PID 3344)
2026-05-20T14:42:55 [INFO] Heartbeat + Metrics
2026-05-20T14:43:04 [INFO] Heartbeat + Metrics
2026-05-20T14:43:12 [INFO] Heartbeat + Metrics
2026-05-20T14:43:21 [INFO] Heartbeat + Metrics
2026-05-20T14:43:29 [INFO] Heartbeat + Metrics
2026-05-20T14:43:40 [INFO] Heartbeat + Metrics
2026-05-20T14:43:49 [INFO] Heartbeat + Metrics
2026-05-20T14:43:49 [WARN] Failsafe triggered: CPU too high
2026-05-20T14:43:58 [INFO] Heartbeat + Metrics
2026-05-20T14:43:58 [WARN] Failsafe triggered: CPU too high
2026-05-20T14:44:07 [INFO] Heartbeat + Metrics
2026-05-20T14:44:15 [INFO] Heartbeat + Metrics
2026-05-20T14:44:24 [INFO] Heartbeat + Metrics
2026-05-20T14:44:32 [INFO] Heartbeat + Metrics
2026-05-20T14:44:41 [INFO] Heartbeat + Metrics
2026-05-20T14:44:50 [INFO] Heartbeat + Metrics
2026-05-20T14:44:58 [INFO] Heartbeat + Metrics
2026-05-20T14:45:07 [INFO] Heartbeat + Metrics
2026-05-20T14:45:15 [INFO] Heartbeat + Metrics
2026-05-20T14:45:24 [INFO] Heartbeat + Metrics
2026-05-20T14:45:32 [INFO] Heartbeat + Metrics
2026-05-20T14:45:41 [INFO] Heartbeat + Metrics
2026-05-20T14:45:49 [INFO] Heartbeat + Metrics
2026-05-20T14:45:58 [INFO] Heartbeat + Metrics
2026-05-20T14:46:07 [INFO] Heartbeat + Metrics
2026-05-20T14:46:15 [INFO] Heartbeat + Metrics
2026-05-20T14:46:24 [INFO] Heartbeat + Metrics
2026-05-20T14:46:32 [INFO] Heartbeat + Metrics
2026-05-20T14:46:41 [INFO] Heartbeat + Metrics
2026-05-20T14:46:49 [INFO] Heartbeat + Metrics
2026-05-20T14:46:58 [INFO] Heartbeat + Metrics
2026-05-20T14:47:06 [INFO] Heartbeat + Metrics
2026-05-20T14:47:15 [INFO] Heartbeat + Metrics
2026-05-20T14:47:23 [INFO] Heartbeat + Metrics
2026-05-20T14:47:32 [INFO] Heartbeat + Metrics
2026-05-20T14:47:40 [INFO] Heartbeat + Metrics
2026-05-20T14:47:48 [INFO] Heartbeat + Metrics
2026-05-20T14:47:57 [INFO] Heartbeat + Metrics
2026-05-20T14:48:05 [INFO] Heartbeat + Metrics
2026-05-20T14:48:14 [INFO] Heartbeat + Metrics
2026-05-20T14:48:23 [INFO] Heartbeat + Metrics
2026-05-20T14:48:31 [INFO] Heartbeat + Metrics
2026-05-20T14:48:40 [INFO] Heartbeat + Metrics
2026-05-20T14:48:48 [INFO] Heartbeat + Metrics
2026-05-20T14:48:57 [INFO] Heartbeat + Metrics
2026-05-20T14:49:05 [INFO] Heartbeat + Metrics
2026-05-20T14:49:14 [INFO] Heartbeat + Metrics
2026-05-20T14:49:22 [INFO] Heartbeat + Metrics
2026-05-20T14:49:31 [INFO] Heartbeat + Metrics
2026-05-20T14:49:39 [INFO] Heartbeat + Metrics
2026-05-20T14:49:48 [INFO] Heartbeat + Metrics
2026-05-20T14:49:56 [INFO] Heartbeat + Metrics
2026-05-20T14:50:05 [INFO] Heartbeat + Metrics
2026-05-20T14:50:13 [INFO] Heartbeat + Metrics
2026-05-20T14:50:22 [INFO] Heartbeat + Metrics
2026-05-20T14:50:30 [INFO] Heartbeat + Metrics
2026-05-20T14:50:38 [INFO] Heartbeat + Metrics
2026-05-20T14:50:47 [INFO] Heartbeat + Metrics
2026-05-20T14:50:55 [INFO] Heartbeat + Metrics
2026-05-20T14:51:04 [INFO] Heartbeat + Metrics
2026-05-20T14:51:12 [INFO] Heartbeat + Metrics
2026-05-20T14:51:21 [INFO] Heartbeat + Metrics
2026-05-20T14:51:29 [INFO] Heartbeat + Metrics
2026-05-20T14:51:38 [INFO] Heartbeat + Metrics
2026-05-20T14:51:46 [INFO] Heartbeat + Metrics
2026-05-20T14:51:55 [INFO] Heartbeat + Metrics
2026-05-20T14:52:03 [INFO] Heartbeat + Metrics
2026-05-20T14:52:12 [INFO] Heartbeat + Metrics
2026-05-20T14:52:20 [INFO] Heartbeat + Metrics
2026-05-20T14:52:29 [INFO] Heartbeat + Metrics
2026-05-20T14:52:37 [INFO] Heartbeat + Metrics
2026-05-20T14:52:46 [INFO] Heartbeat + Metrics
2026-05-20T14:52:54 [INFO] Heartbeat + Metrics
2026-05-20T14:53:03 [INFO] Heartbeat + Metrics
2026-05-20T14:53:11 [INFO] Heartbeat + Metrics
2026-05-20T14:53:19 [INFO] Heartbeat + Metrics
2026-05-20T14:53:28 [INFO] Heartbeat + Metrics
2026-05-20T14:53:36 [INFO] Heartbeat + Metrics
2026-05-20T14:53:45 [INFO] Heartbeat + Metrics
2026-05-20T14:53:53 [INFO] Heartbeat + Metrics
2026-05-20T14:54:02 [INFO] Heartbeat + Metrics
2026-05-20T14:54:10 [INFO] Heartbeat + Metrics
2026-05-20T14:54:19 [INFO] Heartbeat + Metrics
2026-05-20T14:54:28 [INFO] Heartbeat + Metrics
2026-05-20T14:54:36 [INFO] Heartbeat + Metrics
2026-05-20T14:54:45 [INFO] Heartbeat + Metrics
2026-05-20T14:54:53 [INFO] Heartbeat + Metrics
2026-05-20T14:55:02 [INFO] Heartbeat + Metrics
2026-05-20T14:55:10 [INFO] Heartbeat + Metrics
2026-05-20T14:55:19 [INFO] Heartbeat + Metrics
2026-05-20T14:55:27 [INFO] Heartbeat + Metrics
2026-05-20T14:55:36 [INFO] Heartbeat + Metrics
2026-05-20T14:55:44 [INFO] Heartbeat + Metrics
2026-05-20T14:55:53 [INFO] Heartbeat + Metrics
2026-05-20T14:56:01 [INFO] Heartbeat + Metrics
2026-05-20T14:56:10 [INFO] Heartbeat + Metrics
2026-05-20T14:56:18 [INFO] Heartbeat + Metrics
2026-05-20T14:56:27 [INFO] Heartbeat + Metrics
2026-05-20T14:56:35 [INFO] Heartbeat + Metrics
2026-05-20T14:56:44 [INFO] Heartbeat + Metrics
2026-05-20T14:56:52 [INFO] Heartbeat + Metrics
2026-05-20T14:57:01 [INFO] Heartbeat + Metrics
2026-05-20T14:57:09 [INFO] Heartbeat + Metrics
2026-05-20T14:57:18 [INFO] Heartbeat + Metrics
2026-05-20T14:57:26 [INFO] Heartbeat + Metrics
2026-05-20T14:57:35 [INFO] Heartbeat + Metrics
2026-05-20T14:57:44 [INFO] Heartbeat + Metrics
2026-05-20T14:57:52 [INFO] Heartbeat + Metrics
2026-05-20T14:58:00 [INFO] Heartbeat + Metrics
2026-05-20T14:58:09 [INFO] Heartbeat + Metrics
2026-05-20T14:58:17 [INFO] Heartbeat + Metrics
2026-05-20T14:58:26 [INFO] Heartbeat + Metrics
2026-05-20T14:58:34 [INFO] Heartbeat + Metrics
2026-05-20T14:58:43 [INFO] Heartbeat + Metrics
2026-05-20T14:58:51 [INFO] Heartbeat + Metrics
2026-05-20T14:59:00 [INFO] Heartbeat + Metrics
2026-05-20T14:59:08 [INFO] Heartbeat + Metrics
2026-05-20T14:59:17 [INFO] Heartbeat + Metrics
2026-05-20T14:59:25 [INFO] Heartbeat + Metrics
2026-05-20T14:59:34 [INFO] Heartbeat + Metrics
2026-05-20T14:59:42 [INFO] Heartbeat + Metrics
2026-05-20T14:59:50 [INFO] Heartbeat + Metrics
2026-05-20T14:59:59 [INFO] Heartbeat + Metrics
2026-05-20T15:00:07 [INFO] Heartbeat + Metrics
2026-05-20T15:00:16 [INFO] Heartbeat + Metrics
2026-05-20T15:00:24 [INFO] Heartbeat + Metrics
2026-05-20T15:00:33 [INFO] Heartbeat + Metrics
2026-05-20T15:00:42 [INFO] Heartbeat + Metrics
2026-05-20T15:00:50 [INFO] Heartbeat + Metrics
2026-05-20T15:00:59 [INFO] Heartbeat + Metrics
2026-05-20T15:01:07 [INFO] Heartbeat + Metrics
2026-05-20T15:01:16 [INFO] Heartbeat + Metrics
2026-05-20T15:01:24 [INFO] Heartbeat + Metrics
2026-05-20T15:01:33 [INFO] Heartbeat + Metrics
2026-05-20T15:01:41 [INFO] Heartbeat + Metrics
2026-05-20T15:01:50 [INFO] Heartbeat + Metrics
2026-05-20T15:01:58 [INFO] Heartbeat + Metrics
2026-05-20T15:02:07 [INFO] Heartbeat + Metrics
2026-05-20T15:02:15 [INFO] Heartbeat + Metrics
2026-05-20T15:02:15 [WARN] Failsafe triggered: CPU too high
2026-05-20T15:02:24 [INFO] Heartbeat + Metrics
2026-05-20T15:02:32 [INFO] Heartbeat + Metrics
2026-05-20T15:02:41 [INFO] Heartbeat + Metrics
2026-05-20T15:02:49 [INFO] Heartbeat + Metrics
2026-05-20T15:02:58 [INFO] Heartbeat + Metrics
2026-05-20T15:03:06 [INFO] Heartbeat + Metrics
2026-05-20T15:03:15 [INFO] Heartbeat + Metrics
2026-05-20T15:03:23 [INFO] Heartbeat + Metrics
2026-05-20T15:03:32 [INFO] Heartbeat + Metrics
2026-05-20T15:03:40 [INFO] Heartbeat + Metrics
2026-05-20T15:03:49 [INFO] Heartbeat + Metrics
2026-05-20T15:03:57 [INFO] Heartbeat + Metrics
2026-05-20T15:04:06 [INFO] Heartbeat + Metrics
2026-05-20T15:04:14 [INFO] Heartbeat + Metrics
2026-05-20T15:04:23 [INFO] Heartbeat + Metrics
2026-05-20T15:04:32 [INFO] Heartbeat + Metrics
2026-05-20T15:04:40 [INFO] Heartbeat + Metrics
2026-05-20T15:04:49 [INFO] Heartbeat + Metrics
2026-05-20T15:04:57 [INFO] Heartbeat + Metrics
2026-05-20T15:05:06 [INFO] Heartbeat + Metrics
2026-05-20T15:05:14 [INFO] Heartbeat + Metrics
2026-05-20T15:05:23 [INFO] Heartbeat + Metrics
2026-05-20T15:05:31 [INFO] Heartbeat + Metrics
2026-05-20T15:05:40 [INFO] Heartbeat + Metrics
2026-05-20T15:05:48 [INFO] Heartbeat + Metrics
2026-05-20T15:05:57 [INFO] Heartbeat + Metrics
2026-05-20T15:06:05 [INFO] Heartbeat + Metrics
2026-05-20T15:06:14 [INFO] Heartbeat + Metrics
2026-05-20T15:06:22 [INFO] Heartbeat + Metrics
2026-05-20T15:06:31 [INFO] Heartbeat + Metrics
2026-05-20T15:06:39 [INFO] Heartbeat + Metrics
2026-05-20T15:06:48 [INFO] Heartbeat + Metrics
2026-05-20T15:06:56 [INFO] Heartbeat + Metrics
2026-05-20T15:07:05 [INFO] Heartbeat + Metrics
2026-05-20T15:07:13 [INFO] Heartbeat + Metrics
2026-05-20T15:07:22 [INFO] Heartbeat + Metrics
2026-05-20T15:07:30 [INFO] Heartbeat + Metrics
2026-05-20T15:07:39 [INFO] Heartbeat + Metrics
2026-05-20T15:07:47 [INFO] Heartbeat + Metrics
2026-05-20T15:07:56 [INFO] Heartbeat + Metrics
2026-05-20T15:08:04 [INFO] Heartbeat + Metrics
2026-05-20T15:08:13 [INFO] Heartbeat + Metrics
2026-05-20T15:08:22 [INFO] Heartbeat + Metrics
2026-05-20T15:08:30 [INFO] Heartbeat + Metrics
2026-05-20T15:08:39 [INFO] Heartbeat + Metrics
2026-05-20T15:08:47 [INFO] Heartbeat + Metrics
2026-05-20T15:08:56 [INFO] Heartbeat + Metrics
2026-05-20T15:09:04 [INFO] Heartbeat + Metrics
2026-05-20T15:09:13 [INFO] Heartbeat + Metrics
2026-05-20T15:09:21 [INFO] Heartbeat + Metrics
2026-05-20T15:09:30 [INFO] Heartbeat + Metrics
2026-05-20T15:09:38 [INFO] Heartbeat + Metrics
2026-05-20T15:09:47 [INFO] Heartbeat + Metrics
2026-05-20T15:09:56 [INFO] Heartbeat + Metrics
2026-05-20T15:10:04 [INFO] Heartbeat + Metrics
2026-05-20T15:10:12 [INFO] Heartbeat + Metrics
2026-05-20T15:10:21 [INFO] Heartbeat + Metrics
2026-05-20T15:10:30 [INFO] Heartbeat + Metrics
2026-05-20T15:10:38 [INFO] Heartbeat + Metrics
2026-05-20T15:10:47 [INFO] Heartbeat + Metrics
2026-05-20T15:10:55 [INFO] Heartbeat + Metrics
2026-05-20T15:11:04 [INFO] Heartbeat + Metrics
2026-05-20T15:11:12 [INFO] Heartbeat + Metrics
2026-05-20T15:11:21 [INFO] Heartbeat + Metrics
2026-05-20T15:11:29 [INFO] Heartbeat + Metrics
2026-05-20T15:11:38 [INFO] Heartbeat + Metrics
2026-05-20T15:11:46 [INFO] Heartbeat + Metrics
2026-05-20T15:11:55 [INFO] Heartbeat + Metrics
2026-05-20T15:12:03 [INFO] Heartbeat + Metrics
2026-05-20T15:12:12 [INFO] Heartbeat + Metrics
2026-05-20T15:12:20 [INFO] Heartbeat + Metrics
2026-05-20T15:12:29 [INFO] Heartbeat + Metrics
2026-05-20T15:12:37 [INFO] Heartbeat + Metrics
2026-05-20T15:12:46 [INFO] Heartbeat + Metrics
2026-05-20T15:12:54 [INFO] Heartbeat + Metrics
2026-05-20T15:13:03 [INFO] Heartbeat + Metrics
2026-05-20T15:13:11 [INFO] Heartbeat + Metrics
2026-05-20T15:13:20 [INFO] Heartbeat + Metrics
2026-05-20T15:13:28 [INFO] Heartbeat + Metrics
2026-05-20T15:13:37 [INFO] Heartbeat + Metrics
2026-05-20T15:13:45 [INFO] Heartbeat + Metrics
2026-05-20T15:13:54 [INFO] Heartbeat + Metrics
2026-05-20T15:14:02 [INFO] Heartbeat + Metrics
2026-05-20T15:14:11 [INFO] Heartbeat + Metrics
2026-05-20T15:14:19 [INFO] Heartbeat + Metrics
2026-05-20T15:14:28 [INFO] Heartbeat + Metrics
2026-05-20T15:14:36 [INFO] Heartbeat + Metrics
2026-05-20T15:14:45 [INFO] Heartbeat + Metrics
2026-05-20T15:14:53 [INFO] Heartbeat + Metrics
2026-05-20T15:15:02 [INFO] Heartbeat + Metrics
2026-05-20T15:15:11 [INFO] Heartbeat + Metrics
2026-05-20T15:15:19 [INFO] Heartbeat + Metrics
2026-05-20T15:15:28 [INFO] Heartbeat + Metrics
2026-05-20T15:15:36 [INFO] Heartbeat + Metrics
2026-05-20T15:15:45 [INFO] Heartbeat + Metrics
2026-05-20T15:15:53 [INFO] Heartbeat + Metrics
2026-05-20T15:16:02 [INFO] Heartbeat + Metrics
2026-05-20T15:16:10 [INFO] Heartbeat + Metrics
2026-05-20T15:16:19 [INFO] Heartbeat + Metrics
2026-05-20T15:16:28 [INFO] Heartbeat + Metrics
2026-05-20T15:16:36 [INFO] Heartbeat + Metrics
2026-05-20T15:16:45 [INFO] Heartbeat + Metrics
2026-05-20T15:16:53 [INFO] Heartbeat + Metrics
2026-05-20T15:17:02 [INFO] Heartbeat + Metrics
2026-05-20T15:17:10 [INFO] Heartbeat + Metrics
2026-05-20T15:17:19 [INFO] Heartbeat + Metrics
2026-05-20T15:17:28 [INFO] Heartbeat + Metrics
2026-05-20T15:17:36 [INFO] Heartbeat + Metrics
2026-05-20T15:17:45 [INFO] Heartbeat + Metrics
2026-05-20T15:17:53 [INFO] Heartbeat + Metrics
2026-05-20T15:18:02 [INFO] Heartbeat + Metrics
2026-05-20T15:18:10 [INFO] Heartbeat + Metrics
2026-05-20T15:18:19 [INFO] Heartbeat + Metrics
2026-05-20T15:18:27 [INFO] Heartbeat + Metrics
2026-05-20T15:18:36 [INFO] Heartbeat + Metrics
2026-05-20T15:18:44 [INFO] Heartbeat + Metrics
2026-05-20T15:18:53 [INFO] Heartbeat + Metrics
2026-05-20T15:19:02 [INFO] Heartbeat + Metrics
2026-05-20T15:19:10 [INFO] Heartbeat + Metrics
2026-05-20T15:19:19 [INFO] Heartbeat + Metrics
2026-05-20T15:19:27 [INFO] Heartbeat + Metrics
2026-05-20T15:19:36 [INFO] Heartbeat + Metrics
2026-05-20T15:19:44 [INFO] Heartbeat + Metrics
2026-05-20T15:19:53 [INFO] Heartbeat + Metrics
2026-05-20T15:20:01 [INFO] Heartbeat + Metrics
2026-05-20T15:20:10 [INFO] Heartbeat + Metrics
2026-05-20T15:20:18 [INFO] Heartbeat + Metrics
2026-05-20T15:20:27 [INFO] Heartbeat + Metrics
2026-05-20T15:20:35 [INFO] Heartbeat + Metrics
2026-05-20T15:20:44 [INFO] Heartbeat + Metrics
2026-05-20T15:20:52 [INFO] Heartbeat + Metrics
2026-05-20T15:21:01 [INFO] Heartbeat + Metrics
2026-05-20T15:21:09 [INFO] Heartbeat + Metrics
2026-05-20T15:21:18 [INFO] Heartbeat + Metrics
2026-05-20T15:21:26 [INFO] Heartbeat + Metrics
2026-05-20T15:21:35 [INFO] Heartbeat + Metrics
2026-05-20T15:21:44 [INFO] Heartbeat + Metrics
2026-05-20T15:21:52 [INFO] Heartbeat + Metrics
2026-05-20T15:22:00 [INFO] Heartbeat + Metrics
2026-05-20T15:22:09 [INFO] Heartbeat + Metrics
2026-05-20T15:22:18 [INFO] Heartbeat + Metrics
2026-05-20T15:22:26 [INFO] Heartbeat + Metrics
2026-05-20T15:22:35 [INFO] Heartbeat + Metrics
2026-05-20T15:22:43 [INFO] Heartbeat + Metrics
2026-05-20T15:22:52 [INFO] Heartbeat + Metrics
2026-05-20T15:23:00 [INFO] Heartbeat + Metrics
2026-05-20T15:23:09 [INFO] Heartbeat + Metrics
2026-05-20T15:23:18 [INFO] Heartbeat + Metrics
2026-05-20T15:23:26 [INFO] Heartbeat + Metrics
2026-05-20T15:23:35 [INFO] Heartbeat + Metrics
2026-05-20T15:23:43 [INFO] Heartbeat + Metrics
2026-05-20T15:23:52 [INFO] Heartbeat + Metrics
2026-05-20T15:24:00 [INFO] Heartbeat + Metrics
2026-05-20T15:24:09 [INFO] Heartbeat + Metrics
2026-05-20T15:24:17 [INFO] Heartbeat + Metrics
2026-05-20T15:24:26 [INFO] Heartbeat + Metrics
2026-05-20T15:24:34 [INFO] Heartbeat + Metrics
2026-05-20T15:24:43 [INFO] Heartbeat + Metrics
2026-05-20T15:24:52 [INFO] Heartbeat + Metrics
2026-05-20T15:25:00 [INFO] Heartbeat + Metrics
2026-05-20T15:25:09 [INFO] Heartbeat + Metrics
2026-05-20T15:25:17 [INFO] Heartbeat + Metrics
2026-05-20T15:25:26 [INFO] Heartbeat + Metrics
2026-05-20T15:25:34 [INFO] Heartbeat + Metrics
2026-05-20T15:25:43 [INFO] Heartbeat + Metrics
2026-05-20T15:25:52 [INFO] Heartbeat + Metrics
2026-05-20T15:26:00 [INFO] Heartbeat + Metrics
2026-05-20T15:26:09 [INFO] Heartbeat + Metrics
2026-05-20T15:26:17 [INFO] Heartbeat + Metrics
2026-05-20T15:26:26 [INFO] Heartbeat + Metrics
2026-05-20T15:26:34 [INFO] Heartbeat + Metrics
2026-05-20T15:26:43 [INFO] Heartbeat + Metrics
2026-05-20T15:26:51 [INFO] Heartbeat + Metrics
2026-05-20T15:27:00 [INFO] Heartbeat + Metrics
2026-05-20T15:27:09 [INFO] Heartbeat + Metrics
2026-05-20T15:27:17 [INFO] Heartbeat + Metrics
2026-05-20T15:27:26 [INFO] Heartbeat + Metrics
2026-05-20T15:27:34 [INFO] Heartbeat + Metrics
2026-05-20T15:27:43 [INFO] Heartbeat + Metrics
2026-05-20T15:27:51 [INFO] Heartbeat + Metrics
2026-05-20T15:28:00 [INFO] Heartbeat + Metrics
2026-05-20T15:28:08 [INFO] Heartbeat + Metrics
2026-05-20T15:28:17 [INFO] Heartbeat + Metrics
2026-05-20T15:28:26 [INFO] Heartbeat + Metrics
2026-05-20T15:28:34 [INFO] Heartbeat + Metrics
2026-05-20T15:28:43 [INFO] Heartbeat + Metrics
2026-05-20T15:28:51 [INFO] Heartbeat + Metrics
2026-05-20T15:29:00 [INFO] Heartbeat + Metrics
2026-05-20T15:29:10 [INFO] Heartbeat + Metrics
2026-05-20T15:29:10 [WARN] Failsafe triggered: CPU too high
2026-05-20T15:29:19 [INFO] Heartbeat + Metrics
2026-05-20T15:29:19 [WARN] Failsafe triggered: CPU too high
2026-05-20T15:29:30 [INFO] Heartbeat + Metrics
2026-05-20T15:29:30 [WARN] Failsafe triggered: CPU too high
2026-05-20T15:29:38 [INFO] Heartbeat + Metrics
2026-05-20T15:29:47 [INFO] Heartbeat + Metrics
2026-05-20T15:29:56 [INFO] Heartbeat + Metrics
2026-05-20T15:30:04 [INFO] Heartbeat + Metrics
2026-05-20T15:30:13 [INFO] Heartbeat + Metrics
2026-05-20T15:30:21 [INFO] Heartbeat + Metrics
2026-05-20T15:30:30 [INFO] Heartbeat + Metrics
2026-05-20T15:30:38 [INFO] Heartbeat + Metrics
2026-05-20T15:30:47 [INFO] Heartbeat + Metrics
2026-05-20T15:30:55 [INFO] Heartbeat + Metrics
2026-05-20T15:31:04 [INFO] Heartbeat + Metrics
2026-05-20T15:31:13 [INFO] Heartbeat + Metrics
2026-05-20T15:31:21 [INFO] Heartbeat + Metrics
2026-05-20T15:31:30 [INFO] Heartbeat + Metrics
2026-05-20T15:31:38 [INFO] Heartbeat + Metrics
2026-05-20T15:31:47 [INFO] Heartbeat + Metrics
2026-05-20T15:31:55 [INFO] Heartbeat + Metrics
2026-05-20T15:32:04 [INFO] Heartbeat + Metrics
2026-05-20T15:32:12 [INFO] Heartbeat + Metrics
2026-05-20T15:32:21 [INFO] Heartbeat + Metrics
2026-05-20T15:32:29 [INFO] Heartbeat + Metrics
2026-05-20T15:32:38 [INFO] Heartbeat + Metrics
2026-05-20T15:32:46 [INFO] Heartbeat + Metrics
2026-05-20T15:32:55 [INFO] Heartbeat + Metrics
2026-05-20T15:33:03 [INFO] Heartbeat + Metrics
2026-05-20T15:33:12 [INFO] Heartbeat + Metrics
2026-05-20T15:33:20 [INFO] Heartbeat + Metrics
2026-05-20T15:33:29 [INFO] Heartbeat + Metrics
2026-05-20T15:33:37 [INFO] Heartbeat + Metrics
2026-05-20T15:33:46 [INFO] Heartbeat + Metrics
2026-05-20T15:33:55 [INFO] Heartbeat + Metrics
2026-05-20T15:34:03 [INFO] Heartbeat + Metrics
2026-05-20T15:34:12 [INFO] Heartbeat + Metrics
2026-05-20T15:34:20 [INFO] Heartbeat + Metrics
2026-05-20T15:34:29 [INFO] Heartbeat + Metrics
2026-05-20T15:34:38 [INFO] Heartbeat + Metrics
2026-05-20T15:34:46 [INFO] Heartbeat + Metrics
2026-05-20T15:34:55 [INFO] Heartbeat + Metrics
2026-05-20T15:35:03 [INFO] Heartbeat + Metrics
2026-05-20T15:35:12 [INFO] Heartbeat + Metrics
2026-05-20T15:35:21 [INFO] Heartbeat + Metrics
2026-05-20T15:35:29 [INFO] Heartbeat + Metrics
2026-05-20T15:35:38 [INFO] Heartbeat + Metrics
2026-05-20T15:35:46 [INFO] Heartbeat + Metrics
2026-05-20T15:35:55 [INFO] Heartbeat + Metrics
2026-05-20T15:36:03 [INFO] Heartbeat + Metrics
2026-05-20T15:36:12 [INFO] Heartbeat + Metrics
2026-05-20T15:36:21 [INFO] Heartbeat + Metrics
2026-05-20T15:36:29 [INFO] Heartbeat + Metrics
2026-05-20T15:36:38 [INFO] Heartbeat + Metrics
2026-05-20T15:36:46 [INFO] Heartbeat + Metrics
2026-05-20T15:36:55 [INFO] Heartbeat + Metrics
2026-05-20T15:37:03 [INFO] Heartbeat + Metrics
2026-05-20T15:37:12 [INFO] Heartbeat + Metrics
2026-05-20T15:37:20 [INFO] Heartbeat + Metrics
2026-05-20T15:37:29 [INFO] Heartbeat + Metrics
2026-05-20T15:37:37 [INFO] Heartbeat + Metrics
2026-05-20T15:37:46 [INFO] Heartbeat + Metrics
2026-05-20T15:37:54 [INFO] Heartbeat + Metrics
2026-05-20T15:38:03 [INFO] Heartbeat + Metrics
2026-05-20T15:38:11 [INFO] Heartbeat + Metrics
2026-05-20T15:38:20 [INFO] Heartbeat + Metrics
2026-05-20T15:38:29 [INFO] Heartbeat + Metrics
2026-05-20T15:38:37 [INFO] Heartbeat + Metrics
2026-05-20T15:38:46 [INFO] Heartbeat + Metrics
2026-05-20T15:38:54 [INFO] Heartbeat + Metrics
2026-05-20T15:39:03 [INFO] Heartbeat + Metrics
2026-05-20T15:39:11 [INFO] Heartbeat + Metrics
2026-05-20T15:39:20 [INFO] Heartbeat + Metrics
2026-05-20T15:39:20 [WARN] Failsafe triggered: CPU too high
2026-05-20T15:39:29 [INFO] Heartbeat + Metrics
2026-05-20T15:39:38 [INFO] Heartbeat + Metrics
2026-05-20T15:39:46 [INFO] Heartbeat + Metrics
2026-05-20T15:39:55 [INFO] Heartbeat + Metrics
2026-05-20T15:40:03 [INFO] Heartbeat + Metrics
2026-05-20T15:40:12 [INFO] Heartbeat + Metrics
2026-05-20T15:40:20 [INFO] Heartbeat + Metrics
2026-05-20T15:40:29 [INFO] Heartbeat + Metrics
2026-05-20T15:40:37 [INFO] Heartbeat + Metrics
2026-05-20T15:40:46 [INFO] Heartbeat + Metrics
2026-05-20T15:40:54 [INFO] Heartbeat + Metrics
2026-05-20T15:41:03 [INFO] Heartbeat + Metrics
2026-05-20T15:41:11 [INFO] Heartbeat + Metrics
2026-05-20T15:41:20 [INFO] Heartbeat + Metrics
2026-05-20T15:41:29 [INFO] Heartbeat + Metrics
2026-05-20T15:41:29 [WARN] Desired process no longer exists (PID 8652)
2026-05-20T15:41:29 [WARN] Desired process no longer exists (PID 3344)
2026-05-20T15:41:40 [INFO] Heartbeat + Metrics
2026-05-20T15:41:49 [INFO] Heartbeat + Metrics
2026-05-20T15:41:49 [WARN] Failsafe triggered: CPU too high
2026-05-20T15:41:58 [INFO] Heartbeat + Metrics
2026-05-20T15:41:58 [WARN] Failsafe triggered: CPU too high
2026-05-20T15:42:06 [INFO] Heartbeat + Metrics
2026-05-20T15:42:06 [WARN] Desired process no longer exists (PID 6640)
2026-05-20T15:42:06 [WARN] Desired process no longer exists (PID 3344)
2026-05-20T15:42:15 [INFO] Heartbeat + Metrics
2026-05-20T15:42:15 [WARN] Failsafe triggered: CPU too high
2026-05-20T15:42:24 [INFO] Heartbeat + Metrics
2026-05-20T15:42:24 [WARN] Desired process no longer exists (PID 6640)
2026-05-20T15:42:24 [WARN] Desired process no longer exists (PID 3344)
2026-05-20T15:42:32 [INFO] Heartbeat + Metrics
2026-05-20T15:42:33 [WARN] Desired process no longer exists (PID 6640)
2026-05-20T15:42:33 [WARN] Desired process no longer exists (PID 3344)
2026-05-20T15:42:41 [INFO] Heartbeat + Metrics
2026-05-20T15:42:41 [WARN] Desired process no longer exists (PID 6640)
2026-05-20T15:42:41 [WARN] Desired process no longer exists (PID 3344)
2026-05-20T15:42:50 [INFO] Heartbeat + Metrics
2026-05-20T15:42:50 [WARN] Desired process no longer exists (PID 6640)
2026-05-20T15:42:50 [WARN] Desired process no longer exists (PID 3344)
2026-05-20T15:42:58 [INFO] Heartbeat + Metrics
2026-05-20T15:42:58 [WARN] Desired process no longer exists (PID 6640)
2026-05-20T15:42:58 [WARN] Desired process no longer exists (PID 3344)
2026-05-20T15:43:07 [INFO] Heartbeat + Metrics
2026-05-20T15:43:07 [WARN] Desired process no longer exists (PID 6640)
2026-05-20T15:43:07 [WARN] Desired process no longer exists (PID 3344)
2026-05-20T15:43:16 [INFO] Heartbeat + Metrics
2026-05-20T15:43:16 [WARN] Desired process no longer exists (PID 6640)
2026-05-20T15:43:16 [WARN] Desired process no longer exists (PID 3344)
2026-05-20T15:43:24 [INFO] Heartbeat + Metrics
2026-05-20T15:43:24 [WARN] Desired process no longer exists (PID 6640)
2026-05-20T15:43:24 [WARN] Desired process no longer exists (PID 3344)
2026-05-20T15:43:33 [INFO] Heartbeat + Metrics
2026-05-20T15:43:33 [WARN] Desired process no longer exists (PID 6640)
2026-05-20T15:43:33 [WARN] Desired process no longer exists (PID 3344)
2026-05-20T15:43:42 [INFO] Heartbeat + Metrics
2026-05-20T15:43:42 [WARN] Desired process no longer exists (PID 6640)
2026-05-20T15:43:42 [WARN] Desired process no longer exists (PID 3344)
2026-05-20T15:43:50 [INFO] Heartbeat + Metrics
2026-05-20T15:43:50 [WARN] Desired process no longer exists (PID 6640)
2026-05-20T15:43:50 [WARN] Desired process no longer exists (PID 3344)
2026-05-20T15:43:59 [INFO] Heartbeat + Metrics
2026-05-20T15:43:59 [WARN] Desired process no longer exists (PID 6640)
2026-05-20T15:43:59 [WARN] Desired process no longer exists (PID 3344)
2026-05-20T15:44:08 [INFO] Heartbeat + Metrics
2026-05-20T15:44:16 [INFO] Heartbeat + Metrics
2026-05-20T15:44:25 [INFO] Heartbeat + Metrics
2026-05-20T15:44:33 [INFO] Heartbeat + Metrics
2026-05-20T15:44:42 [INFO] Heartbeat + Metrics
2026-05-20T15:44:51 [INFO] Heartbeat + Metrics
2026-05-20T15:44:59 [INFO] Heartbeat + Metrics
2026-05-20T15:45:08 [INFO] Heartbeat + Metrics
2026-05-20T15:45:17 [INFO] Heartbeat + Metrics
2026-05-20T15:45:25 [INFO] Heartbeat + Metrics
2026-05-20T15:45:34 [INFO] Heartbeat + Metrics
2026-05-20T15:45:43 [INFO] Heartbeat + Metrics
2026-05-20T15:45:52 [INFO] Heartbeat + Metrics
2026-05-20T15:46:01 [INFO] Heartbeat + Metrics
2026-05-20T15:46:09 [INFO] Heartbeat + Metrics
2026-05-20T15:46:18 [INFO] Heartbeat + Metrics
2026-05-20T15:46:18 [WARN] Failsafe triggered: CPU too high
2026-05-20T15:46:27 [INFO] Heartbeat + Metrics
2026-05-20T15:46:27 [WARN] Desired process no longer exists (PID 8652)
2026-05-20T15:46:27 [WARN] Desired process no longer exists (PID 3344)
2026-05-20T15:46:36 [INFO] Heartbeat + Metrics
2026-05-20T15:46:36 [WARN] Desired process no longer exists (PID 8652)
2026-05-20T15:46:36 [WARN] Desired process no longer exists (PID 3344)
2026-05-20T15:46:45 [INFO] Heartbeat + Metrics
2026-05-20T15:46:45 [WARN] Desired process no longer exists (PID 8652)
2026-05-20T15:46:45 [WARN] Desired process no longer exists (PID 3344)
2026-05-20T15:46:54 [INFO] Heartbeat + Metrics
2026-05-20T15:46:54 [WARN] Desired process no longer exists (PID 8652)
2026-05-20T15:46:54 [WARN] Desired process no longer exists (PID 3344)
2026-05-20T15:47:03 [INFO] Heartbeat + Metrics
2026-05-20T15:47:03 [WARN] Desired process no longer exists (PID 8652)
2026-05-20T15:47:03 [WARN] Desired process no longer exists (PID 3344)
2026-05-20T15:47:11 [INFO] Heartbeat + Metrics
2026-05-20T15:47:11 [WARN] Desired process no longer exists (PID 8652)
2026-05-20T15:47:11 [WARN] Desired process no longer exists (PID 3344)
2026-05-20T15:47:20 [INFO] Heartbeat + Metrics
2026-05-20T15:47:20 [WARN] Desired process no longer exists (PID 8652)
2026-05-20T15:47:20 [WARN] Desired process no longer exists (PID 3344)
2026-05-20T15:47:29 [INFO] Heartbeat + Metrics
2026-05-20T15:47:29 [WARN] Desired process no longer exists (PID 8652)
2026-05-20T15:47:29 [WARN] Desired process no longer exists (PID 3344)
2026-05-20T15:47:37 [INFO] Heartbeat + Metrics
2026-05-20T15:47:37 [WARN] Desired process no longer exists (PID 8652)
2026-05-20T15:47:37 [WARN] Desired process no longer exists (PID 3344)
2026-05-20T15:47:46 [INFO] Heartbeat + Metrics
2026-05-20T15:47:46 [WARN] Desired process no longer exists (PID 8652)
2026-05-20T15:47:46 [WARN] Desired process no longer exists (PID 3344)
2026-05-20T15:47:54 [INFO] Heartbeat + Metrics
2026-05-20T15:47:54 [WARN] Desired process no longer exists (PID 8652)
2026-05-20T15:47:54 [WARN] Desired process no longer exists (PID 3344)
2026-05-20T15:48:03 [INFO] Heartbeat + Metrics
2026-05-20T15:48:03 [WARN] Desired process no longer exists (PID 17564)
2026-05-20T15:48:03 [WARN] Desired process no longer exists (PID 3344)
2026-05-20T15:48:12 [INFO] Heartbeat + Metrics
2026-05-20T15:48:12 [WARN] Desired process no longer exists (PID 17564)
2026-05-20T15:48:12 [WARN] Desired process no longer exists (PID 3344)
2026-05-20T15:48:20 [INFO] Heartbeat + Metrics
2026-05-20T15:48:20 [WARN] Desired process no longer exists (PID 17564)
2026-05-20T15:48:21 [WARN] Desired process no longer exists (PID 3344)
2026-05-20T15:48:29 [INFO] Heartbeat + Metrics
2026-05-20T15:48:29 [WARN] Desired process no longer exists (PID 17564)
2026-05-20T15:48:29 [WARN] Desired process no longer exists (PID 3344)
2026-05-20T15:48:38 [INFO] Heartbeat + Metrics
2026-05-20T15:48:38 [WARN] Desired process no longer exists (PID 17564)
2026-05-20T15:48:38 [WARN] Desired process no longer exists (PID 3344)
2026-05-20T15:48:46 [INFO] Heartbeat + Metrics
2026-05-20T15:48:47 [WARN] Desired process no longer exists (PID 17564)
2026-05-20T15:48:47 [WARN] Desired process no longer exists (PID 3344)
2026-05-20T15:48:55 [INFO] Heartbeat + Metrics
2026-05-20T15:48:55 [WARN] Failsafe triggered: CPU too high
2026-05-20T15:49:04 [INFO] Heartbeat + Metrics
2026-05-20T15:49:04 [WARN] Failsafe triggered: CPU too high
2026-05-20T15:49:13 [INFO] Heartbeat + Metrics
2026-05-20T15:49:21 [INFO] Heartbeat + Metrics
2026-05-20T15:49:30 [INFO] Heartbeat + Metrics
2026-05-20T15:49:38 [INFO] Heartbeat + Metrics
2026-05-20T15:49:39 [WARN] Desired process no longer exists (PID 8652)
2026-05-20T15:49:39 [WARN] Desired process no longer exists (PID 3344)
2026-05-20T15:49:47 [INFO] Heartbeat + Metrics
2026-05-20T15:49:47 [WARN] Desired process no longer exists (PID 8652)
2026-05-20T15:49:47 [WARN] Desired process no longer exists (PID 3344)
2026-05-20T15:49:56 [INFO] Heartbeat + Metrics
2026-05-20T15:49:56 [WARN] Desired process no longer exists (PID 8652)
2026-05-20T15:49:56 [WARN] Desired process no longer exists (PID 3344)
2026-05-20T15:50:05 [INFO] Heartbeat + Metrics
2026-05-20T15:50:05 [WARN] Desired process no longer exists (PID 8652)
2026-05-20T15:50:05 [WARN] Desired process no longer exists (PID 3344)
2026-05-20T15:50:13 [INFO] Heartbeat + Metrics
2026-05-20T15:50:13 [WARN] Desired process no longer exists (PID 8652)
2026-05-20T15:50:13 [WARN] Desired process no longer exists (PID 3344)
2026-05-20T15:50:22 [INFO] Heartbeat + Metrics
2026-05-20T15:50:22 [WARN] Desired process no longer exists (PID 8652)
2026-05-20T15:50:22 [WARN] Desired process no longer exists (PID 3344)
2026-05-20T15:50:30 [INFO] Heartbeat + Metrics
2026-05-20T15:50:30 [WARN] Desired process no longer exists (PID 8652)
2026-05-20T15:50:31 [WARN] Desired process no longer exists (PID 3344)
2026-05-20T15:50:39 [INFO] Heartbeat + Metrics
2026-05-20T15:50:39 [WARN] Desired process no longer exists (PID 8652)
2026-05-20T15:50:39 [WARN] Desired process no longer exists (PID 3344)
2026-05-20T15:50:48 [INFO] Heartbeat + Metrics
2026-05-20T15:50:48 [WARN] Desired process no longer exists (PID 8652)
2026-05-20T15:50:48 [WARN] Desired process no longer exists (PID 3344)
2026-05-20T15:50:56 [INFO] Heartbeat + Metrics
2026-05-20T15:50:57 [WARN] Desired process no longer exists (PID 8652)
2026-05-20T15:50:57 [WARN] Desired process no longer exists (PID 3344)
2026-05-20T15:51:05 [INFO] Heartbeat + Metrics
2026-05-20T15:51:05 [WARN] Desired process no longer exists (PID 8652)
2026-05-20T15:51:05 [WARN] Desired process no longer exists (PID 3344)
2026-05-20T15:51:14 [INFO] Heartbeat + Metrics
2026-05-20T15:51:14 [WARN] Desired process no longer exists (PID 8652)
2026-05-20T15:51:14 [WARN] Desired process no longer exists (PID 3344)
2026-05-20T15:51:22 [INFO] Heartbeat + Metrics
2026-05-20T15:51:22 [WARN] Desired process no longer exists (PID 8652)
2026-05-20T15:51:22 [WARN] Desired process no longer exists (PID 3344)
2026-05-20T15:51:31 [INFO] Heartbeat + Metrics
2026-05-20T15:51:31 [WARN] Desired process no longer exists (PID 8652)
2026-05-20T15:51:31 [WARN] Desired process no longer exists (PID 3344)
2026-05-20T15:51:40 [INFO] Heartbeat + Metrics
2026-05-20T15:51:40 [WARN] Desired process no longer exists (PID 8652)
2026-05-20T15:51:40 [WARN] Desired process no longer exists (PID 3344)
2026-05-20T15:51:48 [INFO] Heartbeat + Metrics
2026-05-20T15:51:57 [INFO] Heartbeat + Metrics
2026-05-20T15:52:05 [INFO] Heartbeat + Metrics
2026-05-20T15:52:14 [INFO] Heartbeat + Metrics
2026-05-20T15:52:22 [INFO] Heartbeat + Metrics
2026-05-20T15:52:31 [INFO] Heartbeat + Metrics
2026-05-20T15:52:39 [INFO] Heartbeat + Metrics
2026-05-20T15:52:48 [INFO] Heartbeat + Metrics
2026-05-20T15:52:56 [INFO] Heartbeat + Metrics
2026-05-20T15:53:05 [INFO] Heartbeat + Metrics
2026-05-20T15:53:13 [INFO] Heartbeat + Metrics
2026-05-20T15:53:22 [INFO] Heartbeat + Metrics
2026-05-20T15:53:22 [WARN] Failsafe triggered: CPU too high
2026-05-20T15:53:31 [INFO] Heartbeat + Metrics
2026-05-20T15:53:39 [INFO] Heartbeat + Metrics
2026-05-20T15:53:48 [INFO] Heartbeat + Metrics
2026-05-20T15:53:57 [INFO] Heartbeat + Metrics
2026-05-20T15:54:05 [INFO] Heartbeat + Metrics
2026-05-20T15:54:14 [INFO] Heartbeat + Metrics
2026-05-20T15:54:23 [INFO] Heartbeat + Metrics
2026-05-20T15:54:23 [WARN] Desired process no longer exists (PID 8652)
2026-05-20T15:54:23 [WARN] Desired process no longer exists (PID 3344)
2026-05-20T15:54:31 [INFO] Heartbeat + Metrics
2026-05-20T15:54:40 [INFO] Heartbeat + Metrics
2026-05-20T15:54:40 [WARN] Desired process no longer exists (PID 8652)
2026-05-20T15:54:40 [WARN] Desired process no longer exists (PID 3344)
2026-05-20T15:54:48 [INFO] Heartbeat + Metrics
2026-05-20T15:54:49 [WARN] Desired process no longer exists (PID 8652)
2026-05-20T15:54:49 [WARN] Desired process no longer exists (PID 3344)
2026-05-20T15:54:57 [INFO] Heartbeat + Metrics
2026-05-20T15:54:57 [WARN] Desired process no longer exists (PID 8652)
2026-05-20T15:54:57 [WARN] Desired process no longer exists (PID 3344)
2026-05-20T15:55:06 [INFO] Heartbeat + Metrics
2026-05-20T15:55:14 [INFO] Heartbeat + Metrics
2026-05-20T15:55:23 [INFO] Heartbeat + Metrics
2026-05-20T15:55:31 [INFO] Heartbeat + Metrics
2026-05-20T15:55:32 [WARN] Desired process no longer exists (PID 8652)
2026-05-20T15:55:32 [WARN] Desired process no longer exists (PID 3344)
2026-05-20T15:55:40 [INFO] Heartbeat + Metrics
2026-05-20T15:55:40 [WARN] Desired process no longer exists (PID 8652)
2026-05-20T15:55:40 [WARN] Desired process no longer exists (PID 3344)
2026-05-20T15:55:49 [INFO] Heartbeat + Metrics
2026-05-20T15:55:49 [WARN] Desired process no longer exists (PID 8652)
2026-05-20T15:55:49 [WARN] Desired process no longer exists (PID 3344)
2026-05-20T15:55:57 [INFO] Heartbeat + Metrics
2026-05-20T15:55:57 [WARN] Desired process no longer exists (PID 8652)
2026-05-20T15:55:57 [WARN] Desired process no longer exists (PID 3344)
2026-05-20T15:56:06 [INFO] Heartbeat + Metrics
2026-05-20T15:56:06 [WARN] Desired process no longer exists (PID 8652)
2026-05-20T15:56:06 [WARN] Desired process no longer exists (PID 3344)
2026-05-20T15:56:15 [INFO] Heartbeat + Metrics
2026-05-20T15:56:15 [WARN] Desired process no longer exists (PID 8652)
2026-05-20T15:56:15 [WARN] Desired process no longer exists (PID 3344)
2026-05-20T15:56:23 [INFO] Heartbeat + Metrics
2026-05-20T15:56:23 [WARN] Desired process no longer exists (PID 8652)
2026-05-20T15:56:23 [WARN] Desired process no longer exists (PID 3344)
2026-05-20T15:56:32 [INFO] Heartbeat + Metrics
2026-05-20T15:56:32 [WARN] Desired process no longer exists (PID 8652)
2026-05-20T15:56:32 [WARN] Desired process no longer exists (PID 3344)
2026-05-20T15:56:40 [INFO] Heartbeat + Metrics
2026-05-20T15:56:40 [WARN] Desired process no longer exists (PID 8652)
2026-05-20T15:56:41 [WARN] Desired process no longer exists (PID 3344)
2026-05-20T15:56:49 [INFO] Heartbeat + Metrics
2026-05-20T15:56:49 [WARN] Desired process no longer exists (PID 8652)
2026-05-20T15:56:49 [WARN] Desired process no longer exists (PID 3344)
2026-05-20T15:56:57 [INFO] Heartbeat + Metrics
2026-05-20T15:56:58 [WARN] Desired process no longer exists (PID 8652)
2026-05-20T15:56:58 [WARN] Desired process no longer exists (PID 3344)
2026-05-20T15:57:06 [INFO] Heartbeat + Metrics
2026-05-20T15:57:06 [WARN] Desired process no longer exists (PID 8652)
2026-05-20T15:57:06 [WARN] Desired process no longer exists (PID 3344)
2026-05-20T15:57:15 [INFO] Heartbeat + Metrics
2026-05-20T15:57:15 [WARN] Desired process no longer exists (PID 8652)
2026-05-20T15:57:15 [WARN] Desired process no longer exists (PID 3344)
2026-05-20T15:57:23 [INFO] Heartbeat + Metrics
2026-05-20T15:57:24 [WARN] Desired process no longer exists (PID 8652)
2026-05-20T15:57:24 [WARN] Desired process no longer exists (PID 3344)
2026-05-20T15:57:32 [INFO] Heartbeat + Metrics
2026-05-20T15:57:32 [WARN] Desired process no longer exists (PID 8652)
2026-05-20T15:57:32 [WARN] Desired process no longer exists (PID 3344)
2026-05-20T15:57:41 [INFO] Heartbeat + Metrics
2026-05-20T15:57:41 [WARN] Desired process no longer exists (PID 8652)
2026-05-20T15:57:41 [WARN] Desired process no longer exists (PID 3344)
2026-05-20T15:57:50 [INFO] Heartbeat + Metrics
2026-05-20T15:57:50 [WARN] Desired process no longer exists (PID 8652)
2026-05-20T15:57:50 [WARN] Desired process no longer exists (PID 3344)
2026-05-20T15:57:58 [INFO] Heartbeat + Metrics
2026-05-20T15:57:58 [WARN] Desired process no longer exists (PID 8652)
2026-05-20T15:57:58 [WARN] Desired process no longer exists (PID 3344)
2026-05-20T15:58:07 [INFO] Heartbeat + Metrics
2026-05-20T15:58:07 [WARN] Desired process no longer exists (PID 8652)
2026-05-20T15:58:07 [WARN] Desired process no longer exists (PID 3344)
2026-05-20T15:58:16 [INFO] Heartbeat + Metrics
2026-05-20T15:58:24 [INFO] Heartbeat + Metrics
2026-05-20T15:58:33 [INFO] Heartbeat + Metrics
2026-05-20T15:58:33 [WARN] Failsafe triggered: CPU too high
2026-05-20T15:58:42 [INFO] Heartbeat + Metrics
2026-05-20T15:58:50 [INFO] Heartbeat + Metrics
2026-05-20T15:58:59 [INFO] Heartbeat + Metrics
2026-05-20T15:59:08 [INFO] Heartbeat + Metrics
2026-05-20T15:59:16 [INFO] Heartbeat + Metrics
2026-05-20T15:59:25 [INFO] Heartbeat + Metrics
2026-05-20T15:59:33 [INFO] Heartbeat + Metrics
2026-05-20T15:59:33 [WARN] Failsafe triggered: CPU too high
2026-05-20T15:59:42 [INFO] Heartbeat + Metrics
2026-05-20T15:59:51 [INFO] Heartbeat + Metrics
2026-05-20T15:59:51 [WARN] Desired process no longer exists (PID 8652)
2026-05-20T15:59:51 [WARN] Desired process no longer exists (PID 3344)
2026-05-20T16:00:00 [INFO] Heartbeat + Metrics
2026-05-20T16:00:00 [WARN] Desired process no longer exists (PID 8652)
2026-05-20T16:00:00 [WARN] Desired process no longer exists (PID 3344)
2026-05-20T16:00:09 [INFO] Heartbeat + Metrics
2026-05-20T16:00:17 [INFO] Heartbeat + Metrics
2026-05-20T16:00:26 [INFO] Heartbeat + Metrics
2026-05-20T16:00:35 [INFO] Heartbeat + Metrics
2026-05-20T16:00:43 [INFO] Heartbeat + Metrics
2026-05-20T16:00:52 [INFO] Heartbeat + Metrics
2026-05-20T16:01:01 [INFO] Heartbeat + Metrics
2026-05-20T16:01:09 [INFO] Heartbeat + Metrics
2026-05-20T16:01:18 [INFO] Heartbeat + Metrics
2026-05-20T16:01:27 [INFO] Heartbeat + Metrics
2026-05-20T16:01:35 [INFO] Heartbeat + Metrics
2026-05-20T16:01:35 [WARN] Desired process no longer exists (PID 8652)
2026-05-20T16:01:35 [WARN] Desired process no longer exists (PID 3344)
2026-05-20T16:01:44 [INFO] Heartbeat + Metrics
2026-05-20T16:01:53 [INFO] Heartbeat + Metrics
2026-05-20T16:02:02 [INFO] Heartbeat + Metrics
2026-05-20T16:02:10 [INFO] Heartbeat + Metrics
2026-05-20T16:02:19 [INFO] Heartbeat + Metrics
2026-05-20T16:02:28 [INFO] Heartbeat + Metrics
2026-05-20T16:02:36 [INFO] Heartbeat + Metrics
2026-05-20T16:02:45 [INFO] Heartbeat + Metrics
2026-05-20T16:02:53 [INFO] Heartbeat + Metrics
2026-05-20T16:03:02 [INFO] Heartbeat + Metrics
2026-05-20T16:03:10 [INFO] Heartbeat + Metrics
2026-05-20T16:03:19 [INFO] Heartbeat + Metrics
2026-05-20T16:03:28 [INFO] Heartbeat + Metrics
2026-05-20T16:03:36 [INFO] Heartbeat + Metrics
2026-05-20T16:03:45 [INFO] Heartbeat + Metrics
2026-05-20T16:03:53 [INFO] Heartbeat + Metrics
2026-05-20T16:03:53 [WARN] Desired process no longer exists (PID 8652)
2026-05-20T16:03:53 [WARN] Desired process no longer exists (PID 3344)
2026-05-20T16:04:02 [INFO] Heartbeat + Metrics
2026-05-20T16:04:02 [WARN] Desired process no longer exists (PID 8652)
2026-05-20T16:04:02 [WARN] Desired process no longer exists (PID 3344)
2026-05-20T16:04:10 [INFO] Heartbeat + Metrics
2026-05-20T16:04:11 [WARN] Desired process no longer exists (PID 8652)
2026-05-20T16:04:11 [WARN] Desired process no longer exists (PID 3344)
2026-05-20T16:04:19 [INFO] Heartbeat + Metrics
2026-05-20T16:04:19 [WARN] Desired process no longer exists (PID 8652)
2026-05-20T16:04:19 [WARN] Desired process no longer exists (PID 3344)
2026-05-20T16:04:28 [INFO] Heartbeat + Metrics
2026-05-20T16:04:28 [WARN] Desired process no longer exists (PID 8652)
2026-05-20T16:04:28 [WARN] Desired process no longer exists (PID 3344)
2026-05-20T16:04:36 [INFO] Heartbeat + Metrics
2026-05-20T16:04:36 [WARN] Desired process no longer exists (PID 8652)
2026-05-20T16:04:37 [WARN] Desired process no longer exists (PID 3344)
2026-05-20T16:04:45 [INFO] Heartbeat + Metrics
2026-05-20T16:04:45 [WARN] Desired process no longer exists (PID 8652)
2026-05-20T16:04:45 [WARN] Desired process no longer exists (PID 3344)
2026-05-20T16:04:54 [INFO] Heartbeat + Metrics
2026-05-20T16:04:54 [WARN] Desired process no longer exists (PID 8652)
2026-05-20T16:04:54 [WARN] Desired process no longer exists (PID 3344)
2026-05-20T16:05:03 [INFO] Heartbeat + Metrics
2026-05-20T16:05:03 [WARN] Desired process no longer exists (PID 8652)
2026-05-20T16:05:03 [WARN] Desired process no longer exists (PID 3344)
2026-05-20T16:05:11 [INFO] Heartbeat + Metrics
2026-05-20T16:05:20 [INFO] Heartbeat + Metrics
2026-05-20T16:05:20 [WARN] Desired process no longer exists (PID 8652)
2026-05-20T16:05:20 [WARN] Desired process no longer exists (PID 3344)
2026-05-20T16:05:29 [INFO] Heartbeat + Metrics
2026-05-20T16:05:29 [WARN] Desired process no longer exists (PID 8652)
2026-05-20T16:05:29 [WARN] Desired process no longer exists (PID 3344)
2026-05-20T16:05:37 [INFO] Heartbeat + Metrics
2026-05-20T16:05:37 [WARN] Desired process no longer exists (PID 8652)
2026-05-20T16:05:37 [WARN] Desired process no longer exists (PID 3344)
2026-05-20T16:05:46 [INFO] Heartbeat + Metrics
2026-05-20T16:05:46 [WARN] Desired process no longer exists (PID 8652)
2026-05-20T16:05:46 [WARN] Desired process no longer exists (PID 3344)
2026-05-20T16:05:54 [INFO] Heartbeat + Metrics
2026-05-20T16:05:55 [WARN] Desired process no longer exists (PID 8652)
2026-05-20T16:05:55 [WARN] Desired process no longer exists (PID 3344)
2026-05-20T16:06:03 [INFO] Heartbeat + Metrics
2026-05-20T16:06:03 [WARN] Desired process no longer exists (PID 8652)
2026-05-20T16:06:03 [WARN] Desired process no longer exists (PID 3344)
2026-05-20T16:06:12 [INFO] Heartbeat + Metrics
2026-05-20T16:06:12 [WARN] Desired process no longer exists (PID 8652)
2026-05-20T16:06:12 [WARN] Desired process no longer exists (PID 3344)
2026-05-20T16:06:21 [INFO] Heartbeat + Metrics
2026-05-20T16:06:29 [INFO] Heartbeat + Metrics
2026-05-20T16:06:38 [INFO] Heartbeat + Metrics
2026-05-20T16:06:46 [INFO] Heartbeat + Metrics
2026-05-20T16:06:55 [INFO] Heartbeat + Metrics
2026-05-20T16:07:03 [INFO] Heartbeat + Metrics
2026-05-20T16:07:04 [WARN] Desired process no longer exists (PID 8652)
2026-05-20T16:07:04 [WARN] Desired process no longer exists (PID 3344)
2026-05-20T16:07:12 [INFO] Heartbeat + Metrics
2026-05-20T16:07:12 [WARN] Desired process no longer exists (PID 8652)
2026-05-20T16:07:12 [WARN] Desired process no longer exists (PID 3344)
2026-05-20T16:07:21 [INFO] Heartbeat + Metrics
2026-05-20T16:07:21 [WARN] Desired process no longer exists (PID 8652)
2026-05-20T16:07:21 [WARN] Desired process no longer exists (PID 3344)
2026-05-20T16:07:30 [INFO] Heartbeat + Metrics
2026-05-20T16:07:30 [WARN] Desired process no longer exists (PID 8652)
2026-05-20T16:07:30 [WARN] Desired process no longer exists (PID 3344)
2026-05-20T16:07:38 [INFO] Heartbeat + Metrics
2026-05-20T16:07:38 [WARN] Desired process no longer exists (PID 8652)
2026-05-20T16:07:38 [WARN] Desired process no longer exists (PID 3344)
2026-05-20T16:07:47 [INFO] Heartbeat + Metrics
2026-05-20T16:07:47 [WARN] Desired process no longer exists (PID 8652)
2026-05-20T16:07:47 [WARN] Desired process no longer exists (PID 3344)
2026-05-20T16:07:56 [INFO] Heartbeat + Metrics
2026-05-20T16:08:04 [INFO] Heartbeat + Metrics
2026-05-20T16:08:04 [WARN] Desired process no longer exists (PID 8652)
2026-05-20T16:08:04 [WARN] Desired process no longer exists (PID 3344)
2026-05-20T16:08:13 [INFO] Heartbeat + Metrics
2026-05-20T16:08:13 [WARN] Desired process no longer exists (PID 8652)
2026-05-20T16:08:13 [WARN] Desired process no longer exists (PID 3344)
2026-05-20T16:08:21 [INFO] Heartbeat + Metrics
2026-05-20T16:08:22 [WARN] Desired process no longer exists (PID 8652)
2026-05-20T16:08:22 [WARN] Desired process no longer exists (PID 3344)
2026-05-20T16:08:30 [INFO] Heartbeat + Metrics
2026-05-20T16:08:30 [WARN] Desired process no longer exists (PID 8652)
2026-05-20T16:08:30 [WARN] Desired process no longer exists (PID 3344)
2026-05-20T16:08:39 [INFO] Heartbeat + Metrics
2026-05-20T16:08:39 [WARN] Desired process no longer exists (PID 8652)
2026-05-20T16:08:39 [WARN] Desired process no longer exists (PID 3344)
2026-05-20T16:08:47 [INFO] Heartbeat + Metrics
2026-05-20T16:08:47 [WARN] Desired process no longer exists (PID 8652)
2026-05-20T16:08:47 [WARN] Desired process no longer exists (PID 3344)
2026-05-20T16:08:56 [INFO] Heartbeat + Metrics
2026-05-20T16:08:56 [WARN] Desired process no longer exists (PID 8652)
2026-05-20T16:08:56 [WARN] Desired process no longer exists (PID 3344)
2026-05-20T16:09:04 [INFO] Heartbeat + Metrics
2026-05-20T16:09:04 [WARN] Desired process no longer exists (PID 8652)
2026-05-20T16:09:05 [WARN] Desired process no longer exists (PID 3344)
2026-05-20T16:09:13 [INFO] Heartbeat + Metrics
2026-05-20T16:09:13 [WARN] Desired process no longer exists (PID 8652)
2026-05-20T16:09:13 [WARN] Desired process no longer exists (PID 3344)
2026-05-20T16:09:22 [INFO] Heartbeat + Metrics
2026-05-20T16:09:30 [INFO] Heartbeat + Metrics
2026-05-20T16:09:39 [INFO] Heartbeat + Metrics
2026-05-20T16:09:39 [WARN] Failsafe triggered: CPU too high
2026-05-20T16:09:48 [INFO] Heartbeat + Metrics
2026-05-20T16:09:48 [WARN] Desired process no longer exists (PID 8652)
2026-05-20T16:09:48 [WARN] Desired process no longer exists (PID 3344)
2026-05-20T16:09:56 [INFO] Heartbeat + Metrics
2026-05-20T16:09:57 [WARN] Desired process no longer exists (PID 8652)
2026-05-20T16:09:57 [WARN] Desired process no longer exists (PID 3344)
2026-05-20T16:10:05 [INFO] Heartbeat + Metrics
2026-05-20T16:10:05 [WARN] Desired process no longer exists (PID 8652)
2026-05-20T16:10:05 [WARN] Desired process no longer exists (PID 3344)
2026-05-20T16:10:14 [INFO] Heartbeat + Metrics
2026-05-20T16:10:14 [WARN] Desired process no longer exists (PID 8652)
2026-05-20T16:10:14 [WARN] Desired process no longer exists (PID 3344)
2026-05-20T16:10:22 [INFO] Heartbeat + Metrics
2026-05-20T16:10:22 [WARN] Desired process no longer exists (PID 8652)
2026-05-20T16:10:22 [WARN] Desired process no longer exists (PID 3344)
2026-05-20T16:10:31 [INFO] Heartbeat + Metrics
2026-05-20T16:10:31 [WARN] Desired process no longer exists (PID 8652)
2026-05-20T16:10:31 [WARN] Desired process no longer exists (PID 3344)
2026-05-20T16:10:40 [INFO] Heartbeat + Metrics
2026-05-20T16:10:40 [WARN] Desired process no longer exists (PID 8652)
2026-05-20T16:10:40 [WARN] Desired process no longer exists (PID 3344)
2026-05-20T16:10:48 [INFO] Heartbeat + Metrics
2026-05-20T16:10:48 [WARN] Desired process no longer exists (PID 8652)
2026-05-20T16:10:48 [WARN] Desired process no longer exists (PID 3344)
2026-05-20T16:10:57 [INFO] Heartbeat + Metrics
2026-05-20T16:10:57 [WARN] Desired process no longer exists (PID 8652)
2026-05-20T16:10:57 [WARN] Desired process no longer exists (PID 3344)
2026-05-20T16:11:06 [INFO] Heartbeat + Metrics
2026-05-20T16:11:06 [WARN] Desired process no longer exists (PID 8652)
2026-05-20T16:11:06 [WARN] Desired process no longer exists (PID 3344)
2026-05-20T16:11:14 [INFO] Heartbeat + Metrics
2026-05-20T16:11:14 [WARN] Desired process no longer exists (PID 8652)
2026-05-20T16:11:14 [WARN] Desired process no longer exists (PID 3344)
2026-05-20T16:11:23 [INFO] Heartbeat + Metrics
2026-05-20T16:11:23 [WARN] Desired process no longer exists (PID 8652)
2026-05-20T16:11:23 [WARN] Desired process no longer exists (PID 3344)
2026-05-20T16:11:32 [INFO] Heartbeat + Metrics
2026-05-20T16:11:32 [WARN] Desired process no longer exists (PID 8652)
2026-05-20T16:11:32 [WARN] Desired process no longer exists (PID 3344)
2026-05-20T16:11:40 [INFO] Heartbeat + Metrics
2026-05-20T16:11:40 [WARN] Desired process no longer exists (PID 8652)
2026-05-20T16:11:40 [WARN] Desired process no longer exists (PID 3344)
2026-05-20T16:11:49 [INFO] Heartbeat + Metrics
2026-05-20T16:11:49 [WARN] Desired process no longer exists (PID 8652)
2026-05-20T16:11:49 [WARN] Desired process no longer exists (PID 3344)
2026-05-20T16:11:58 [INFO] Heartbeat + Metrics
2026-05-20T16:11:58 [WARN] Failsafe triggered: CPU too high
2026-05-20T16:12:07 [INFO] Heartbeat + Metrics
2026-05-20T16:12:07 [WARN] Desired process no longer exists (PID 8652)
2026-05-20T16:12:07 [WARN] Desired process no longer exists (PID 3344)
2026-05-20T16:12:15 [INFO] Heartbeat + Metrics
2026-05-20T16:12:15 [WARN] Desired process no longer exists (PID 8652)
2026-05-20T16:12:15 [WARN] Desired process no longer exists (PID 3344)
2026-05-20T16:12:24 [INFO] Heartbeat + Metrics
2026-05-20T16:12:24 [WARN] Desired process no longer exists (PID 8652)
2026-05-20T16:12:24 [WARN] Desired process no longer exists (PID 3344)
2026-05-20T16:12:33 [INFO] Heartbeat + Metrics
2026-05-20T16:12:33 [WARN] Desired process no longer exists (PID 8652)
2026-05-20T16:12:33 [WARN] Desired process no longer exists (PID 3344)
2026-05-20T16:12:41 [INFO] Heartbeat + Metrics
2026-05-20T16:12:41 [WARN] Desired process no longer exists (PID 8652)
2026-05-20T16:12:41 [WARN] Desired process no longer exists (PID 3344)
2026-05-20T16:12:50 [INFO] Heartbeat + Metrics
2026-05-20T16:12:50 [WARN] Desired process no longer exists (PID 8652)
2026-05-20T16:12:50 [WARN] Desired process no longer exists (PID 3344)
2026-05-20T16:12:59 [INFO] Heartbeat + Metrics
2026-05-20T16:12:59 [WARN] Desired process no longer exists (PID 8652)
2026-05-20T16:12:59 [WARN] Desired process no longer exists (PID 3344)
2026-05-20T16:13:07 [INFO] Heartbeat + Metrics
2026-05-20T16:13:07 [WARN] Desired process no longer exists (PID 8652)
2026-05-20T16:13:07 [WARN] Desired process no longer exists (PID 3344)
2026-05-20T16:13:16 [INFO] Heartbeat + Metrics
2026-05-20T16:13:16 [WARN] Desired process no longer exists (PID 8652)
2026-05-20T16:13:16 [WARN] Desired process no longer exists (PID 3344)
2026-05-20T16:13:25 [INFO] Heartbeat + Metrics
2026-05-20T16:13:34 [INFO] Heartbeat + Metrics
2026-05-20T16:13:34 [WARN] Failsafe triggered: CPU too high
2026-05-20T16:13:42 [INFO] Heartbeat + Metrics
2026-05-20T16:13:51 [INFO] Heartbeat + Metrics
2026-05-20T16:14:00 [INFO] Heartbeat + Metrics
2026-05-20T16:14:08 [INFO] Heartbeat + Metrics
2026-05-20T16:14:17 [INFO] Heartbeat + Metrics
2026-05-20T16:14:25 [INFO] Heartbeat + Metrics
2026-05-20T16:14:34 [INFO] Heartbeat + Metrics
2026-05-20T16:14:42 [INFO] Heartbeat + Metrics
2026-05-20T16:14:51 [INFO] Heartbeat + Metrics
2026-05-20T16:15:00 [INFO] Heartbeat + Metrics
2026-05-20T16:15:08 [INFO] Heartbeat + Metrics
2026-05-20T16:15:17 [INFO] Heartbeat + Metrics
2026-05-20T16:15:26 [INFO] Heartbeat + Metrics
2026-05-20T16:15:34 [INFO] Heartbeat + Metrics
2026-05-20T16:15:43 [INFO] Heartbeat + Metrics
2026-05-20T16:15:51 [INFO] Heartbeat + Metrics
2026-05-20T16:16:00 [INFO] Heartbeat + Metrics
2026-05-20T16:16:09 [INFO] Heartbeat + Metrics
2026-05-20T16:16:17 [INFO] Heartbeat + Metrics
2026-05-20T16:16:26 [INFO] Heartbeat + Metrics
2026-05-20T16:16:34 [INFO] Heartbeat + Metrics
2026-05-20T16:16:43 [INFO] Heartbeat + Metrics
2026-05-20T16:16:51 [INFO] Heartbeat + Metrics
2026-05-20T16:17:00 [INFO] Heartbeat + Metrics
2026-05-20T16:17:10 [INFO] Heartbeat + Metrics
2026-05-20T16:17:19 [INFO] Heartbeat + Metrics
2026-05-20T16:17:19 [WARN] Failsafe triggered: CPU too high
2026-05-20T16:17:27 [INFO] Heartbeat + Metrics
2026-05-20T16:17:36 [INFO] Heartbeat + Metrics
2026-05-20T16:17:44 [INFO] Heartbeat + Metrics
2026-05-20T16:17:54 [INFO] Heartbeat + Metrics
2026-05-20T16:18:03 [INFO] Heartbeat + Metrics
2026-05-20T16:18:03 [WARN] Failsafe triggered: CPU too high
2026-05-20T16:18:12 [INFO] Heartbeat + Metrics
2026-05-20T16:18:12 [WARN] Desired process no longer exists (PID 8652)
2026-05-20T16:18:12 [WARN] Desired process no longer exists (PID 3344)
2026-05-20T16:18:21 [INFO] Heartbeat + Metrics
2026-05-20T16:18:30 [INFO] Heartbeat + Metrics
2026-05-20T16:18:30 [WARN] Failsafe triggered: CPU too high
2026-05-20T16:18:38 [INFO] Heartbeat + Metrics
2026-05-20T16:18:47 [INFO] Heartbeat + Metrics
2026-05-20T16:18:56 [INFO] Heartbeat + Metrics
2026-05-20T16:19:04 [INFO] Heartbeat + Metrics
2026-05-20T16:19:04 [WARN] Failsafe triggered: CPU too high
2026-05-20T16:19:14 [INFO] Heartbeat + Metrics
2026-05-20T16:19:23 [INFO] Heartbeat + Metrics
2026-05-20T16:19:23 [WARN] Failsafe triggered: CPU too high
2026-05-20T16:19:31 [INFO] Heartbeat + Metrics
2026-05-20T16:19:40 [INFO] Heartbeat + Metrics
2026-05-20T16:19:49 [INFO] Heartbeat + Metrics
2026-05-20T16:19:57 [INFO] Heartbeat + Metrics
2026-05-20T16:20:06 [INFO] Heartbeat + Metrics
2026-05-20T16:20:14 [INFO] Heartbeat + Metrics
2026-05-20T16:20:23 [INFO] Heartbeat + Metrics
2026-05-20T16:20:32 [INFO] Heartbeat + Metrics
2026-05-20T16:20:41 [INFO] Heartbeat + Metrics
2026-05-20T16:20:49 [INFO] Heartbeat + Metrics
2026-05-20T16:20:58 [INFO] Heartbeat + Metrics
2026-05-20T16:21:06 [INFO] Heartbeat + Metrics
2026-05-20T16:21:15 [INFO] Heartbeat + Metrics
2026-05-20T16:21:24 [INFO] Heartbeat + Metrics
2026-05-20T16:21:32 [INFO] Heartbeat + Metrics
2026-05-20T16:21:41 [INFO] Heartbeat + Metrics
2026-05-20T16:21:41 [WARN] Desired process no longer exists (PID 8652)
2026-05-20T16:21:41 [WARN] Desired process no longer exists (PID 3344)
2026-05-20T16:21:50 [INFO] Heartbeat + Metrics
2026-05-20T16:21:50 [WARN] Desired process no longer exists (PID 8652)
2026-05-20T16:21:50 [WARN] Desired process no longer exists (PID 3344)
2026-05-20T16:21:59 [INFO] Heartbeat + Metrics
2026-05-20T16:21:59 [WARN] Failsafe triggered: CPU too high
2026-05-20T16:22:08 [INFO] Heartbeat + Metrics
2026-05-20T16:22:17 [INFO] Heartbeat + Metrics
2026-05-20T16:22:26 [INFO] Heartbeat + Metrics
2026-05-20T16:22:34 [INFO] Heartbeat + Metrics
2026-05-20T16:22:43 [INFO] Heartbeat + Metrics
2026-05-20T16:22:51 [INFO] Heartbeat + Metrics
2026-05-20T16:23:00 [INFO] Heartbeat + Metrics
2026-05-20T16:23:00 [WARN] Failsafe triggered: CPU too high
2026-05-20T16:23:09 [INFO] Heartbeat + Metrics
2026-05-20T16:23:18 [INFO] Heartbeat + Metrics
2026-05-20T16:23:26 [INFO] Heartbeat + Metrics
2026-05-20T16:23:35 [INFO] Heartbeat + Metrics
2026-05-20T16:23:43 [INFO] Heartbeat + Metrics
2026-05-20T16:23:52 [INFO] Heartbeat + Metrics
2026-05-20T16:24:00 [INFO] Heartbeat + Metrics
2026-05-20T16:24:09 [INFO] Heartbeat + Metrics
2026-05-20T16:24:18 [INFO] Heartbeat + Metrics
2026-05-20T16:24:18 [WARN] Desired process no longer exists (PID 6640)
2026-05-20T16:24:18 [WARN] Desired process no longer exists (PID 3344)
2026-05-20T16:24:27 [INFO] Heartbeat + Metrics
2026-05-20T16:24:27 [WARN] Desired process no longer exists (PID 6640)
2026-05-20T16:24:27 [WARN] Desired process no longer exists (PID 3344)
2026-05-20T16:24:35 [INFO] Heartbeat + Metrics
2026-05-20T16:24:36 [WARN] Desired process no longer exists (PID 6640)
2026-05-20T16:24:36 [WARN] Desired process no longer exists (PID 3344)
2026-05-20T16:24:44 [INFO] Heartbeat + Metrics
2026-05-20T16:24:44 [WARN] Desired process no longer exists (PID 6640)
2026-05-20T16:24:44 [WARN] Desired process no longer exists (PID 3344)
2026-05-20T16:24:53 [INFO] Heartbeat + Metrics
2026-05-20T16:25:02 [INFO] Heartbeat + Metrics
2026-05-20T16:25:02 [WARN] Failsafe triggered: CPU too high
2026-05-20T16:25:11 [INFO] Heartbeat + Metrics
2026-05-20T16:25:11 [WARN] Failsafe triggered: CPU too high
2026-05-20T16:25:20 [INFO] Heartbeat + Metrics
2026-05-20T16:25:20 [WARN] Failsafe triggered: CPU too high
2026-05-20T16:25:29 [INFO] Heartbeat + Metrics
2026-05-20T16:25:37 [INFO] Heartbeat + Metrics
2026-05-20T16:25:46 [INFO] Heartbeat + Metrics
2026-05-20T16:25:55 [INFO] Heartbeat + Metrics
2026-05-20T16:26:03 [INFO] Heartbeat + Metrics
2026-05-20T16:26:12 [INFO] Heartbeat + Metrics
2026-05-20T16:26:12 [WARN] Failsafe triggered: CPU too high
2026-05-20T16:26:21 [INFO] Heartbeat + Metrics
2026-05-20T16:26:30 [INFO] Heartbeat + Metrics
2026-05-20T16:26:38 [INFO] Heartbeat + Metrics
2026-05-20T16:26:47 [INFO] Heartbeat + Metrics
2026-05-20T16:26:55 [INFO] Heartbeat + Metrics
2026-05-20T16:27:04 [INFO] Heartbeat + Metrics
2026-05-20T16:27:13 [INFO] Heartbeat + Metrics
2026-05-20T16:27:22 [INFO] Heartbeat + Metrics
2026-05-20T16:27:31 [INFO] Heartbeat + Metrics
2026-05-20T16:27:31 [WARN] Failsafe triggered: CPU too high
2026-05-20T16:27:39 [INFO] Heartbeat + Metrics
2026-05-20T16:27:39 [WARN] Desired process no longer exists (PID 8652)
2026-05-20T16:27:39 [WARN] Desired process no longer exists (PID 3344)
2026-05-20T16:27:48 [INFO] Heartbeat + Metrics
2026-05-20T16:27:48 [WARN] Desired process no longer exists (PID 8652)
2026-05-20T16:27:48 [WARN] Desired process no longer exists (PID 3344)
2026-05-20T16:27:57 [INFO] Heartbeat + Metrics
2026-05-20T16:27:57 [WARN] Desired process no longer exists (PID 8652)
2026-05-20T16:27:57 [WARN] Desired process no longer exists (PID 3344)
2026-05-20T16:28:06 [INFO] Heartbeat + Metrics
2026-05-20T16:28:06 [WARN] Failsafe triggered: CPU too high
2026-05-20T16:28:14 [INFO] Heartbeat + Metrics
2026-05-20T16:28:14 [WARN] Desired process no longer exists (PID 8652)
2026-05-20T16:28:14 [WARN] Desired process no longer exists (PID 3344)
2026-05-20T16:28:23 [INFO] Heartbeat + Metrics
2026-05-20T16:28:31 [INFO] Heartbeat + Metrics
2026-05-20T16:28:40 [INFO] Heartbeat + Metrics
2026-05-20T16:28:49 [INFO] Heartbeat + Metrics
2026-05-20T16:28:57 [INFO] Heartbeat + Metrics
2026-05-20T16:29:06 [INFO] Heartbeat + Metrics
2026-05-20T16:29:15 [INFO] Heartbeat + Metrics
2026-05-20T16:29:23 [INFO] Heartbeat + Metrics
2026-05-20T16:29:23 [WARN] Failsafe triggered: CPU too high
2026-05-20T16:29:35 [INFO] Heartbeat + Metrics
2026-05-20T16:29:44 [INFO] Heartbeat + Metrics
2026-05-20T16:29:44 [WARN] Failsafe triggered: CPU too high
2026-05-20T16:29:53 [INFO] Heartbeat + Metrics
2026-05-20T16:29:53 [WARN] Failsafe triggered: CPU too high
2026-05-20T16:30:02 [INFO] Heartbeat + Metrics
2026-05-20T16:30:10 [INFO] Heartbeat + Metrics
2026-05-20T16:30:19 [INFO] Heartbeat + Metrics
2026-05-20T16:30:19 [WARN] Failsafe triggered: CPU too high
2026-05-20T16:30:28 [INFO] Heartbeat + Metrics
2026-05-20T16:30:36 [INFO] Heartbeat + Metrics
2026-05-20T16:30:45 [INFO] Heartbeat + Metrics
2026-05-20T16:30:54 [INFO] Heartbeat + Metrics
2026-05-20T16:31:02 [INFO] Heartbeat + Metrics
2026-05-20T16:31:11 [INFO] Heartbeat + Metrics
2026-05-20T16:31:19 [INFO] Heartbeat + Metrics
2026-05-20T16:31:28 [INFO] Heartbeat + Metrics
2026-05-20T16:31:36 [INFO] Heartbeat + Metrics
2026-05-20T16:31:45 [INFO] Heartbeat + Metrics
2026-05-20T16:31:53 [INFO] Heartbeat + Metrics
2026-05-20T16:32:02 [INFO] Heartbeat + Metrics
2026-05-20T16:32:10 [INFO] Heartbeat + Metrics
2026-05-20T16:32:19 [INFO] Heartbeat + Metrics
2026-05-20T16:32:27 [INFO] Heartbeat + Metrics
2026-05-20T16:32:36 [INFO] Heartbeat + Metrics
2026-05-20T16:32:44 [INFO] Heartbeat + Metrics
2026-05-20T16:32:53 [INFO] Heartbeat + Metrics
2026-05-20T16:33:01 [INFO] Heartbeat + Metrics
2026-05-20T16:33:10 [INFO] Heartbeat + Metrics
2026-05-20T16:33:18 [INFO] Heartbeat + Metrics
2026-05-20T16:33:27 [INFO] Heartbeat + Metrics
2026-05-20T16:33:35 [INFO] Heartbeat + Metrics
2026-05-20T16:33:44 [INFO] Heartbeat + Metrics
2026-05-20T16:33:52 [INFO] Heartbeat + Metrics
2026-05-20T16:34:01 [INFO] Heartbeat + Metrics
2026-05-20T16:34:09 [INFO] Heartbeat + Metrics
2026-05-20T16:34:18 [INFO] Heartbeat + Metrics
2026-05-20T16:34:26 [INFO] Heartbeat + Metrics
2026-05-20T16:34:34 [INFO] Heartbeat + Metrics
2026-05-20T16:34:43 [INFO] Heartbeat + Metrics
2026-05-20T16:34:51 [INFO] Heartbeat + Metrics
2026-05-20T16:35:00 [INFO] Heartbeat + Metrics
2026-05-20T16:35:08 [INFO] Heartbeat + Metrics
2026-05-20T16:35:17 [INFO] Heartbeat + Metrics
2026-05-20T16:35:25 [INFO] Heartbeat + Metrics
2026-05-20T16:35:33 [INFO] Heartbeat + Metrics
2026-05-20T16:35:42 [INFO] Heartbeat + Metrics
2026-05-20T16:35:52 [INFO] Heartbeat + Metrics
2026-05-20T16:36:02 [INFO] Heartbeat + Metrics
2026-05-20T16:36:02 [WARN] Failsafe triggered: CPU too high
2026-05-20T16:36:10 [INFO] Heartbeat + Metrics
2026-05-20T16:36:19 [INFO] Heartbeat + Metrics
2026-05-20T16:36:28 [INFO] Heartbeat + Metrics
2026-05-20T16:36:28 [WARN] Failsafe triggered: CPU too high
2026-05-20T16:36:37 [INFO] Heartbeat + Metrics
2026-05-20T16:36:45 [INFO] Heartbeat + Metrics
2026-05-20T16:36:54 [INFO] Heartbeat + Metrics
2026-05-20T16:37:03 [INFO] Heartbeat + Metrics
2026-05-20T16:37:11 [INFO] Heartbeat + Metrics
2026-05-20T16:37:20 [INFO] Heartbeat + Metrics
2026-05-20T16:37:28 [INFO] Heartbeat + Metrics
2026-05-20T16:37:37 [INFO] Heartbeat + Metrics
2026-05-20T16:37:46 [INFO] Heartbeat + Metrics
2026-05-20T16:37:54 [INFO] Heartbeat + Metrics
2026-05-20T16:38:03 [INFO] Heartbeat + Metrics
2026-05-20T16:38:11 [INFO] Heartbeat + Metrics
2026-05-20T16:38:20 [INFO] Heartbeat + Metrics
2026-05-20T16:38:29 [INFO] Heartbeat + Metrics
2026-05-20T16:38:37 [INFO] Heartbeat + Metrics
2026-05-20T16:38:46 [INFO] Heartbeat + Metrics
2026-05-20T16:38:54 [INFO] Heartbeat + Metrics
2026-05-20T16:39:03 [INFO] Heartbeat + Metrics
2026-05-20T16:39:12 [INFO] Heartbeat + Metrics
2026-05-20T16:39:12 [WARN] Desired process no longer exists (PID 8652)
2026-05-20T16:39:12 [WARN] Desired process no longer exists (PID 3344)
2026-05-20T16:39:21 [INFO] Heartbeat + Metrics
2026-05-20T16:39:21 [WARN] Failsafe triggered: CPU too high
2026-05-20T16:39:30 [INFO] Heartbeat + Metrics
2026-05-20T16:39:31 [WARN] Desired process no longer exists (PID 8652)
2026-05-20T16:39:31 [WARN] Desired process no longer exists (PID 3344)
2026-05-20T16:39:40 [INFO] Heartbeat + Metrics
2026-05-20T16:39:40 [WARN] Desired process no longer exists (PID 8652)
2026-05-20T16:39:40 [WARN] Desired process no longer exists (PID 3344)
2026-05-20T16:39:49 [INFO] Heartbeat + Metrics
2026-05-20T16:39:49 [WARN] Desired process no longer exists (PID 8652)
2026-05-20T16:39:49 [WARN] Desired process no longer exists (PID 3344)
2026-05-20T16:39:58 [INFO] Heartbeat + Metrics
2026-05-20T16:40:06 [INFO] Heartbeat + Metrics
2026-05-20T16:40:15 [INFO] Heartbeat + Metrics
2026-05-20T16:40:24 [INFO] Heartbeat + Metrics
2026-05-20T16:40:24 [WARN] Desired process no longer exists (PID 8652)
2026-05-20T16:40:24 [WARN] Desired process no longer exists (PID 3344)
2026-05-20T16:40:32 [INFO] Heartbeat + Metrics
2026-05-20T16:40:32 [WARN] Desired process no longer exists (PID 8652)
2026-05-20T16:40:32 [WARN] Desired process no longer exists (PID 3344)
2026-05-20T16:40:41 [INFO] Heartbeat + Metrics
2026-05-20T16:40:50 [INFO] Heartbeat + Metrics
2026-05-20T16:40:58 [INFO] Heartbeat + Metrics
2026-05-20T16:41:07 [INFO] Heartbeat + Metrics
2026-05-20T16:41:16 [INFO] Heartbeat + Metrics
2026-05-20T16:41:24 [INFO] Heartbeat + Metrics
2026-05-20T16:41:33 [INFO] Heartbeat + Metrics
2026-05-20T16:41:41 [INFO] Heartbeat + Metrics
2026-05-20T16:41:50 [INFO] Heartbeat + Metrics
2026-05-20T16:41:59 [INFO] Heartbeat + Metrics
2026-05-20T16:42:07 [INFO] Heartbeat + Metrics
2026-05-20T16:42:16 [INFO] Heartbeat + Metrics
2026-05-20T16:42:17 [WARN] Desired process no longer exists (PID 8652)
2026-05-20T16:42:17 [WARN] Desired process no longer exists (PID 3344)
2026-05-20T16:42:25 [INFO] Heartbeat + Metrics
2026-05-20T16:42:25 [WARN] Failsafe triggered: CPU too high
2026-05-20T16:42:34 [INFO] Heartbeat + Metrics
2026-05-20T16:42:34 [WARN] Desired process no longer exists (PID 8652)
2026-05-20T16:42:34 [WARN] Desired process no longer exists (PID 3344)
2026-05-20T16:42:43 [INFO] Heartbeat + Metrics
2026-05-20T16:42:43 [WARN] Desired process no longer exists (PID 8652)
2026-05-20T16:42:43 [WARN] Desired process no longer exists (PID 3344)
2026-05-20T16:42:51 [INFO] Heartbeat + Metrics
2026-05-20T16:42:51 [WARN] Desired process no longer exists (PID 8652)
2026-05-20T16:42:51 [WARN] Desired process no longer exists (PID 3344)
2026-05-20T16:43:00 [INFO] Heartbeat + Metrics
2026-05-20T16:43:00 [WARN] Desired process no longer exists (PID 8652)
2026-05-20T16:43:00 [WARN] Desired process no longer exists (PID 3344)
2026-05-20T16:43:09 [INFO] Heartbeat + Metrics
2026-05-20T16:43:18 [INFO] Heartbeat + Metrics
2026-05-20T16:43:26 [INFO] Heartbeat + Metrics
2026-05-20T16:43:36 [INFO] Heartbeat + Metrics
2026-05-20T16:43:44 [INFO] Heartbeat + Metrics
2026-05-20T16:43:53 [INFO] Heartbeat + Metrics
2026-05-20T16:44:02 [INFO] Heartbeat + Metrics
2026-05-20T16:44:10 [INFO] Heartbeat + Metrics
2026-05-20T16:44:19 [INFO] Heartbeat + Metrics
2026-05-20T16:44:28 [INFO] Heartbeat + Metrics
2026-05-20T16:44:36 [INFO] Heartbeat + Metrics
2026-05-20T16:44:45 [INFO] Heartbeat + Metrics
2026-05-20T16:44:53 [INFO] Heartbeat + Metrics
2026-05-20T16:44:54 [WARN] Desired process no longer exists (PID 8652)
2026-05-20T16:44:54 [WARN] Desired process no longer exists (PID 3344)
2026-05-20T16:45:02 [INFO] Heartbeat + Metrics
2026-05-20T16:45:02 [WARN] Desired process no longer exists (PID 8652)
2026-05-20T16:45:02 [WARN] Desired process no longer exists (PID 3344)
2026-05-20T16:45:11 [INFO] Heartbeat + Metrics
2026-05-20T16:45:11 [WARN] Desired process no longer exists (PID 8652)
2026-05-20T16:45:11 [WARN] Desired process no longer exists (PID 3344)
2026-05-20T16:45:20 [INFO] Heartbeat + Metrics
2026-05-20T16:45:20 [WARN] Desired process no longer exists (PID 8652)
2026-05-20T16:45:20 [WARN] Desired process no longer exists (PID 3344)
2026-05-20T16:45:28 [INFO] Heartbeat + Metrics
2026-05-20T16:45:28 [WARN] Desired process no longer exists (PID 8652)
2026-05-20T16:45:28 [WARN] Desired process no longer exists (PID 3344)
2026-05-20T16:45:37 [INFO] Heartbeat + Metrics
2026-05-20T16:45:37 [WARN] Desired process no longer exists (PID 8652)
2026-05-20T16:45:37 [WARN] Desired process no longer exists (PID 3344)
2026-05-20T16:45:46 [INFO] Heartbeat + Metrics
2026-05-20T16:45:46 [WARN] Desired process no longer exists (PID 8652)
2026-05-20T16:45:46 [WARN] Desired process no longer exists (PID 3344)
2026-05-20T16:45:55 [INFO] Heartbeat + Metrics
2026-05-20T16:45:55 [WARN] Desired process no longer exists (PID 8652)
2026-05-20T16:45:55 [WARN] Desired process no longer exists (PID 3344)
2026-05-20T16:46:03 [INFO] Heartbeat + Metrics
2026-05-20T16:46:03 [WARN] Desired process no longer exists (PID 8652)
2026-05-20T16:46:03 [WARN] Desired process no longer exists (PID 3344)
2026-05-20T16:46:12 [INFO] Heartbeat + Metrics
2026-05-20T16:46:12 [WARN] Desired process no longer exists (PID 8652)
2026-05-20T16:46:12 [WARN] Desired process no longer exists (PID 3344)
2026-05-20T16:46:21 [INFO] Heartbeat + Metrics
2026-05-20T16:46:21 [WARN] Desired process no longer exists (PID 8652)
2026-05-20T16:46:21 [WARN] Desired process no longer exists (PID 3344)
2026-05-20T16:46:29 [INFO] Heartbeat + Metrics
2026-05-20T16:46:29 [WARN] Desired process no longer exists (PID 8652)
2026-05-20T16:46:29 [WARN] Desired process no longer exists (PID 3344)
2026-05-20T16:46:38 [INFO] Heartbeat + Metrics
2026-05-20T16:46:38 [WARN] Desired process no longer exists (PID 8652)
2026-05-20T16:46:38 [WARN] Desired process no longer exists (PID 3344)
2026-05-20T16:46:47 [INFO] Heartbeat + Metrics
2026-05-20T16:46:47 [WARN] Desired process no longer exists (PID 8652)
2026-05-20T16:46:47 [WARN] Desired process no longer exists (PID 3344)
2026-05-20T16:46:55 [INFO] Heartbeat + Metrics
2026-05-20T16:46:56 [WARN] Desired process no longer exists (PID 8652)
2026-05-20T16:46:56 [WARN] Desired process no longer exists (PID 3344)
2026-05-20T16:47:04 [INFO] Heartbeat + Metrics
2026-05-20T16:47:04 [WARN] Desired process no longer exists (PID 8652)
2026-05-20T16:47:04 [WARN] Desired process no longer exists (PID 3344)
2026-05-20T16:47:13 [INFO] Heartbeat + Metrics
2026-05-20T16:47:13 [WARN] Desired process no longer exists (PID 8652)
2026-05-20T16:47:13 [WARN] Desired process no longer exists (PID 3344)
2026-05-20T16:47:21 [INFO] Heartbeat + Metrics
2026-05-20T16:47:21 [WARN] Desired process no longer exists (PID 8652)
2026-05-20T16:47:21 [WARN] Desired process no longer exists (PID 3344)
2026-05-20T16:47:30 [INFO] Heartbeat + Metrics
2026-05-20T16:47:30 [WARN] Desired process no longer exists (PID 17564)
2026-05-20T16:47:30 [WARN] Desired process no longer exists (PID 3344)
2026-05-20T16:47:39 [INFO] Heartbeat + Metrics
2026-05-20T16:47:39 [WARN] Desired process no longer exists (PID 17564)
2026-05-20T16:47:39 [WARN] Desired process no longer exists (PID 3344)
2026-05-20T16:47:48 [INFO] Heartbeat + Metrics
2026-05-20T16:47:48 [WARN] Desired process no longer exists (PID 17564)
2026-05-20T16:47:48 [WARN] Desired process no longer exists (PID 3344)
2026-05-20T16:47:56 [INFO] Heartbeat + Metrics
2026-05-20T16:47:56 [WARN] Desired process no longer exists (PID 17564)
2026-05-20T16:47:56 [WARN] Desired process no longer exists (PID 3344)
2026-05-20T16:48:05 [INFO] Heartbeat + Metrics
2026-05-20T16:48:05 [WARN] Desired process no longer exists (PID 17564)
2026-05-20T16:48:05 [WARN] Desired process no longer exists (PID 3344)
2026-05-20T16:48:14 [INFO] Heartbeat + Metrics
2026-05-20T16:48:14 [WARN] Desired process no longer exists (PID 17564)
2026-05-20T16:48:14 [WARN] Desired process no longer exists (PID 3344)
2026-05-20T16:48:22 [INFO] Heartbeat + Metrics
2026-05-20T16:48:22 [WARN] Desired process no longer exists (PID 8652)
2026-05-20T16:48:22 [WARN] Desired process no longer exists (PID 3344)
2026-05-20T16:48:31 [INFO] Heartbeat + Metrics
2026-05-20T16:48:31 [WARN] Desired process no longer exists (PID 8652)
2026-05-20T16:48:31 [WARN] Desired process no longer exists (PID 3344)
2026-05-20T16:48:40 [INFO] Heartbeat + Metrics
2026-05-20T16:48:40 [WARN] Desired process no longer exists (PID 8652)
2026-05-20T16:48:40 [WARN] Desired process no longer exists (PID 3344)
2026-05-20T16:48:48 [INFO] Heartbeat + Metrics
2026-05-20T16:48:57 [INFO] Heartbeat + Metrics
2026-05-20T16:49:05 [INFO] Heartbeat + Metrics
2026-05-20T16:49:14 [INFO] Heartbeat + Metrics
2026-05-20T16:49:14 [WARN] Desired process no longer exists (PID 8652)
2026-05-20T16:49:14 [WARN] Desired process no longer exists (PID 3344)
2026-05-20T16:49:22 [INFO] Heartbeat + Metrics
2026-05-20T16:49:23 [WARN] Desired process no longer exists (PID 8652)
2026-05-20T16:49:23 [WARN] Desired process no longer exists (PID 3344)
2026-05-20T16:49:31 [INFO] Heartbeat + Metrics
2026-05-20T16:49:31 [WARN] Desired process no longer exists (PID 8652)
2026-05-20T16:49:31 [WARN] Desired process no longer exists (PID 3344)
2026-05-20T16:49:40 [INFO] Heartbeat + Metrics
2026-05-20T16:49:40 [WARN] Desired process no longer exists (PID 8652)
2026-05-20T16:49:40 [WARN] Desired process no longer exists (PID 3344)
2026-05-20T16:49:49 [INFO] Heartbeat + Metrics
2026-05-20T16:49:57 [INFO] Heartbeat + Metrics
2026-05-20T16:50:06 [INFO] Heartbeat + Metrics
2026-05-20T16:50:14 [INFO] Heartbeat + Metrics
2026-05-20T16:50:23 [INFO] Heartbeat + Metrics
2026-05-20T16:50:32 [INFO] Heartbeat + Metrics
2026-05-20T16:50:32 [WARN] Desired process no longer exists (PID 8652)
2026-05-20T16:50:32 [WARN] Desired process no longer exists (PID 3344)
2026-05-20T16:50:41 [INFO] Heartbeat + Metrics
2026-05-20T16:50:41 [WARN] Desired process no longer exists (PID 8652)
2026-05-20T16:50:41 [WARN] Desired process no longer exists (PID 3344)
2026-05-20T16:50:49 [INFO] Heartbeat + Metrics
2026-05-20T16:50:49 [WARN] Desired process no longer exists (PID 8652)
2026-05-20T16:50:49 [WARN] Desired process no longer exists (PID 3344)
2026-05-20T16:50:58 [INFO] Heartbeat + Metrics
2026-05-20T16:50:58 [WARN] Desired process no longer exists (PID 8652)
2026-05-20T16:50:58 [WARN] Desired process no longer exists (PID 3344)
2026-05-20T16:51:07 [INFO] Heartbeat + Metrics
2026-05-20T16:51:07 [WARN] Desired process no longer exists (PID 8652)
2026-05-20T16:51:07 [WARN] Desired process no longer exists (PID 3344)
2026-05-20T16:51:15 [INFO] Heartbeat + Metrics
2026-05-20T16:51:24 [INFO] Heartbeat + Metrics
2026-05-20T16:51:32 [INFO] Heartbeat + Metrics
2026-05-20T16:51:41 [INFO] Heartbeat + Metrics
2026-05-20T16:51:41 [WARN] Desired process no longer exists (PID 8652)
2026-05-20T16:51:41 [WARN] Desired process no longer exists (PID 3344)
2026-05-20T16:51:49 [INFO] Heartbeat + Metrics
2026-05-20T16:51:49 [WARN] Desired process no longer exists (PID 8652)
2026-05-20T16:51:49 [WARN] Desired process no longer exists (PID 3344)
2026-05-20T16:51:58 [INFO] Heartbeat + Metrics
2026-05-20T16:51:58 [WARN] Desired process no longer exists (PID 8652)
2026-05-20T16:51:58 [WARN] Desired process no longer exists (PID 3344)
2026-05-20T16:52:07 [INFO] Heartbeat + Metrics
2026-05-20T16:52:07 [WARN] Desired process no longer exists (PID 8652)
2026-05-20T16:52:07 [WARN] Desired process no longer exists (PID 3344)
2026-05-20T16:52:15 [INFO] Heartbeat + Metrics
2026-05-20T16:52:15 [WARN] Desired process no longer exists (PID 8652)
2026-05-20T16:52:15 [WARN] Desired process no longer exists (PID 3344)
2026-05-20T16:52:24 [INFO] Heartbeat + Metrics
2026-05-20T16:52:24 [WARN] Desired process no longer exists (PID 8652)
2026-05-20T16:52:24 [WARN] Desired process no longer exists (PID 3344)
2026-05-20T16:52:33 [INFO] Heartbeat + Metrics
2026-05-20T16:52:33 [WARN] Desired process no longer exists (PID 8652)
2026-05-20T16:52:33 [WARN] Desired process no longer exists (PID 3344)
2026-05-20T16:52:42 [INFO] Heartbeat + Metrics
2026-05-20T16:52:42 [WARN] Desired process no longer exists (PID 8652)
2026-05-20T16:52:42 [WARN] Desired process no longer exists (PID 3344)
2026-05-20T16:52:50 [INFO] Heartbeat + Metrics
2026-05-20T16:52:50 [WARN] Desired process no longer exists (PID 8652)
2026-05-20T16:52:50 [WARN] Desired process no longer exists (PID 3344)
2026-05-20T16:52:59 [INFO] Heartbeat + Metrics
2026-05-20T16:52:59 [WARN] Desired process no longer exists (PID 8652)
2026-05-20T16:52:59 [WARN] Desired process no longer exists (PID 3344)
2026-05-20T16:53:08 [INFO] Heartbeat + Metrics
2026-05-20T16:53:08 [WARN] Desired process no longer exists (PID 8652)
2026-05-20T16:53:08 [WARN] Desired process no longer exists (PID 3344)
2026-05-20T16:53:16 [INFO] Heartbeat + Metrics
2026-05-20T16:53:16 [WARN] Desired process no longer exists (PID 8652)
2026-05-20T16:53:16 [WARN] Desired process no longer exists (PID 3344)
2026-05-20T16:53:25 [INFO] Heartbeat + Metrics
2026-05-20T16:53:25 [WARN] Desired process no longer exists (PID 8652)
2026-05-20T16:53:25 [WARN] Desired process no longer exists (PID 3344)
2026-05-20T16:53:34 [INFO] Heartbeat + Metrics
2026-05-20T16:53:34 [WARN] Desired process no longer exists (PID 8652)
2026-05-20T16:53:34 [WARN] Desired process no longer exists (PID 3344)
2026-05-20T16:53:42 [INFO] Heartbeat + Metrics
2026-05-20T16:53:42 [WARN] Desired process no longer exists (PID 8652)
2026-05-20T16:53:42 [WARN] Desired process no longer exists (PID 3344)
2026-05-20T16:53:51 [INFO] Heartbeat + Metrics
2026-05-20T16:53:51 [WARN] Desired process no longer exists (PID 8652)
2026-05-20T16:53:51 [WARN] Desired process no longer exists (PID 3344)
2026-05-20T16:53:59 [INFO] Heartbeat + Metrics
2026-05-20T16:53:59 [WARN] Desired process no longer exists (PID 8652)
2026-05-20T16:53:59 [WARN] Desired process no longer exists (PID 3344)
2026-05-20T16:54:08 [INFO] Heartbeat + Metrics
2026-05-20T16:54:08 [WARN] Desired process no longer exists (PID 8652)
2026-05-20T16:54:08 [WARN] Desired process no longer exists (PID 3344)
2026-05-20T16:54:17 [INFO] Heartbeat + Metrics
2026-05-20T16:54:17 [WARN] Desired process no longer exists (PID 8652)
2026-05-20T16:54:17 [WARN] Desired process no longer exists (PID 3344)
2026-05-20T16:54:25 [INFO] Heartbeat + Metrics
2026-05-20T16:54:25 [WARN] Desired process no longer exists (PID 8652)
2026-05-20T16:54:25 [WARN] Desired process no longer exists (PID 3344)
2026-05-20T16:54:34 [INFO] Heartbeat + Metrics
2026-05-20T16:54:34 [WARN] Desired process no longer exists (PID 8652)
2026-05-20T16:54:34 [WARN] Desired process no longer exists (PID 3344)
2026-05-20T16:54:43 [INFO] Heartbeat + Metrics
2026-05-20T16:54:52 [INFO] Heartbeat + Metrics
2026-05-20T16:55:01 [INFO] Heartbeat + Metrics
2026-05-20T16:55:09 [INFO] Heartbeat + Metrics
2026-05-20T16:55:18 [INFO] Heartbeat + Metrics
2026-05-20T16:55:27 [INFO] Heartbeat + Metrics
2026-05-20T16:55:27 [WARN] Desired process no longer exists (PID 8652)
2026-05-20T16:55:27 [WARN] Desired process no longer exists (PID 3344)
2026-05-20T16:55:36 [INFO] Heartbeat + Metrics
2026-05-20T16:55:36 [WARN] Desired process no longer exists (PID 17564)
2026-05-20T16:55:36 [WARN] Desired process no longer exists (PID 3344)
2026-05-20T16:55:45 [INFO] Heartbeat + Metrics
2026-05-20T16:55:54 [INFO] Heartbeat + Metrics
2026-05-20T16:55:54 [WARN] Desired process no longer exists (PID 17564)
2026-05-20T16:55:54 [WARN] Desired process no longer exists (PID 3344)
2026-05-20T16:56:03 [INFO] Heartbeat + Metrics
2026-05-20T16:56:12 [INFO] Heartbeat + Metrics
2026-05-20T16:56:12 [WARN] Desired process no longer exists (PID 17564)
2026-05-20T16:56:12 [WARN] Desired process no longer exists (PID 3344)
2026-05-20T16:56:21 [INFO] Heartbeat + Metrics
2026-05-20T16:56:21 [WARN] Desired process no longer exists (PID 8652)
2026-05-20T16:56:21 [WARN] Desired process no longer exists (PID 3344)
2026-05-20T16:56:29 [INFO] Heartbeat + Metrics
2026-05-20T16:56:29 [WARN] Desired process no longer exists (PID 8652)
2026-05-20T16:56:29 [WARN] Desired process no longer exists (PID 3344)
2026-05-20T16:56:38 [INFO] Heartbeat + Metrics
2026-05-20T16:56:38 [WARN] Desired process no longer exists (PID 8652)
2026-05-20T16:56:38 [WARN] Desired process no longer exists (PID 3344)
2026-05-20T16:56:47 [INFO] Heartbeat + Metrics
2026-05-20T16:56:47 [WARN] Desired process no longer exists (PID 8652)
2026-05-20T16:56:47 [WARN] Desired process no longer exists (PID 3344)
2026-05-20T16:56:56 [INFO] Heartbeat + Metrics
2026-05-20T16:56:56 [WARN] Desired process no longer exists (PID 8652)
2026-05-20T16:56:56 [WARN] Desired process no longer exists (PID 3344)
2026-05-20T16:57:04 [INFO] Heartbeat + Metrics
2026-05-20T16:57:04 [WARN] Desired process no longer exists (PID 8652)
2026-05-20T16:57:04 [WARN] Desired process no longer exists (PID 3344)
2026-05-20T16:57:13 [INFO] Heartbeat + Metrics
2026-05-20T16:57:13 [WARN] Desired process no longer exists (PID 8652)
2026-05-20T16:57:13 [WARN] Desired process no longer exists (PID 3344)
2026-05-20T16:57:22 [INFO] Heartbeat + Metrics
2026-05-20T16:57:22 [WARN] Desired process no longer exists (PID 8652)
2026-05-20T16:57:22 [WARN] Desired process no longer exists (PID 3344)
2026-05-20T16:57:30 [INFO] Heartbeat + Metrics
2026-05-20T16:57:30 [WARN] Desired process no longer exists (PID 8652)
2026-05-20T16:57:30 [WARN] Desired process no longer exists (PID 3344)
2026-05-20T16:57:39 [INFO] Heartbeat + Metrics
2026-05-20T16:57:48 [INFO] Heartbeat + Metrics
2026-05-20T16:57:48 [WARN] Desired process no longer exists (PID 17564)
2026-05-20T16:57:48 [WARN] Desired process no longer exists (PID 3344)
2026-05-20T16:57:56 [INFO] Heartbeat + Metrics
2026-05-20T16:57:56 [WARN] Desired process no longer exists (PID 17564)
2026-05-20T16:57:56 [WARN] Desired process no longer exists (PID 3344)
2026-05-20T16:58:05 [INFO] Heartbeat + Metrics
2026-05-20T16:58:05 [WARN] Desired process no longer exists (PID 8652)
2026-05-20T16:58:05 [WARN] Desired process no longer exists (PID 3344)
2026-05-20T16:58:14 [INFO] Heartbeat + Metrics
2026-05-20T16:58:14 [WARN] Desired process no longer exists (PID 8652)
2026-05-20T16:58:14 [WARN] Desired process no longer exists (PID 3344)
2026-05-20T16:58:22 [INFO] Heartbeat + Metrics
2026-05-20T16:58:22 [WARN] Desired process no longer exists (PID 8652)
2026-05-20T16:58:22 [WARN] Desired process no longer exists (PID 3344)
2026-05-20T16:58:31 [INFO] Heartbeat + Metrics
2026-05-20T16:58:31 [WARN] Desired process no longer exists (PID 8652)
2026-05-20T16:58:31 [WARN] Desired process no longer exists (PID 3344)
2026-05-20T16:58:40 [INFO] Heartbeat + Metrics
2026-05-20T16:58:40 [WARN] Desired process no longer exists (PID 8652)
2026-05-20T16:58:40 [WARN] Desired process no longer exists (PID 3344)
2026-05-20T16:58:48 [INFO] Heartbeat + Metrics
2026-05-20T16:58:48 [WARN] Desired process no longer exists (PID 8652)
2026-05-20T16:58:48 [WARN] Desired process no longer exists (PID 3344)
2026-05-20T16:58:57 [INFO] Heartbeat + Metrics
2026-05-20T16:58:57 [WARN] Desired process no longer exists (PID 8652)
2026-05-20T16:58:57 [WARN] Desired process no longer exists (PID 3344)
2026-05-20T16:59:06 [INFO] Heartbeat + Metrics
2026-05-20T16:59:06 [WARN] Desired process no longer exists (PID 8652)
2026-05-20T16:59:06 [WARN] Desired process no longer exists (PID 3344)
2026-05-20T16:59:15 [INFO] Heartbeat + Metrics
2026-05-20T16:59:15 [WARN] Desired process no longer exists (PID 8652)
2026-05-20T16:59:15 [WARN] Desired process no longer exists (PID 3344)
2026-05-20T16:59:23 [INFO] Heartbeat + Metrics
2026-05-20T16:59:23 [WARN] Desired process no longer exists (PID 8652)
2026-05-20T16:59:23 [WARN] Desired process no longer exists (PID 3344)
2026-05-20T16:59:32 [INFO] Heartbeat + Metrics
2026-05-20T16:59:32 [WARN] Desired process no longer exists (PID 8652)
2026-05-20T16:59:32 [WARN] Desired process no longer exists (PID 3344)
2026-05-20T16:59:41 [INFO] Heartbeat + Metrics
2026-05-20T16:59:41 [WARN] Desired process no longer exists (PID 8652)
2026-05-20T16:59:41 [WARN] Desired process no longer exists (PID 3344)
2026-05-20T16:59:49 [INFO] Heartbeat + Metrics
2026-05-20T16:59:49 [WARN] Desired process no longer exists (PID 8652)
2026-05-20T16:59:49 [WARN] Desired process no longer exists (PID 3344)
2026-05-20T16:59:58 [INFO] Heartbeat + Metrics
2026-05-20T16:59:58 [WARN] Desired process no longer exists (PID 8652)
2026-05-20T16:59:58 [WARN] Desired process no longer exists (PID 3344)
2026-05-20T17:00:07 [INFO] Heartbeat + Metrics
2026-05-20T17:00:07 [WARN] Desired process no longer exists (PID 8652)
2026-05-20T17:00:07 [WARN] Desired process no longer exists (PID 3344)
2026-05-20T17:00:16 [INFO] Heartbeat + Metrics
2026-05-20T17:00:16 [WARN] Desired process no longer exists (PID 8652)
2026-05-20T17:00:16 [WARN] Desired process no longer exists (PID 3344)
2026-05-20T17:00:24 [INFO] Heartbeat + Metrics
2026-05-20T17:00:25 [WARN] Desired process no longer exists (PID 8652)
2026-05-20T17:00:25 [WARN] Desired process no longer exists (PID 3344)
2026-05-20T17:00:33 [INFO] Heartbeat + Metrics
2026-05-20T17:00:33 [WARN] Desired process no longer exists (PID 8652)
2026-05-20T17:00:33 [WARN] Desired process no longer exists (PID 3344)
2026-05-20T17:00:42 [INFO] Heartbeat + Metrics
2026-05-20T17:00:42 [WARN] Desired process no longer exists (PID 8652)
2026-05-20T17:00:42 [WARN] Desired process no longer exists (PID 3344)
2026-05-20T17:00:50 [INFO] Heartbeat + Metrics
2026-05-20T17:00:50 [WARN] Desired process no longer exists (PID 8652)
2026-05-20T17:00:50 [WARN] Desired process no longer exists (PID 3344)
2026-05-20T17:00:59 [INFO] Heartbeat + Metrics
2026-05-20T17:01:08 [INFO] Heartbeat + Metrics
2026-05-20T17:01:16 [INFO] Heartbeat + Metrics
2026-05-20T17:01:25 [INFO] Heartbeat + Metrics
2026-05-20T17:01:34 [INFO] Heartbeat + Metrics
2026-05-20T17:01:42 [INFO] Heartbeat + Metrics
2026-05-20T17:01:51 [INFO] Heartbeat + Metrics
2026-05-20T17:02:00 [INFO] Heartbeat + Metrics
2026-05-20T17:02:00 [WARN] Failsafe triggered: CPU too high
2026-05-20T17:02:09 [INFO] Heartbeat + Metrics
2026-05-20T17:02:09 [WARN] Desired process no longer exists (PID 8652)
2026-05-20T17:02:09 [WARN] Desired process no longer exists (PID 3344)
2026-05-20T17:02:18 [INFO] Heartbeat + Metrics
2026-05-20T17:02:18 [WARN] Desired process no longer exists (PID 8652)
2026-05-20T17:02:18 [WARN] Desired process no longer exists (PID 3344)
2026-05-20T17:02:27 [INFO] Heartbeat + Metrics
2026-05-20T17:02:27 [WARN] Desired process no longer exists (PID 8652)
2026-05-20T17:02:27 [WARN] Desired process no longer exists (PID 3344)
2026-05-20T17:02:36 [INFO] Heartbeat + Metrics
2026-05-20T17:02:36 [WARN] Desired process no longer exists (PID 8652)
2026-05-20T17:02:36 [WARN] Desired process no longer exists (PID 3344)
2026-05-20T17:02:44 [INFO] Heartbeat + Metrics
2026-05-20T17:02:44 [WARN] Desired process no longer exists (PID 8652)
2026-05-20T17:02:45 [WARN] Desired process no longer exists (PID 3344)
2026-05-20T17:02:53 [INFO] Heartbeat + Metrics
2026-05-20T17:03:02 [INFO] Heartbeat + Metrics
2026-05-20T17:03:10 [INFO] Heartbeat + Metrics
2026-05-20T17:03:19 [INFO] Heartbeat + Metrics
2026-05-20T17:03:28 [INFO] Heartbeat + Metrics
2026-05-20T17:03:28 [WARN] Desired process no longer exists (PID 8652)
2026-05-20T17:03:28 [WARN] Desired process no longer exists (PID 3344)
2026-05-20T17:03:37 [INFO] Heartbeat + Metrics
2026-05-20T17:03:37 [WARN] Desired process no longer exists (PID 8652)
2026-05-20T17:03:37 [WARN] Desired process no longer exists (PID 3344)
2026-05-20T17:03:46 [INFO] Heartbeat + Metrics
2026-05-20T17:03:46 [WARN] Desired process no longer exists (PID 8652)
2026-05-20T17:03:46 [WARN] Desired process no longer exists (PID 3344)
2026-05-20T17:03:55 [INFO] Heartbeat + Metrics
2026-05-20T17:04:03 [INFO] Heartbeat + Metrics
2026-05-20T17:04:13 [INFO] Heartbeat + Metrics
2026-05-20T17:04:13 [WARN] Desired process no longer exists (PID 8652)
2026-05-20T17:04:13 [WARN] Desired process no longer exists (PID 3344)
2026-05-20T17:04:22 [INFO] Heartbeat + Metrics
2026-05-20T17:04:23 [WARN] Desired process no longer exists (PID 8652)
2026-05-20T17:04:23 [WARN] Desired process no longer exists (PID 3344)
2026-05-20T17:04:31 [INFO] Heartbeat + Metrics
2026-05-20T17:04:40 [INFO] Heartbeat + Metrics
2026-05-20T17:04:40 [WARN] Desired process no longer exists (PID 8652)
2026-05-20T17:04:40 [WARN] Desired process no longer exists (PID 3344)
2026-05-20T17:04:49 [INFO] Heartbeat + Metrics
2026-05-20T17:04:49 [WARN] Failsafe triggered: CPU too high
2026-05-20T17:04:58 [INFO] Heartbeat + Metrics
2026-05-20T17:04:58 [WARN] Desired process no longer exists (PID 8652)
2026-05-20T17:04:58 [WARN] Desired process no longer exists (PID 3344)
2026-05-20T17:05:06 [INFO] Heartbeat + Metrics
2026-05-20T17:05:16 [INFO] Heartbeat + Metrics
2026-05-20T17:05:24 [INFO] Heartbeat + Metrics
2026-05-20T17:05:33 [INFO] Heartbeat + Metrics
2026-05-20T17:05:41 [INFO] Heartbeat + Metrics
2026-05-20T17:05:50 [INFO] Heartbeat + Metrics
2026-05-20T17:05:59 [INFO] Heartbeat + Metrics
2026-05-20T17:06:07 [INFO] Heartbeat + Metrics
2026-05-20T17:06:16 [INFO] Heartbeat + Metrics
2026-05-20T17:06:25 [INFO] Heartbeat + Metrics
2026-05-20T17:06:33 [INFO] Heartbeat + Metrics
2026-05-20T17:06:42 [INFO] Heartbeat + Metrics
2026-05-20T17:06:51 [INFO] Heartbeat + Metrics
2026-05-20T17:06:59 [INFO] Heartbeat + Metrics
2026-05-20T17:07:08 [INFO] Heartbeat + Metrics
2026-05-20T17:07:16 [INFO] Heartbeat + Metrics
2026-05-20T17:07:25 [INFO] Heartbeat + Metrics
2026-05-20T17:07:34 [INFO] Heartbeat + Metrics
2026-05-20T17:07:42 [INFO] Heartbeat + Metrics
2026-05-20T17:07:51 [INFO] Heartbeat + Metrics
2026-05-20T17:07:59 [INFO] Heartbeat + Metrics
2026-05-20T17:08:08 [INFO] Heartbeat + Metrics
2026-05-20T17:08:16 [INFO] Heartbeat + Metrics
2026-05-20T17:08:25 [INFO] Heartbeat + Metrics
2026-05-20T17:08:34 [INFO] Heartbeat + Metrics
2026-05-20T17:08:42 [INFO] Heartbeat + Metrics
2026-05-20T17:08:51 [INFO] Heartbeat + Metrics
2026-05-20T17:08:59 [INFO] Heartbeat + Metrics
2026-05-20T17:09:08 [INFO] Heartbeat + Metrics
2026-05-20T17:09:16 [INFO] Heartbeat + Metrics
2026-05-20T17:09:25 [INFO] Heartbeat + Metrics
2026-05-20T17:09:33 [INFO] Heartbeat + Metrics
2026-05-20T17:09:42 [INFO] Heartbeat + Metrics
2026-05-20T17:09:50 [INFO] Heartbeat + Metrics
2026-05-20T17:09:59 [INFO] Heartbeat + Metrics
2026-05-20T17:10:07 [INFO] Heartbeat + Metrics
2026-05-20T17:10:16 [INFO] Heartbeat + Metrics
2026-05-20T17:10:24 [INFO] Heartbeat + Metrics
2026-05-20T17:10:33 [INFO] Heartbeat + Metrics
2026-05-20T17:10:41 [INFO] Heartbeat + Metrics
2026-05-20T17:10:50 [INFO] Heartbeat + Metrics
2026-05-20T17:10:59 [INFO] Heartbeat + Metrics
2026-05-20T17:11:07 [INFO] Heartbeat + Metrics
2026-05-20T17:11:16 [INFO] Heartbeat + Metrics
2026-05-20T17:11:24 [INFO] Heartbeat + Metrics
2026-05-20T17:11:33 [INFO] Heartbeat + Metrics
2026-05-20T17:11:42 [INFO] Heartbeat + Metrics
2026-05-20T17:11:50 [INFO] Heartbeat + Metrics
2026-05-20T17:11:59 [INFO] Heartbeat + Metrics
2026-05-20T17:12:08 [INFO] Heartbeat + Metrics
2026-05-20T17:12:16 [INFO] Heartbeat + Metrics
2026-05-20T17:12:25 [INFO] Heartbeat + Metrics
2026-05-20T17:12:33 [INFO] Heartbeat + Metrics
2026-05-20T17:12:42 [INFO] Heartbeat + Metrics
2026-05-20T17:12:51 [INFO] Heartbeat + Metrics
2026-05-20T17:12:59 [INFO] Heartbeat + Metrics
2026-05-20T17:13:08 [INFO] Heartbeat + Metrics
2026-05-20T17:13:17 [INFO] Heartbeat + Metrics
2026-05-20T17:13:25 [INFO] Heartbeat + Metrics
2026-05-20T17:13:36 [INFO] Heartbeat + Metrics
2026-05-20T17:13:36 [WARN] Failsafe triggered: CPU too high
2026-05-20T17:13:45 [INFO] Heartbeat + Metrics
2026-05-20T17:13:45 [WARN] Failsafe triggered: CPU too high
2026-05-20T17:13:53 [INFO] Heartbeat + Metrics
2026-05-20T17:14:02 [INFO] Heartbeat + Metrics
2026-05-20T17:14:02 [WARN] Failsafe triggered: CPU too high
2026-05-20T17:14:11 [INFO] Heartbeat + Metrics
2026-05-20T17:14:19 [INFO] Heartbeat + Metrics
2026-05-20T17:14:28 [INFO] Heartbeat + Metrics
2026-05-20T17:14:37 [INFO] Heartbeat + Metrics
2026-05-20T17:14:45 [INFO] Heartbeat + Metrics
2026-05-20T17:14:54 [INFO] Heartbeat + Metrics
2026-05-20T17:15:02 [INFO] Heartbeat + Metrics
2026-05-20T17:15:11 [INFO] Heartbeat + Metrics
2026-05-20T17:15:19 [INFO] Heartbeat + Metrics
2026-05-20T17:15:28 [INFO] Heartbeat + Metrics
2026-05-20T17:15:37 [INFO] Heartbeat + Metrics
2026-05-20T17:15:45 [INFO] Heartbeat + Metrics
2026-05-20T17:15:54 [INFO] Heartbeat + Metrics
2026-05-20T17:16:02 [INFO] Heartbeat + Metrics
2026-05-20T17:16:11 [INFO] Heartbeat + Metrics
2026-05-20T17:16:20 [INFO] Heartbeat + Metrics
2026-05-20T17:16:28 [INFO] Heartbeat + Metrics
2026-05-20T17:16:37 [INFO] Heartbeat + Metrics
2026-05-20T17:16:45 [INFO] Heartbeat + Metrics
2026-05-20T17:16:54 [INFO] Heartbeat + Metrics
2026-05-20T17:17:03 [INFO] Heartbeat + Metrics
2026-05-20T17:17:11 [INFO] Heartbeat + Metrics
2026-05-20T17:17:20 [INFO] Heartbeat + Metrics
2026-05-20T17:17:28 [INFO] Heartbeat + Metrics
2026-05-20T17:17:37 [INFO] Heartbeat + Metrics
2026-05-20T17:17:45 [INFO] Heartbeat + Metrics
2026-05-20T17:17:54 [INFO] Heartbeat + Metrics
2026-05-20T17:18:03 [INFO] Heartbeat + Metrics
2026-05-20T17:18:11 [INFO] Heartbeat + Metrics
2026-05-20T17:18:20 [INFO] Heartbeat + Metrics
2026-05-20T17:18:28 [INFO] Heartbeat + Metrics
2026-05-20T17:18:37 [INFO] Heartbeat + Metrics
2026-05-20T17:18:46 [INFO] Heartbeat + Metrics
2026-05-20T17:18:54 [INFO] Heartbeat + Metrics
2026-05-20T17:19:03 [INFO] Heartbeat + Metrics
2026-05-20T17:19:12 [INFO] Heartbeat + Metrics
2026-05-20T17:19:20 [INFO] Heartbeat + Metrics
2026-05-20T17:19:29 [INFO] Heartbeat + Metrics
2026-05-20T17:19:37 [INFO] Heartbeat + Metrics
2026-05-20T17:19:46 [INFO] Heartbeat + Metrics
2026-05-20T17:19:54 [INFO] Heartbeat + Metrics
2026-05-20T17:20:03 [INFO] Heartbeat + Metrics
2026-05-20T17:20:11 [INFO] Heartbeat + Metrics
2026-05-20T17:20:20 [INFO] Heartbeat + Metrics
2026-05-20T17:20:28 [INFO] Heartbeat + Metrics
2026-05-20T17:20:37 [INFO] Heartbeat + Metrics
2026-05-20T17:20:46 [INFO] Heartbeat + Metrics
2026-05-20T17:20:54 [INFO] Heartbeat + Metrics
2026-05-20T17:21:03 [INFO] Heartbeat + Metrics
2026-05-20T17:21:11 [INFO] Heartbeat + Metrics
2026-05-20T17:21:20 [INFO] Heartbeat + Metrics
2026-05-20T17:21:28 [INFO] Heartbeat + Metrics
2026-05-20T17:21:37 [INFO] Heartbeat + Metrics
2026-05-20T17:21:46 [INFO] Heartbeat + Metrics
2026-05-20T17:21:54 [INFO] Heartbeat + Metrics
2026-05-20T17:22:03 [INFO] Heartbeat + Metrics
2026-05-20T17:22:11 [INFO] Heartbeat + Metrics
2026-05-20T17:22:20 [INFO] Heartbeat + Metrics
2026-05-20T17:22:28 [INFO] Heartbeat + Metrics
2026-05-20T17:22:37 [INFO] Heartbeat + Metrics
2026-05-20T17:22:45 [INFO] Heartbeat + Metrics
2026-05-20T17:22:54 [INFO] Heartbeat + Metrics
2026-05-20T17:23:02 [INFO] Heartbeat + Metrics
2026-05-20T17:23:11 [INFO] Heartbeat + Metrics
2026-05-20T17:23:20 [INFO] Heartbeat + Metrics
2026-05-20T17:23:28 [INFO] Heartbeat + Metrics
2026-05-20T17:23:37 [INFO] Heartbeat + Metrics
2026-05-20T17:23:45 [INFO] Heartbeat + Metrics
2026-05-20T17:23:54 [INFO] Heartbeat + Metrics
2026-05-20T17:24:02 [INFO] Heartbeat + Metrics
2026-05-20T17:24:11 [INFO] Heartbeat + Metrics
2026-05-20T17:24:19 [INFO] Heartbeat + Metrics
2026-05-20T17:24:28 [INFO] Heartbeat + Metrics
2026-05-20T17:24:37 [INFO] Heartbeat + Metrics
2026-05-20T17:24:37 [WARN] Failsafe triggered: CPU too high
2026-05-20T17:24:46 [INFO] Heartbeat + Metrics
2026-05-20T17:24:55 [INFO] Heartbeat + Metrics
2026-05-20T17:25:03 [INFO] Heartbeat + Metrics
2026-05-20T17:25:12 [INFO] Heartbeat + Metrics
2026-05-20T17:25:20 [INFO] Heartbeat + Metrics
2026-05-20T17:25:29 [INFO] Heartbeat + Metrics
2026-05-20T17:25:37 [INFO] Heartbeat + Metrics
2026-05-20T17:25:46 [INFO] Heartbeat + Metrics
2026-05-20T17:25:55 [INFO] Heartbeat + Metrics
2026-05-20T17:26:03 [INFO] Heartbeat + Metrics
2026-05-20T17:26:12 [INFO] Heartbeat + Metrics
2026-05-20T17:26:20 [INFO] Heartbeat + Metrics
2026-05-20T17:26:20 [WARN] Failsafe triggered: CPU too high
2026-05-20T17:26:29 [INFO] Heartbeat + Metrics
2026-05-20T17:26:38 [INFO] Heartbeat + Metrics
2026-05-20T17:26:47 [INFO] Heartbeat + Metrics
2026-05-20T17:26:56 [INFO] Heartbeat + Metrics
2026-05-20T17:27:04 [INFO] Heartbeat + Metrics
2026-05-20T17:27:13 [INFO] Heartbeat + Metrics
2026-05-20T17:27:22 [INFO] Heartbeat + Metrics
2026-05-20T17:27:30 [INFO] Heartbeat + Metrics
2026-05-20T17:27:39 [INFO] Heartbeat + Metrics
2026-05-20T17:27:47 [INFO] Heartbeat + Metrics
2026-05-20T17:27:56 [INFO] Heartbeat + Metrics
2026-05-20T17:28:04 [INFO] Heartbeat + Metrics
2026-05-20T17:28:18 [INFO] Heartbeat + Metrics
2026-05-20T17:28:18 [WARN] Failsafe triggered: CPU too high
2026-05-20T17:28:27 [INFO] Heartbeat + Metrics
2026-05-20T17:28:27 [WARN] Failsafe triggered: CPU too high
2026-05-20T17:28:39 [INFO] Heartbeat + Metrics
2026-05-20T17:28:39 [WARN] Failsafe triggered: CPU too high
2026-05-20T17:28:51 [INFO] Heartbeat + Metrics
2026-05-20T17:28:51 [WARN] Failsafe triggered: CPU too high
2026-05-20T17:29:20 [INFO] Heartbeat + Metrics
2026-05-20T17:29:20 [WARN] Failsafe triggered: CPU too high
2026-05-20T17:29:30 [INFO] Heartbeat + Metrics
2026-05-20T17:29:30 [WARN] Failsafe triggered: CPU too high
2026-05-20T17:29:40 [INFO] Heartbeat + Metrics
2026-05-20T17:29:40 [WARN] Failsafe triggered: CPU too high
2026-05-20T17:29:49 [INFO] Heartbeat + Metrics
2026-05-20T17:29:49 [WARN] Failsafe triggered: CPU too high
2026-05-20T17:29:59 [INFO] Heartbeat + Metrics
2026-05-20T17:29:59 [WARN] Failsafe triggered: CPU too high
2026-05-20T17:30:08 [INFO] Heartbeat + Metrics
2026-05-20T17:30:08 [WARN] Failsafe triggered: CPU too high
2026-05-20T17:30:18 [INFO] Heartbeat + Metrics
2026-05-20T17:30:18 [WARN] Failsafe triggered: CPU too high
2026-05-20T17:30:27 [INFO] Heartbeat + Metrics
2026-05-20T17:30:36 [INFO] Heartbeat + Metrics
2026-05-20T17:30:45 [INFO] Heartbeat + Metrics
2026-05-20T17:30:54 [INFO] Heartbeat + Metrics
2026-05-20T17:31:02 [INFO] Heartbeat + Metrics
2026-05-20T17:31:11 [INFO] Heartbeat + Metrics
2026-05-20T17:31:20 [INFO] Heartbeat + Metrics
2026-05-20T17:31:29 [INFO] Heartbeat + Metrics
2026-05-20T17:31:38 [INFO] Heartbeat + Metrics
2026-05-20T17:31:47 [INFO] Heartbeat + Metrics
2026-05-20T17:31:56 [INFO] Heartbeat + Metrics
2026-05-20T17:32:05 [INFO] Heartbeat + Metrics
2026-05-20T17:32:14 [INFO] Heartbeat + Metrics
2026-05-20T17:32:23 [INFO] Heartbeat + Metrics
2026-05-20T17:32:32 [INFO] Heartbeat + Metrics
2026-05-20T17:32:41 [INFO] Heartbeat + Metrics
2026-05-20T17:32:50 [INFO] Heartbeat + Metrics
2026-05-20T17:32:59 [INFO] Heartbeat + Metrics
2026-05-20T17:33:08 [INFO] Heartbeat + Metrics
2026-05-20T17:33:08 [WARN] Failsafe triggered: CPU too high
2026-05-20T17:33:18 [INFO] Heartbeat + Metrics
2026-05-20T17:33:27 [INFO] Heartbeat + Metrics
2026-05-20T17:33:27 [WARN] Failsafe triggered: CPU too high
2026-05-20T17:33:36 [INFO] Heartbeat + Metrics
2026-05-20T17:33:45 [INFO] Heartbeat + Metrics
2026-05-20T17:33:54 [INFO] Heartbeat + Metrics
2026-05-20T17:34:03 [INFO] Heartbeat + Metrics
2026-05-20T17:34:13 [INFO] Heartbeat + Metrics
2026-05-20T17:34:22 [INFO] Heartbeat + Metrics
2026-05-20T17:34:31 [INFO] Heartbeat + Metrics
2026-05-20T17:34:42 [INFO] Heartbeat + Metrics
2026-05-20T17:34:51 [INFO] Heartbeat + Metrics
2026-05-20T17:35:00 [INFO] Heartbeat + Metrics
2026-05-20T17:35:09 [INFO] Heartbeat + Metrics
2026-05-20T17:35:18 [INFO] Heartbeat + Metrics
2026-05-20T17:35:26 [INFO] Heartbeat + Metrics
2026-05-20T17:35:35 [INFO] Heartbeat + Metrics
2026-05-20T17:35:44 [INFO] Heartbeat + Metrics
2026-05-20T17:35:53 [INFO] Heartbeat + Metrics
2026-05-20T17:36:02 [INFO] Heartbeat + Metrics
2026-05-20T17:36:11 [INFO] Heartbeat + Metrics
2026-05-20T17:36:20 [INFO] Heartbeat + Metrics
2026-05-20T17:36:29 [INFO] Heartbeat + Metrics
2026-05-20T17:36:41 [INFO] Heartbeat + Metrics
2026-05-20T17:36:51 [INFO] Heartbeat + Metrics
2026-05-20T17:37:00 [INFO] Heartbeat + Metrics
2026-05-20T17:37:09 [INFO] Heartbeat + Metrics
2026-05-20T17:37:18 [INFO] Heartbeat + Metrics
2026-05-20T17:37:27 [INFO] Heartbeat + Metrics
2026-05-20T17:37:38 [INFO] Heartbeat + Metrics
2026-05-20T17:37:48 [INFO] Heartbeat + Metrics
2026-05-20T17:37:49 [WARN] Failsafe triggered: CPU too high
2026-05-20T17:37:58 [INFO] Heartbeat + Metrics
2026-05-20T17:37:58 [WARN] Failsafe triggered: CPU too high
2026-05-20T17:38:07 [INFO] Heartbeat + Metrics
2026-05-20T17:38:16 [INFO] Heartbeat + Metrics
2026-05-20T17:38:25 [INFO] Heartbeat + Metrics
2026-05-20T17:38:34 [INFO] Heartbeat + Metrics
2026-05-20T17:38:42 [INFO] Heartbeat + Metrics
2026-05-20T17:38:51 [INFO] Heartbeat + Metrics
2026-05-20T17:39:00 [INFO] Heartbeat + Metrics
2026-05-20T17:39:10 [INFO] Heartbeat + Metrics
2026-05-20T17:39:19 [INFO] Heartbeat + Metrics
2026-05-20T17:39:19 [WARN] Failsafe triggered: CPU too high
2026-05-20T17:39:28 [INFO] Heartbeat + Metrics
2026-05-20T17:39:29 [WARN] Desired process no longer exists (PID 8652)
2026-05-20T17:39:29 [WARN] Desired process no longer exists (PID 3344)
2026-05-20T17:39:37 [INFO] Heartbeat + Metrics
2026-05-20T17:39:38 [WARN] Desired process no longer exists (PID 8652)
2026-05-20T17:39:38 [WARN] Desired process no longer exists (PID 3344)
2026-05-20T17:39:47 [INFO] Heartbeat + Metrics
2026-05-20T17:39:47 [WARN] Desired process no longer exists (PID 8652)
2026-05-20T17:39:47 [WARN] Desired process no longer exists (PID 3344)
2026-05-20T17:39:56 [INFO] Heartbeat + Metrics
2026-05-20T17:40:05 [INFO] Heartbeat + Metrics
2026-05-20T17:40:14 [INFO] Heartbeat + Metrics
2026-05-20T17:40:23 [INFO] Heartbeat + Metrics
2026-05-20T17:40:32 [INFO] Heartbeat + Metrics
2026-05-20T17:40:41 [INFO] Heartbeat + Metrics
2026-05-20T17:40:50 [INFO] Heartbeat + Metrics
2026-05-20T17:40:59 [INFO] Heartbeat + Metrics
2026-05-20T17:41:08 [INFO] Heartbeat + Metrics
2026-05-20T17:41:16 [INFO] Heartbeat + Metrics
2026-05-20T17:41:25 [INFO] Heartbeat + Metrics
2026-05-20T17:41:34 [INFO] Heartbeat + Metrics
2026-05-20T17:41:43 [INFO] Heartbeat + Metrics
2026-05-20T17:41:52 [INFO] Heartbeat + Metrics
2026-05-20T17:42:01 [INFO] Heartbeat + Metrics
2026-05-20T17:42:10 [INFO] Heartbeat + Metrics
2026-05-20T17:42:18 [INFO] Heartbeat + Metrics
2026-05-20T17:42:27 [INFO] Heartbeat + Metrics
2026-05-20T17:42:36 [INFO] Heartbeat + Metrics
2026-05-20T17:42:45 [INFO] Heartbeat + Metrics
2026-05-20T17:42:54 [INFO] Heartbeat + Metrics
2026-05-20T17:43:03 [INFO] Heartbeat + Metrics
2026-05-20T17:43:12 [INFO] Heartbeat + Metrics
2026-05-20T17:43:21 [INFO] Heartbeat + Metrics
2026-05-20T17:43:30 [INFO] Heartbeat + Metrics
2026-05-20T17:43:39 [INFO] Heartbeat + Metrics
2026-05-20T17:43:48 [INFO] Heartbeat + Metrics
2026-05-20T17:43:57 [INFO] Heartbeat + Metrics
2026-05-20T17:44:06 [INFO] Heartbeat + Metrics
2026-05-20T17:44:15 [INFO] Heartbeat + Metrics
2026-05-20T17:44:23 [INFO] Heartbeat + Metrics
2026-05-20T17:44:32 [INFO] Heartbeat + Metrics
2026-05-20T17:44:41 [INFO] Heartbeat + Metrics
2026-05-20T17:44:50 [INFO] Heartbeat + Metrics
2026-05-20T17:44:59 [INFO] Heartbeat + Metrics
2026-05-20T17:45:08 [INFO] Heartbeat + Metrics
2026-05-20T17:45:17 [INFO] Heartbeat + Metrics
2026-05-20T17:45:26 [INFO] Heartbeat + Metrics
2026-05-20T17:45:35 [INFO] Heartbeat + Metrics
2026-05-20T17:45:44 [INFO] Heartbeat + Metrics
2026-05-20T17:45:52 [INFO] Heartbeat + Metrics
2026-05-20T17:46:01 [INFO] Heartbeat + Metrics
2026-05-20T17:46:10 [INFO] Heartbeat + Metrics
2026-05-20T17:46:19 [INFO] Heartbeat + Metrics
2026-05-20T17:46:28 [INFO] Heartbeat + Metrics
2026-05-20T17:46:37 [INFO] Heartbeat + Metrics
2026-05-20T17:46:46 [INFO] Heartbeat + Metrics
2026-05-20T17:46:54 [INFO] Heartbeat + Metrics
2026-05-20T17:47:03 [INFO] Heartbeat + Metrics
2026-05-20T17:47:12 [INFO] Heartbeat + Metrics
2026-05-20T17:47:21 [INFO] Heartbeat + Metrics
2026-05-20T17:47:30 [INFO] Heartbeat + Metrics
2026-05-20T17:47:30 [WARN] Failsafe triggered: CPU too high
2026-05-20T17:47:39 [INFO] Heartbeat + Metrics
2026-05-20T17:47:39 [WARN] Failsafe triggered: CPU too high
2026-05-20T17:47:48 [INFO] Heartbeat + Metrics
2026-05-20T17:47:57 [INFO] Heartbeat + Metrics
2026-05-20T17:48:06 [INFO] Heartbeat + Metrics
2026-05-20T17:48:15 [INFO] Heartbeat + Metrics
2026-05-20T17:48:24 [INFO] Heartbeat + Metrics
2026-05-20T17:48:33 [INFO] Heartbeat + Metrics
2026-05-20T17:48:42 [INFO] Heartbeat + Metrics
2026-05-20T17:48:50 [INFO] Heartbeat + Metrics
2026-05-20T17:48:59 [INFO] Heartbeat + Metrics
2026-05-20T17:49:08 [INFO] Heartbeat + Metrics
2026-05-20T17:49:17 [INFO] Heartbeat + Metrics
2026-05-20T17:49:26 [INFO] Heartbeat + Metrics
2026-05-20T17:49:35 [INFO] Heartbeat + Metrics
2026-05-20T17:49:44 [INFO] Heartbeat + Metrics
2026-05-20T17:49:53 [INFO] Heartbeat + Metrics
2026-05-20T17:50:02 [INFO] Heartbeat + Metrics
2026-05-20T17:50:11 [INFO] Heartbeat + Metrics
2026-05-20T17:50:20 [INFO] Heartbeat + Metrics
2026-05-20T17:50:28 [INFO] Heartbeat + Metrics
2026-05-20T17:50:37 [INFO] Heartbeat + Metrics
2026-05-20T17:50:46 [INFO] Heartbeat + Metrics
2026-05-20T17:50:55 [INFO] Heartbeat + Metrics
2026-05-20T17:51:04 [INFO] Heartbeat + Metrics
2026-05-20T17:51:13 [INFO] Heartbeat + Metrics
2026-05-20T17:51:22 [INFO] Heartbeat + Metrics
2026-05-20T17:51:31 [INFO] Heartbeat + Metrics
2026-05-20T17:51:40 [INFO] Heartbeat + Metrics
2026-05-20T17:51:49 [INFO] Heartbeat + Metrics
2026-05-20T17:51:58 [INFO] Heartbeat + Metrics
2026-05-20T17:52:07 [INFO] Heartbeat + Metrics
2026-05-20T17:52:07 [WARN] Failsafe triggered: CPU too high
2026-05-20T17:52:15 [INFO] Heartbeat + Metrics
2026-05-20T17:52:24 [INFO] Heartbeat + Metrics
2026-05-20T17:52:33 [INFO] Heartbeat + Metrics
2026-05-20T17:52:42 [INFO] Heartbeat + Metrics
2026-05-20T17:52:51 [INFO] Heartbeat + Metrics
2026-05-20T17:53:00 [INFO] Heartbeat + Metrics
2026-05-20T17:53:09 [INFO] Heartbeat + Metrics
2026-05-20T17:53:18 [INFO] Heartbeat + Metrics
2026-05-20T17:53:27 [INFO] Heartbeat + Metrics
2026-05-20T17:53:36 [INFO] Heartbeat + Metrics
2026-05-20T17:53:45 [INFO] Heartbeat + Metrics
2026-05-20T17:53:53 [INFO] Heartbeat + Metrics
2026-05-20T17:54:02 [INFO] Heartbeat + Metrics
2026-05-20T17:54:02 [WARN] Failsafe triggered: CPU too high
2026-05-20T17:54:11 [INFO] Heartbeat + Metrics
2026-05-20T17:54:20 [INFO] Heartbeat + Metrics
2026-05-20T17:54:29 [INFO] Heartbeat + Metrics
2026-05-20T17:54:39 [INFO] Heartbeat + Metrics
2026-05-20T17:54:39 [WARN] Failsafe triggered: CPU too high
2026-05-20T17:54:48 [INFO] Heartbeat + Metrics
2026-05-20T17:54:57 [INFO] Heartbeat + Metrics
2026-05-20T17:55:05 [INFO] Heartbeat + Metrics
2026-05-20T17:55:15 [INFO] Heartbeat + Metrics
2026-05-20T17:55:24 [INFO] Heartbeat + Metrics
2026-05-20T17:55:33 [INFO] Heartbeat + Metrics
2026-05-20T17:55:42 [INFO] Heartbeat + Metrics
2026-05-20T17:55:42 [WARN] Failsafe triggered: CPU too high
2026-05-20T17:55:50 [INFO] Heartbeat + Metrics
2026-05-20T17:55:59 [INFO] Heartbeat + Metrics
2026-05-20T17:56:09 [INFO] Heartbeat + Metrics
2026-05-20T17:56:19 [INFO] Heartbeat + Metrics
2026-05-20T17:56:19 [WARN] Failsafe triggered: CPU too high
2026-05-20T17:56:29 [INFO] Heartbeat + Metrics
2026-05-20T17:56:38 [INFO] Heartbeat + Metrics
2026-05-20T17:56:47 [INFO] Heartbeat + Metrics
2026-05-20T17:56:56 [INFO] Heartbeat + Metrics
2026-05-20T17:57:05 [INFO] Heartbeat + Metrics
2026-05-20T17:57:13 [INFO] Heartbeat + Metrics
2026-05-20T17:57:22 [INFO] Heartbeat + Metrics
2026-05-20T17:57:32 [INFO] Heartbeat + Metrics
2026-05-20T17:57:32 [WARN] Failsafe triggered: CPU too high
2026-05-20T17:57:41 [INFO] Heartbeat + Metrics
2026-05-20T17:57:41 [WARN] Failsafe triggered: CPU too high
2026-05-20T17:57:50 [INFO] Heartbeat + Metrics
2026-05-20T17:57:59 [INFO] Heartbeat + Metrics
2026-05-20T17:58:07 [INFO] Heartbeat + Metrics
2026-05-20T17:58:16 [INFO] Heartbeat + Metrics
2026-05-20T17:58:25 [INFO] Heartbeat + Metrics
2026-05-20T17:58:34 [INFO] Heartbeat + Metrics
2026-05-20T17:58:43 [INFO] Heartbeat + Metrics
2026-05-20T17:58:52 [INFO] Heartbeat + Metrics
2026-05-20T17:59:01 [INFO] Heartbeat + Metrics
2026-05-20T17:59:10 [INFO] Heartbeat + Metrics
2026-05-20T17:59:19 [INFO] Heartbeat + Metrics
2026-05-20T17:59:28 [INFO] Heartbeat + Metrics
2026-05-20T17:59:36 [INFO] Heartbeat + Metrics
2026-05-20T17:59:45 [INFO] Heartbeat + Metrics
2026-05-20T17:59:45 [WARN] Failsafe triggered: CPU too high
2026-05-20T17:59:54 [INFO] Heartbeat + Metrics
2026-05-20T18:00:03 [INFO] Heartbeat + Metrics
2026-05-20T18:00:12 [INFO] Heartbeat + Metrics
2026-05-20T18:00:21 [INFO] Heartbeat + Metrics
2026-05-20T18:00:30 [INFO] Heartbeat + Metrics
2026-05-20T18:00:39 [INFO] Heartbeat + Metrics
2026-05-20T18:00:48 [INFO] Heartbeat + Metrics
2026-05-20T18:00:57 [INFO] Heartbeat + Metrics
2026-05-20T18:01:05 [INFO] Heartbeat + Metrics
2026-05-20T18:01:14 [INFO] Heartbeat + Metrics
2026-05-20T18:01:23 [INFO] Heartbeat + Metrics
2026-05-20T18:01:32 [INFO] Heartbeat + Metrics
2026-05-20T18:01:41 [INFO] Heartbeat + Metrics
2026-05-20T18:01:50 [INFO] Heartbeat + Metrics
2026-05-20T18:01:59 [INFO] Heartbeat + Metrics
2026-05-20T18:02:08 [INFO] Heartbeat + Metrics
2026-05-20T18:02:17 [INFO] Heartbeat + Metrics
2026-05-20T18:02:26 [INFO] Heartbeat + Metrics
2026-05-20T18:02:35 [INFO] Heartbeat + Metrics
2026-05-20T18:02:43 [INFO] Heartbeat + Metrics
2026-05-20T18:02:52 [INFO] Heartbeat + Metrics
2026-05-20T18:03:01 [INFO] Heartbeat + Metrics
2026-05-20T18:03:10 [INFO] Heartbeat + Metrics
2026-05-20T18:03:19 [INFO] Heartbeat + Metrics
2026-05-20T18:03:28 [INFO] Heartbeat + Metrics
2026-05-20T18:03:37 [INFO] Heartbeat + Metrics
2026-05-20T18:03:46 [INFO] Heartbeat + Metrics
2026-05-20T18:03:54 [INFO] Heartbeat + Metrics
2026-05-20T18:04:03 [INFO] Heartbeat + Metrics
2026-05-20T18:04:12 [INFO] Heartbeat + Metrics
2026-05-20T18:04:21 [INFO] Heartbeat + Metrics
2026-05-20T18:04:30 [INFO] Heartbeat + Metrics
2026-05-20T18:04:30 [WARN] Failsafe triggered: CPU too high
2026-05-20T18:04:39 [INFO] Heartbeat + Metrics
2026-05-20T18:04:47 [INFO] Heartbeat + Metrics
2026-05-20T18:04:56 [INFO] Heartbeat + Metrics
2026-05-20T18:05:05 [INFO] Heartbeat + Metrics
2026-05-20T18:05:14 [INFO] Heartbeat + Metrics
2026-05-20T18:05:23 [INFO] Heartbeat + Metrics
2026-05-20T18:05:32 [INFO] Heartbeat + Metrics
2026-05-20T18:05:41 [INFO] Heartbeat + Metrics
2026-05-20T18:05:50 [INFO] Heartbeat + Metrics
2026-05-20T18:05:59 [INFO] Heartbeat + Metrics
2026-05-20T18:06:07 [INFO] Heartbeat + Metrics
2026-05-20T18:06:16 [INFO] Heartbeat + Metrics
2026-05-20T18:06:25 [INFO] Heartbeat + Metrics
2026-05-20T18:06:34 [INFO] Heartbeat + Metrics
2026-05-20T18:06:43 [INFO] Heartbeat + Metrics
2026-05-20T18:06:53 [INFO] Heartbeat + Metrics
2026-05-20T18:07:02 [INFO] Heartbeat + Metrics
2026-05-20T18:07:12 [INFO] Heartbeat + Metrics
2026-05-20T18:07:12 [WARN] Failsafe triggered: CPU too high
2026-05-20T18:07:21 [INFO] Heartbeat + Metrics
2026-05-20T18:07:30 [INFO] Heartbeat + Metrics
2026-05-20T18:07:30 [WARN] Failsafe triggered: CPU too high
2026-05-20T18:07:39 [INFO] Heartbeat + Metrics
2026-05-20T18:07:39 [WARN] Failsafe triggered: CPU too high
2026-05-20T18:07:48 [INFO] Heartbeat + Metrics
2026-05-20T18:07:57 [INFO] Heartbeat + Metrics
2026-05-20T18:08:06 [INFO] Heartbeat + Metrics
2026-05-20T18:08:15 [INFO] Heartbeat + Metrics
2026-05-20T18:08:26 [INFO] Heartbeat + Metrics
2026-05-20T18:08:26 [WARN] Failsafe triggered: CPU too high
2026-05-20T18:08:35 [INFO] Heartbeat + Metrics
2026-05-20T18:08:35 [WARN] Failsafe triggered: CPU too high
2026-05-20T18:08:44 [INFO] Heartbeat + Metrics
2026-05-20T18:08:44 [WARN] Failsafe triggered: CPU too high
2026-05-20T18:08:53 [INFO] Heartbeat + Metrics
2026-05-20T18:08:53 [WARN] Failsafe triggered: CPU too high
2026-05-20T18:09:02 [INFO] Heartbeat + Metrics
2026-05-20T18:09:12 [INFO] Heartbeat + Metrics
2026-05-20T18:09:12 [WARN] Failsafe triggered: CPU too high
2026-05-20T18:09:21 [INFO] Heartbeat + Metrics
2026-05-20T18:09:21 [WARN] Failsafe triggered: CPU too high
2026-05-20T18:09:30 [INFO] Heartbeat + Metrics
2026-05-20T18:09:40 [INFO] Heartbeat + Metrics
2026-05-20T18:09:49 [INFO] Heartbeat + Metrics
2026-05-20T18:09:58 [INFO] Heartbeat + Metrics
2026-05-20T18:10:07 [INFO] Heartbeat + Metrics
2026-05-20T18:10:15 [INFO] Heartbeat + Metrics
2026-05-20T18:10:24 [INFO] Heartbeat + Metrics
2026-05-20T18:10:33 [INFO] Heartbeat + Metrics
2026-05-20T18:10:42 [INFO] Heartbeat + Metrics
2026-05-20T18:10:51 [INFO] Heartbeat + Metrics
2026-05-20T18:11:00 [INFO] Heartbeat + Metrics
2026-05-20T18:11:10 [INFO] Heartbeat + Metrics
2026-05-20T18:11:19 [INFO] Heartbeat + Metrics
2026-05-20T18:11:28 [INFO] Heartbeat + Metrics
2026-05-20T18:11:37 [INFO] Heartbeat + Metrics
2026-05-20T18:11:46 [INFO] Heartbeat + Metrics
2026-05-20T18:11:55 [INFO] Heartbeat + Metrics
2026-05-20T18:12:04 [INFO] Heartbeat + Metrics
2026-05-20T18:12:04 [WARN] Failsafe triggered: CPU too high
2026-05-20T18:12:13 [INFO] Heartbeat + Metrics
2026-05-20T18:12:13 [WARN] Failsafe triggered: CPU too high
2026-05-20T18:12:22 [INFO] Heartbeat + Metrics
2026-05-20T18:12:31 [INFO] Heartbeat + Metrics
2026-05-20T18:12:40 [INFO] Heartbeat + Metrics
2026-05-20T18:12:49 [INFO] Heartbeat + Metrics
2026-05-20T18:12:58 [INFO] Heartbeat + Metrics
2026-05-20T18:13:07 [INFO] Heartbeat + Metrics
2026-05-20T18:13:16 [INFO] Heartbeat + Metrics
2026-05-20T18:13:25 [INFO] Heartbeat + Metrics
2026-05-20T18:13:34 [INFO] Heartbeat + Metrics
2026-05-20T18:13:43 [INFO] Heartbeat + Metrics
2026-05-20T18:13:52 [INFO] Heartbeat + Metrics
2026-05-20T18:14:01 [INFO] Heartbeat + Metrics
2026-05-20T18:14:10 [INFO] Heartbeat + Metrics
2026-05-20T18:14:19 [INFO] Heartbeat + Metrics
2026-05-20T18:14:19 [WARN] Failsafe triggered: CPU too high
2026-05-20T18:14:28 [INFO] Heartbeat + Metrics
2026-05-20T18:14:37 [INFO] Heartbeat + Metrics
2026-05-20T18:14:46 [INFO] Heartbeat + Metrics
2026-05-20T18:14:55 [INFO] Heartbeat + Metrics
2026-05-20T18:15:03 [INFO] Heartbeat + Metrics
2026-05-20T18:15:12 [INFO] Heartbeat + Metrics
2026-05-20T18:15:21 [INFO] Heartbeat + Metrics
2026-05-20T18:15:30 [INFO] Heartbeat + Metrics
2026-05-20T18:15:39 [INFO] Heartbeat + Metrics
2026-05-20T18:15:48 [INFO] Heartbeat + Metrics
2026-05-20T18:15:57 [INFO] Heartbeat + Metrics
2026-05-20T18:16:07 [INFO] Heartbeat + Metrics
2026-05-20T18:16:16 [INFO] Heartbeat + Metrics
2026-05-20T18:16:28 [INFO] Heartbeat + Metrics
2026-05-20T18:16:28 [WARN] Failsafe triggered: CPU too high
2026-05-20T18:16:39 [INFO] Heartbeat + Metrics
2026-05-20T18:16:40 [WARN] Failsafe triggered: CPU too high
2026-05-20T18:16:57 [INFO] Heartbeat + Metrics
2026-05-20T18:16:58 [WARN] Failsafe triggered: CPU too high
2026-05-20T18:20:29 [INFO] Heartbeat + Metrics
2026-05-20T18:20:29 [WARN] Failsafe triggered: CPU too high
2026-05-20T18:20:41 [INFO] Heartbeat + Metrics
2026-05-20T18:20:44 [WARN] Failsafe triggered: CPU too high
2026-05-20T18:21:01 [INFO] Heartbeat + Metrics
2026-05-20T18:21:02 [WARN] Failsafe triggered: CPU too high
2026-05-20T18:21:13 [INFO] Heartbeat + Metrics
2026-05-20T18:21:13 [WARN] Failsafe triggered: CPU too high
2026-05-20T18:21:22 [INFO] Heartbeat + Metrics
2026-05-20T18:21:22 [WARN] Failsafe triggered: CPU too high
2026-05-20T18:21:31 [INFO] Heartbeat + Metrics
2026-05-20T18:21:31 [WARN] Failsafe triggered: CPU too high
2026-05-20T18:21:41 [INFO] Heartbeat + Metrics
2026-05-20T18:21:41 [WARN] Failsafe triggered: CPU too high
2026-05-20T18:21:51 [INFO] Heartbeat + Metrics
2026-05-20T18:21:51 [WARN] Failsafe triggered: CPU too high
2026-05-20T18:22:02 [INFO] Heartbeat + Metrics
2026-05-20T18:22:02 [WARN] Failsafe triggered: CPU too high
2026-05-20T18:22:12 [INFO] Heartbeat + Metrics
2026-05-20T18:22:12 [WARN] Failsafe triggered: CPU too high
2026-05-20T18:22:21 [INFO] Heartbeat + Metrics
2026-05-20T18:22:22 [WARN] Failsafe triggered: CPU too high
2026-05-20T18:22:32 [INFO] Heartbeat + Metrics
2026-05-20T18:22:32 [WARN] Failsafe triggered: CPU too high
2026-05-20T18:22:42 [INFO] Heartbeat + Metrics
2026-05-20T18:22:42 [WARN] Failsafe triggered: CPU too high
2026-05-20T18:22:51 [INFO] Heartbeat + Metrics
2026-05-20T18:22:51 [WARN] Failsafe triggered: CPU too high
2026-05-20T18:23:01 [INFO] Heartbeat + Metrics
2026-05-20T18:23:01 [WARN] Failsafe triggered: CPU too high
2026-05-20T18:23:10 [INFO] Heartbeat + Metrics
2026-05-20T18:23:10 [WARN] Failsafe triggered: CPU too high
2026-05-20T18:23:20 [INFO] Heartbeat + Metrics
2026-05-20T18:23:20 [WARN] Failsafe triggered: CPU too high
2026-05-20T18:23:29 [INFO] Heartbeat + Metrics
2026-05-20T18:23:29 [WARN] Failsafe triggered: CPU too high
2026-05-20T18:23:38 [INFO] Heartbeat + Metrics
2026-05-20T18:23:38 [WARN] Failsafe triggered: CPU too high
2026-05-20T18:23:47 [INFO] Heartbeat + Metrics
2026-05-20T18:23:47 [WARN] Failsafe triggered: CPU too high
2026-05-20T18:23:58 [INFO] Heartbeat + Metrics
2026-05-20T18:23:59 [WARN] Failsafe triggered: CPU too high
2026-05-20T18:24:09 [INFO] Heartbeat + Metrics
2026-05-20T18:24:09 [WARN] Failsafe triggered: CPU too high
2026-05-20T18:24:20 [INFO] Heartbeat + Metrics
2026-05-20T18:24:21 [WARN] Failsafe triggered: CPU too high
2026-05-20T18:24:30 [INFO] Heartbeat + Metrics
2026-05-20T18:24:30 [WARN] Failsafe triggered: CPU too high
2026-05-20T18:24:42 [INFO] Heartbeat + Metrics
2026-05-20T18:24:42 [WARN] Failsafe triggered: CPU too high
2026-05-20T18:24:52 [INFO] Heartbeat + Metrics
2026-05-20T18:24:52 [WARN] Failsafe triggered: CPU too high
2026-05-20T18:25:01 [INFO] Heartbeat + Metrics
2026-05-20T18:25:01 [WARN] Failsafe triggered: CPU too high
2026-05-20T18:25:10 [INFO] Heartbeat + Metrics
2026-05-20T18:25:10 [WARN] Failsafe triggered: CPU too high
2026-05-20T18:25:21 [INFO] Heartbeat + Metrics
2026-05-20T18:25:21 [WARN] Failsafe triggered: CPU too high
2026-05-20T18:25:31 [INFO] Heartbeat + Metrics
2026-05-20T18:25:31 [WARN] Failsafe triggered: CPU too high
2026-05-20T18:25:41 [INFO] Heartbeat + Metrics
2026-05-20T18:25:41 [WARN] Failsafe triggered: CPU too high
2026-05-20T18:25:51 [INFO] Heartbeat + Metrics
2026-05-20T18:25:51 [WARN] Failsafe triggered: CPU too high
2026-05-20T18:26:01 [INFO] Heartbeat + Metrics
2026-05-20T18:26:01 [WARN] Failsafe triggered: CPU too high
2026-05-20T18:26:10 [INFO] Heartbeat + Metrics
2026-05-20T18:26:10 [WARN] Failsafe triggered: CPU too high
2026-05-20T18:26:20 [INFO] Heartbeat + Metrics
2026-05-20T18:26:20 [WARN] Failsafe triggered: CPU too high
2026-05-20T18:26:29 [INFO] Heartbeat + Metrics
2026-05-20T18:26:29 [WARN] Failsafe triggered: CPU too high
2026-05-20T18:26:38 [INFO] Heartbeat + Metrics
2026-05-20T18:26:48 [INFO] Heartbeat + Metrics
2026-05-20T18:26:48 [WARN] Failsafe triggered: CPU too high
2026-05-20T18:26:59 [INFO] Heartbeat + Metrics
2026-05-20T18:26:59 [WARN] Failsafe triggered: CPU too high
2026-05-20T18:27:09 [INFO] Heartbeat + Metrics
2026-05-20T18:27:09 [WARN] Failsafe triggered: CPU too high
2026-05-20T18:27:18 [INFO] Heartbeat + Metrics
2026-05-20T18:27:18 [WARN] Failsafe triggered: CPU too high
2026-05-20T18:27:29 [INFO] Heartbeat + Metrics
2026-05-20T18:27:29 [WARN] Failsafe triggered: CPU too high
2026-05-20T18:27:40 [INFO] Heartbeat + Metrics
2026-05-20T18:27:40 [WARN] Failsafe triggered: CPU too high
2026-05-20T18:27:51 [INFO] Heartbeat + Metrics
2026-05-20T18:27:51 [WARN] Failsafe triggered: CPU too high
2026-05-20T18:28:00 [INFO] Heartbeat + Metrics
2026-05-20T18:28:00 [WARN] Failsafe triggered: CPU too high
2026-05-20T18:28:09 [INFO] Heartbeat + Metrics
2026-05-20T18:28:09 [WARN] Failsafe triggered: CPU too high
2026-05-20T18:28:18 [INFO] Heartbeat + Metrics
2026-05-20T18:28:19 [WARN] Desired process no longer exists (PID 6640)
2026-05-20T18:28:19 [WARN] Desired process no longer exists (PID 3344)
2026-05-20T18:28:28 [INFO] Heartbeat + Metrics
2026-05-20T18:28:28 [WARN] Desired process no longer exists (PID 6640)
2026-05-20T18:28:28 [WARN] Desired process no longer exists (PID 3344)
2026-05-20T18:28:37 [INFO] Heartbeat + Metrics
2026-05-20T18:28:37 [WARN] Desired process no longer exists (PID 6640)
2026-05-20T18:28:37 [WARN] Desired process no longer exists (PID 3344)
2026-05-20T18:28:46 [INFO] Heartbeat + Metrics
2026-05-20T18:28:46 [WARN] Desired process no longer exists (PID 6640)
2026-05-20T18:28:46 [WARN] Desired process no longer exists (PID 3344)
2026-05-20T18:28:57 [INFO] Heartbeat + Metrics
2026-05-20T18:28:57 [WARN] Failsafe triggered: CPU too high
2026-05-20T18:29:07 [INFO] Heartbeat + Metrics
2026-05-20T18:29:07 [WARN] Failsafe triggered: CPU too high
2026-05-20T18:29:16 [INFO] Heartbeat + Metrics
2026-05-20T18:29:16 [WARN] Desired process no longer exists (PID 6640)
2026-05-20T18:29:16 [WARN] Desired process no longer exists (PID 3344)
2026-05-20T18:29:25 [INFO] Heartbeat + Metrics
2026-05-20T18:29:25 [WARN] Desired process no longer exists (PID 6640)
2026-05-20T18:29:25 [WARN] Desired process no longer exists (PID 3344)
2026-05-20T18:29:34 [INFO] Heartbeat + Metrics
2026-05-20T18:29:34 [WARN] Desired process no longer exists (PID 6640)
2026-05-20T18:29:34 [WARN] Desired process no longer exists (PID 3344)
2026-05-20T18:29:43 [INFO] Heartbeat + Metrics
2026-05-20T18:29:44 [WARN] Desired process no longer exists (PID 6640)
2026-05-20T18:29:44 [WARN] Desired process no longer exists (PID 3344)
2026-05-20T18:29:53 [INFO] Heartbeat + Metrics
2026-05-20T18:29:53 [WARN] Failsafe triggered: CPU too high
2026-05-20T18:30:03 [INFO] Heartbeat + Metrics
2026-05-20T18:30:03 [WARN] Failsafe triggered: CPU too high
2026-05-20T18:30:12 [INFO] Heartbeat + Metrics
2026-05-20T18:30:12 [WARN] Failsafe triggered: CPU too high
2026-05-20T18:30:21 [INFO] Heartbeat + Metrics
2026-05-20T18:30:22 [WARN] Desired process no longer exists (PID 6640)
2026-05-20T18:30:22 [WARN] Desired process no longer exists (PID 3344)
2026-05-20T18:30:31 [INFO] Heartbeat + Metrics
2026-05-20T18:30:31 [WARN] Desired process no longer exists (PID 6640)
2026-05-20T18:30:31 [WARN] Desired process no longer exists (PID 3344)
2026-05-20T18:30:40 [INFO] Heartbeat + Metrics
2026-05-20T18:30:40 [WARN] Desired process no longer exists (PID 6640)
2026-05-20T18:30:40 [WARN] Desired process no longer exists (PID 3344)
2026-05-20T18:30:49 [INFO] Heartbeat + Metrics
2026-05-20T18:30:49 [WARN] Desired process no longer exists (PID 6640)
2026-05-20T18:30:49 [WARN] Desired process no longer exists (PID 3344)
2026-05-20T18:30:58 [INFO] Heartbeat + Metrics
2026-05-20T18:30:58 [WARN] Failsafe triggered: CPU too high
2026-05-20T18:31:08 [INFO] Heartbeat + Metrics
2026-05-20T18:31:08 [WARN] Failsafe triggered: CPU too high
2026-05-20T18:31:17 [INFO] Heartbeat + Metrics
2026-05-20T18:31:17 [WARN] Failsafe triggered: CPU too high
2026-05-20T18:31:26 [INFO] Heartbeat + Metrics
2026-05-20T18:31:26 [WARN] Desired process no longer exists (PID 6640)
2026-05-20T18:31:26 [WARN] Desired process no longer exists (PID 3344)
2026-05-20T18:31:35 [INFO] Heartbeat + Metrics
2026-05-20T18:31:36 [WARN] Desired process no longer exists (PID 6640)
2026-05-20T18:31:36 [WARN] Desired process no longer exists (PID 3344)
2026-05-20T18:31:45 [INFO] Heartbeat + Metrics
2026-05-20T18:31:45 [WARN] Failsafe triggered: CPU too high
2026-05-20T18:31:56 [INFO] Heartbeat + Metrics
2026-05-20T18:31:56 [WARN] Failsafe triggered: CPU too high
2026-05-20T18:32:08 [INFO] Heartbeat + Metrics
2026-05-20T18:32:08 [WARN] Failsafe triggered: CPU too high
2026-05-20T18:32:19 [INFO] Heartbeat + Metrics
2026-05-20T18:32:19 [WARN] Failsafe triggered: CPU too high
2026-05-20T18:32:28 [INFO] Heartbeat + Metrics
2026-05-20T18:32:28 [WARN] Failsafe triggered: CPU too high
2026-05-20T18:32:37 [INFO] Heartbeat + Metrics
2026-05-20T18:32:37 [WARN] Failsafe triggered: CPU too high
2026-05-20T18:33:01 [INFO] Heartbeat + Metrics
2026-05-20T18:33:02 [WARN] Failsafe triggered: CPU too high
2026-05-20T18:33:12 [INFO] Heartbeat + Metrics
2026-05-20T18:33:12 [WARN] Failsafe triggered: CPU too high
2026-05-20T18:33:25 [INFO] Heartbeat + Metrics
2026-05-20T18:33:26 [WARN] Failsafe triggered: CPU too high
2026-05-20T18:33:40 [INFO] Heartbeat + Metrics
2026-05-20T18:33:40 [WARN] Failsafe triggered: CPU too high
2026-05-20T18:33:53 [INFO] Heartbeat + Metrics
2026-05-20T18:33:53 [WARN] Failsafe triggered: CPU too high
2026-05-20T18:34:02 [INFO] Heartbeat + Metrics
2026-05-20T18:34:02 [WARN] Failsafe triggered: CPU too high
2026-05-20T18:34:13 [INFO] Heartbeat + Metrics
2026-05-20T18:34:13 [WARN] Failsafe triggered: CPU too high
2026-05-20T18:34:23 [INFO] Heartbeat + Metrics
2026-05-20T18:34:23 [WARN] Failsafe triggered: CPU too high
2026-05-20T18:34:32 [INFO] Heartbeat + Metrics
2026-05-20T18:34:32 [WARN] Failsafe triggered: CPU too high
2026-05-20T18:34:43 [INFO] Heartbeat + Metrics
2026-05-20T18:34:43 [WARN] Failsafe triggered: CPU too high
2026-05-20T18:34:53 [INFO] Heartbeat + Metrics
2026-05-20T18:34:53 [WARN] Failsafe triggered: CPU too high
2026-05-20T18:35:02 [INFO] Heartbeat + Metrics
2026-05-20T18:35:03 [WARN] Failsafe triggered: CPU too high
2026-05-20T18:35:12 [INFO] Heartbeat + Metrics
2026-05-20T18:35:12 [WARN] Failsafe triggered: CPU too high
2026-05-20T18:35:24 [INFO] Heartbeat + Metrics
2026-05-20T18:35:24 [WARN] Failsafe triggered: CPU too high
2026-05-20T18:35:35 [INFO] Heartbeat + Metrics
2026-05-20T18:35:35 [WARN] Failsafe triggered: CPU too high
2026-05-20T18:35:48 [INFO] Heartbeat + Metrics
2026-05-20T18:35:49 [WARN] Failsafe triggered: CPU too high
2026-05-20T18:36:00 [INFO] Heartbeat + Metrics
2026-05-20T18:36:00 [WARN] Failsafe triggered: CPU too high
2026-05-20T18:36:10 [INFO] Heartbeat + Metrics
2026-05-20T18:36:10 [WARN] Failsafe triggered: CPU too high
2026-05-20T18:36:20 [INFO] Heartbeat + Metrics
2026-05-20T18:36:20 [WARN] Failsafe triggered: CPU too high
2026-05-20T18:36:30 [INFO] Heartbeat + Metrics
2026-05-20T18:36:30 [WARN] Failsafe triggered: CPU too high
2026-05-20T18:36:43 [INFO] Heartbeat + Metrics
2026-05-20T18:36:43 [WARN] Failsafe triggered: CPU too high
2026-05-20T18:36:55 [INFO] Heartbeat + Metrics
2026-05-20T18:36:55 [WARN] Failsafe triggered: CPU too high
2026-05-20T18:37:06 [INFO] Heartbeat + Metrics
2026-05-20T18:37:06 [WARN] Failsafe triggered: CPU too high
2026-05-20T18:37:16 [INFO] Heartbeat + Metrics
2026-05-20T18:37:16 [WARN] Failsafe triggered: CPU too high
2026-05-20T18:37:27 [INFO] Heartbeat + Metrics
2026-05-20T18:37:27 [WARN] Failsafe triggered: CPU too high
2026-05-20T18:37:37 [INFO] Heartbeat + Metrics
2026-05-20T18:37:37 [WARN] Failsafe triggered: CPU too high
2026-05-20T18:37:47 [INFO] Heartbeat + Metrics
2026-05-20T18:37:47 [WARN] Failsafe triggered: CPU too high
2026-05-20T18:38:01 [INFO] Heartbeat + Metrics
2026-05-20T18:38:01 [WARN] Failsafe triggered: CPU too high
2026-05-20T18:38:15 [INFO] Heartbeat + Metrics
2026-05-20T18:38:15 [WARN] Failsafe triggered: CPU too high
2026-05-20T18:38:25 [INFO] Heartbeat + Metrics
2026-05-20T18:38:25 [WARN] Failsafe triggered: CPU too high
2026-05-20T18:38:35 [INFO] Heartbeat + Metrics
2026-05-20T18:38:35 [WARN] Failsafe triggered: CPU too high
2026-05-20T18:38:45 [INFO] Heartbeat + Metrics
2026-05-20T18:38:45 [WARN] Failsafe triggered: CPU too high
2026-05-20T18:38:56 [INFO] Heartbeat + Metrics
2026-05-20T18:38:56 [WARN] Failsafe triggered: CPU too high
2026-05-20T18:39:07 [INFO] Heartbeat + Metrics
2026-05-20T18:39:07 [WARN] Failsafe triggered: CPU too high
2026-05-20T18:39:17 [INFO] Heartbeat + Metrics
2026-05-20T18:39:18 [WARN] Failsafe triggered: CPU too high
2026-05-20T18:39:28 [INFO] Heartbeat + Metrics
2026-05-20T18:39:28 [WARN] Failsafe triggered: CPU too high
2026-05-20T18:39:39 [INFO] Heartbeat + Metrics
2026-05-20T18:39:39 [WARN] Failsafe triggered: CPU too high
2026-05-20T18:39:49 [INFO] Heartbeat + Metrics
2026-05-20T18:39:49 [WARN] Failsafe triggered: CPU too high
2026-05-20T18:39:59 [INFO] Heartbeat + Metrics
2026-05-20T18:39:59 [WARN] Failsafe triggered: CPU too high
2026-05-20T18:40:09 [INFO] Heartbeat + Metrics
2026-05-20T18:40:09 [WARN] Failsafe triggered: CPU too high
2026-05-20T18:40:19 [INFO] Heartbeat + Metrics
2026-05-20T18:40:19 [WARN] Failsafe triggered: CPU too high
2026-05-20T18:40:29 [INFO] Heartbeat + Metrics
2026-05-20T18:40:29 [WARN] Failsafe triggered: CPU too high
2026-05-20T18:40:42 [INFO] Heartbeat + Metrics
2026-05-20T18:40:42 [WARN] Failsafe triggered: CPU too high
2026-05-20T18:40:52 [INFO] Heartbeat + Metrics
2026-05-20T18:40:52 [WARN] Failsafe triggered: CPU too high
2026-05-20T18:41:02 [INFO] Heartbeat + Metrics
2026-05-20T18:41:02 [WARN] Failsafe triggered: CPU too high
2026-05-20T18:41:17 [INFO] Heartbeat + Metrics
2026-05-20T18:41:17 [WARN] Failsafe triggered: CPU too high
2026-05-20T18:41:27 [INFO] Heartbeat + Metrics
2026-05-20T18:41:27 [WARN] Failsafe triggered: CPU too high
2026-05-20T18:41:38 [INFO] Heartbeat + Metrics
2026-05-20T18:41:38 [WARN] Failsafe triggered: CPU too high
2026-05-20T18:41:48 [INFO] Heartbeat + Metrics
2026-05-20T18:41:48 [WARN] Failsafe triggered: CPU too high
2026-05-20T18:42:03 [INFO] Heartbeat + Metrics
2026-05-20T18:42:03 [WARN] Failsafe triggered: CPU too high
2026-05-20T18:42:15 [INFO] Heartbeat + Metrics
2026-05-20T18:42:15 [WARN] Failsafe triggered: CPU too high
2026-05-20T18:42:26 [INFO] Heartbeat + Metrics
2026-05-20T18:42:26 [WARN] Failsafe triggered: CPU too high
2026-05-20T18:42:36 [INFO] Heartbeat + Metrics
2026-05-20T18:42:36 [WARN] Failsafe triggered: CPU too high
2026-05-20T18:42:50 [INFO] Heartbeat + Metrics
2026-05-20T18:42:50 [WARN] Failsafe triggered: CPU too high
2026-05-20T18:43:01 [INFO] Heartbeat + Metrics
2026-05-20T18:43:01 [WARN] Failsafe triggered: CPU too high
2026-05-20T18:43:14 [INFO] Heartbeat + Metrics
2026-05-20T18:43:14 [WARN] Failsafe triggered: CPU too high
2026-05-20T18:43:26 [INFO] Heartbeat + Metrics
2026-05-20T18:43:27 [WARN] Failsafe triggered: CPU too high
2026-05-20T18:43:36 [INFO] Heartbeat + Metrics
2026-05-20T18:43:36 [WARN] Failsafe triggered: CPU too high
2026-05-20T18:43:48 [INFO] Heartbeat + Metrics
2026-05-20T18:43:48 [WARN] Failsafe triggered: CPU too high
2026-05-20T18:43:57 [INFO] Heartbeat + Metrics
2026-05-20T18:43:57 [WARN] Failsafe triggered: CPU too high
2026-05-20T18:44:06 [INFO] Heartbeat + Metrics
2026-05-20T18:44:06 [WARN] Failsafe triggered: CPU too high
2026-05-20T18:44:16 [INFO] Heartbeat + Metrics
2026-05-20T18:44:16 [WARN] Failsafe triggered: CPU too high
2026-05-20T18:44:30 [INFO] Heartbeat + Metrics
2026-05-20T18:44:31 [WARN] Failsafe triggered: CPU too high
2026-05-20T18:44:40 [INFO] Heartbeat + Metrics
2026-05-20T18:44:40 [WARN] Failsafe triggered: CPU too high
2026-05-20T18:44:51 [INFO] Heartbeat + Metrics
2026-05-20T18:44:51 [WARN] Failsafe triggered: CPU too high
2026-05-20T18:45:03 [INFO] Heartbeat + Metrics
2026-05-20T18:45:03 [WARN] Failsafe triggered: CPU too high
2026-05-20T18:45:14 [INFO] Heartbeat + Metrics
2026-05-20T18:45:14 [WARN] Failsafe triggered: CPU too high
2026-05-20T18:45:24 [INFO] Heartbeat + Metrics
2026-05-20T18:45:24 [WARN] Failsafe triggered: CPU too high
2026-05-20T18:45:34 [INFO] Heartbeat + Metrics
2026-05-20T18:45:34 [WARN] Failsafe triggered: CPU too high
2026-05-20T18:45:44 [INFO] Heartbeat + Metrics
2026-05-20T18:45:44 [WARN] Failsafe triggered: CPU too high
2026-05-20T18:45:53 [INFO] Heartbeat + Metrics
2026-05-20T18:45:53 [WARN] Failsafe triggered: CPU too high
2026-05-20T18:46:07 [INFO] Heartbeat + Metrics
2026-05-20T18:46:07 [WARN] Failsafe triggered: CPU too high
2026-05-20T18:46:19 [INFO] Heartbeat + Metrics
2026-05-20T18:46:19 [WARN] Failsafe triggered: CPU too high
2026-05-20T18:46:31 [INFO] Heartbeat + Metrics
2026-05-20T18:46:31 [WARN] Failsafe triggered: CPU too high
2026-05-20T18:46:41 [INFO] Heartbeat + Metrics
2026-05-20T18:46:41 [WARN] Failsafe triggered: CPU too high
2026-05-20T18:46:50 [INFO] Heartbeat + Metrics
2026-05-20T18:46:50 [WARN] Failsafe triggered: CPU too high
2026-05-20T18:46:59 [INFO] Heartbeat + Metrics
2026-05-20T18:46:59 [WARN] Failsafe triggered: CPU too high
2026-05-20T18:47:08 [INFO] Heartbeat + Metrics
2026-05-20T18:47:08 [WARN] Failsafe triggered: CPU too high
2026-05-20T18:47:17 [INFO] Heartbeat + Metrics
2026-05-20T18:47:17 [WARN] Desired process no longer exists (PID 5620)
2026-05-20T18:47:17 [WARN] Desired process no longer exists (PID 3344)
2026-05-20T18:47:26 [INFO] Heartbeat + Metrics
2026-05-20T18:47:26 [WARN] Desired process no longer exists (PID 5620)
2026-05-20T18:47:26 [WARN] Desired process no longer exists (PID 3344)
2026-05-20T18:47:35 [INFO] Heartbeat + Metrics
2026-05-20T18:47:35 [WARN] Failsafe triggered: CPU too high
2026-05-20T18:47:44 [INFO] Heartbeat + Metrics
2026-05-20T18:47:44 [WARN] Failsafe triggered: CPU too high
2026-05-20T18:47:53 [INFO] Heartbeat + Metrics
2026-05-20T18:47:53 [WARN] Failsafe triggered: CPU too high
2026-05-20T18:48:01 [INFO] Heartbeat + Metrics
2026-05-20T18:48:02 [WARN] Failsafe triggered: CPU too high
2026-05-20T18:48:10 [INFO] Heartbeat + Metrics
2026-05-20T18:48:10 [WARN] Failsafe triggered: CPU too high
2026-05-20T18:48:19 [INFO] Heartbeat + Metrics
2026-05-20T18:48:28 [INFO] Heartbeat + Metrics
2026-05-20T18:48:28 [WARN] Failsafe triggered: CPU too high
2026-05-20T18:48:37 [INFO] Heartbeat + Metrics
2026-05-20T18:48:38 [WARN] Failsafe triggered: CPU too high
2026-05-20T18:48:47 [INFO] Heartbeat + Metrics
2026-05-20T18:48:47 [WARN] Failsafe triggered: CPU too high
2026-05-20T18:48:55 [INFO] Heartbeat + Metrics
2026-05-20T18:48:55 [WARN] Desired process no longer exists (PID 5620)
2026-05-20T18:48:56 [WARN] Desired process no longer exists (PID 3344)
2026-05-20T18:49:04 [INFO] Heartbeat + Metrics
2026-05-20T18:49:04 [WARN] Desired process no longer exists (PID 5620)
2026-05-20T18:49:04 [WARN] Desired process no longer exists (PID 3344)
2026-05-20T18:49:13 [INFO] Heartbeat + Metrics
2026-05-20T18:49:13 [WARN] Desired process no longer exists (PID 5620)
2026-05-20T18:49:13 [WARN] Desired process no longer exists (PID 3344)
2026-05-20T18:49:22 [INFO] Heartbeat + Metrics
2026-05-20T18:49:22 [WARN] Failsafe triggered: CPU too high
2026-05-20T18:49:31 [INFO] Heartbeat + Metrics
2026-05-20T18:49:31 [WARN] Desired process no longer exists (PID 5620)
2026-05-20T18:49:31 [WARN] Desired process no longer exists (PID 3344)
2026-05-20T18:49:39 [INFO] Heartbeat + Metrics
2026-05-20T18:49:39 [WARN] Failsafe triggered: CPU too high
2026-05-20T18:49:48 [INFO] Heartbeat + Metrics
2026-05-20T18:49:48 [WARN] Failsafe triggered: CPU too high
2026-05-20T18:49:59 [INFO] Heartbeat + Metrics
2026-05-20T18:49:59 [ERROR] Main loop error
2026-05-20T20:48:27 [INFO] SmartWorkOptimizer started
2026-05-20T20:48:32 [INFO] Heartbeat + Metrics
2026-05-20T20:48:32 [WARN] Failsafe triggered: CPU too high
2026-05-20T20:48:41 [INFO] Heartbeat + Metrics
2026-05-20T20:48:50 [INFO] Heartbeat + Metrics
2026-05-20T20:49:00 [INFO] Heartbeat + Metrics
2026-05-20T20:49:09 [INFO] Heartbeat + Metrics
2026-05-20T20:49:18 [INFO] Heartbeat + Metrics
2026-05-20T20:49:26 [INFO] Heartbeat + Metrics
2026-05-20T20:49:35 [INFO] Heartbeat + Metrics
2026-05-20T20:49:44 [INFO] Heartbeat + Metrics
2026-05-20T20:49:53 [INFO] Heartbeat + Metrics
2026-05-20T20:50:02 [INFO] Heartbeat + Metrics
2026-05-20T20:50:11 [INFO] Heartbeat + Metrics
2026-05-20T20:50:20 [INFO] Heartbeat + Metrics
2026-05-20T20:50:29 [INFO] Heartbeat + Metrics
2026-05-20T20:50:38 [INFO] Heartbeat + Metrics
2026-05-20T20:50:47 [INFO] Heartbeat + Metrics
2026-05-20T20:50:56 [INFO] Heartbeat + Metrics
2026-05-20T20:50:56 [WARN] Failsafe triggered: CPU too high
2026-05-20T20:51:05 [INFO] Heartbeat + Metrics
2026-05-20T20:51:15 [INFO] Heartbeat + Metrics
2026-05-20T20:51:24 [INFO] Heartbeat + Metrics
2026-05-20T20:51:24 [WARN] Failsafe triggered: CPU too high
2026-05-20T20:51:36 [INFO] Heartbeat + Metrics
2026-05-20T20:51:36 [WARN] Failsafe triggered: CPU too high
2026-05-20T20:51:47 [INFO] Heartbeat + Metrics
2026-05-20T20:51:47 [WARN] Failsafe triggered: CPU too high
2026-05-20T20:51:56 [INFO] Heartbeat + Metrics
2026-05-20T20:51:56 [WARN] Failsafe triggered: CPU too high
2026-05-20T20:52:06 [INFO] Heartbeat + Metrics
2026-05-20T20:52:16 [INFO] Heartbeat + Metrics
2026-05-20T20:52:25 [INFO] Heartbeat + Metrics
2026-05-20T20:52:26 [WARN] Failsafe triggered: CPU too high
2026-05-20T20:52:35 [INFO] Heartbeat + Metrics
2026-05-20T20:52:35 [WARN] Failsafe triggered: CPU too high
2026-05-20T20:52:45 [INFO] Heartbeat + Metrics
2026-05-20T20:52:45 [WARN] Failsafe triggered: CPU too high
2026-05-20T20:52:55 [INFO] Heartbeat + Metrics
2026-05-20T20:53:05 [INFO] Heartbeat + Metrics
2026-05-20T20:53:14 [INFO] Heartbeat + Metrics
2026-05-20T20:53:14 [WARN] Failsafe triggered: CPU too high
2026-05-20T20:53:23 [INFO] Heartbeat + Metrics
2026-05-20T20:53:23 [WARN] Failsafe triggered: CPU too high
2026-05-20T20:53:32 [INFO] Heartbeat + Metrics
2026-05-20T20:53:32 [WARN] Failsafe triggered: CPU too high
2026-05-20T20:53:41 [INFO] Heartbeat + Metrics
2026-05-20T20:53:50 [INFO] Heartbeat + Metrics
2026-05-20T20:53:59 [INFO] Heartbeat + Metrics
2026-05-20T20:54:08 [INFO] Heartbeat + Metrics
2026-05-20T20:54:17 [INFO] Heartbeat + Metrics
2026-05-20T20:54:26 [INFO] Heartbeat + Metrics
2026-05-20T20:54:35 [INFO] Heartbeat + Metrics
2026-05-20T20:54:44 [INFO] Heartbeat + Metrics
2026-05-20T20:54:53 [INFO] Heartbeat + Metrics
2026-05-20T20:55:02 [INFO] Heartbeat + Metrics
2026-05-20T20:55:10 [INFO] Heartbeat + Metrics
2026-05-20T20:55:19 [INFO] Heartbeat + Metrics
2026-05-20T20:55:28 [INFO] Heartbeat + Metrics
2026-05-20T20:55:37 [INFO] Heartbeat + Metrics
2026-05-20T20:55:46 [INFO] Heartbeat + Metrics
2026-05-20T20:55:55 [INFO] Heartbeat + Metrics
2026-05-20T20:56:04 [INFO] Heartbeat + Metrics
2026-05-20T20:56:13 [INFO] Heartbeat + Metrics
2026-05-20T20:56:13 [WARN] Desired process no longer exists (PID 5620)
2026-05-20T20:56:13 [WARN] Desired process no longer exists (PID 3344)
2026-05-20T20:56:22 [INFO] Heartbeat + Metrics
2026-05-20T20:56:22 [WARN] Desired process no longer exists (PID 5620)
2026-05-20T20:56:22 [WARN] Desired process no longer exists (PID 3344)
2026-05-20T20:56:31 [INFO] Heartbeat + Metrics
2026-05-20T20:56:31 [WARN] Desired process no longer exists (PID 5620)
2026-05-20T20:56:31 [WARN] Desired process no longer exists (PID 3344)
2026-05-20T20:56:40 [INFO] Heartbeat + Metrics
2026-05-20T20:56:40 [WARN] Failsafe triggered: CPU too high
2026-05-20T20:56:49 [INFO] Heartbeat + Metrics
2026-05-20T20:56:58 [INFO] Heartbeat + Metrics
2026-05-20T20:57:07 [INFO] Heartbeat + Metrics
2026-05-20T20:57:16 [INFO] Heartbeat + Metrics
2026-05-20T20:57:25 [INFO] Heartbeat + Metrics
2026-05-20T20:57:34 [INFO] Heartbeat + Metrics
2026-05-20T20:57:43 [INFO] Heartbeat + Metrics
2026-05-20T20:57:52 [INFO] Heartbeat + Metrics
2026-05-20T20:58:01 [INFO] Heartbeat + Metrics
2026-05-20T20:58:09 [INFO] Heartbeat + Metrics
2026-05-20T20:58:18 [INFO] Heartbeat + Metrics
2026-05-20T20:58:27 [INFO] Heartbeat + Metrics
2026-05-20T20:58:27 [WARN] Desired process no longer exists (PID 5620)
2026-05-20T20:58:27 [WARN] Desired process no longer exists (PID 3344)
2026-05-20T20:58:36 [INFO] Heartbeat + Metrics
2026-05-20T20:58:36 [WARN] Desired process no longer exists (PID 5620)
2026-05-20T20:58:36 [WARN] Desired process no longer exists (PID 3344)
2026-05-20T20:58:45 [INFO] Heartbeat + Metrics
2026-05-20T20:58:54 [INFO] Heartbeat + Metrics
2026-05-20T20:59:03 [INFO] Heartbeat + Metrics
2026-05-20T20:59:12 [INFO] Heartbeat + Metrics
2026-05-20T20:59:21 [INFO] Heartbeat + Metrics
2026-05-20T20:59:29 [INFO] Heartbeat + Metrics
2026-05-20T20:59:38 [INFO] Heartbeat + Metrics
2026-05-20T20:59:47 [INFO] Heartbeat + Metrics
2026-05-20T20:59:56 [INFO] Heartbeat + Metrics
2026-05-20T21:00:05 [INFO] Heartbeat + Metrics
2026-05-20T21:00:14 [INFO] Heartbeat + Metrics
2026-05-20T21:00:23 [INFO] Heartbeat + Metrics
2026-05-20T21:00:32 [INFO] Heartbeat + Metrics
2026-05-20T21:00:41 [INFO] Heartbeat + Metrics
2026-05-20T21:00:50 [INFO] Heartbeat + Metrics
2026-05-20T21:00:59 [INFO] Heartbeat + Metrics
2026-05-20T21:01:07 [INFO] Heartbeat + Metrics
2026-05-20T21:01:16 [INFO] Heartbeat + Metrics
2026-05-20T21:01:25 [INFO] Heartbeat + Metrics
2026-05-20T21:01:34 [INFO] Heartbeat + Metrics
2026-05-20T21:01:43 [INFO] Heartbeat + Metrics
2026-05-20T21:01:52 [INFO] Heartbeat + Metrics
2026-05-20T21:02:01 [INFO] Heartbeat + Metrics
2026-05-20T21:02:10 [INFO] Heartbeat + Metrics
2026-05-20T21:02:10 [WARN] Desired process no longer exists (PID 16824)
2026-05-20T21:02:10 [WARN] Desired process no longer exists (PID 3344)
2026-05-20T21:02:19 [INFO] Heartbeat + Metrics
2026-05-20T21:02:28 [INFO] Heartbeat + Metrics
2026-05-20T21:02:28 [WARN] Failsafe triggered: CPU too high
2026-05-20T21:02:38 [INFO] Heartbeat + Metrics
2026-05-20T21:02:38 [WARN] Failsafe triggered: CPU too high
2026-05-20T21:02:47 [INFO] Heartbeat + Metrics
2026-05-20T21:02:56 [INFO] Heartbeat + Metrics
2026-05-20T21:03:05 [INFO] Heartbeat + Metrics
2026-05-20T21:03:05 [WARN] Desired process no longer exists (PID 16824)
2026-05-20T21:03:05 [WARN] Desired process no longer exists (PID 3344)
2026-05-20T21:03:14 [INFO] Heartbeat + Metrics
2026-05-20T21:03:23 [INFO] Heartbeat + Metrics
2026-05-20T21:03:31 [INFO] Heartbeat + Metrics
2026-05-20T21:03:40 [INFO] Heartbeat + Metrics
2026-05-20T21:03:40 [WARN] Failsafe triggered: CPU too high
2026-05-20T21:03:49 [INFO] Heartbeat + Metrics
2026-05-20T21:03:49 [WARN] Desired process no longer exists (PID 16824)
2026-05-20T21:03:49 [WARN] Desired process no longer exists (PID 3344)
2026-05-20T21:03:58 [INFO] Heartbeat + Metrics
2026-05-20T21:03:59 [WARN] Desired process no longer exists (PID 16824)
2026-05-20T21:03:59 [WARN] Desired process no longer exists (PID 3344)
2026-05-20T21:04:08 [INFO] Heartbeat + Metrics
2026-05-20T21:04:08 [WARN] Desired process no longer exists (PID 16824)
2026-05-20T21:04:08 [WARN] Desired process no longer exists (PID 3344)
2026-05-20T21:04:17 [INFO] Heartbeat + Metrics
2026-05-20T21:04:17 [WARN] Failsafe triggered: CPU too high
2026-05-20T21:04:26 [INFO] Heartbeat + Metrics
2026-05-20T21:04:26 [WARN] Desired process no longer exists (PID 16824)
2026-05-20T21:04:26 [WARN] Desired process no longer exists (PID 3344)
2026-05-20T21:04:35 [INFO] Heartbeat + Metrics
2026-05-20T21:04:35 [WARN] Desired process no longer exists (PID 16824)
2026-05-20T21:04:35 [WARN] Desired process no longer exists (PID 3344)
2026-05-20T21:04:44 [INFO] Heartbeat + Metrics
2026-05-20T21:04:44 [WARN] Desired process no longer exists (PID 16824)
2026-05-20T21:04:44 [WARN] Desired process no longer exists (PID 3344)
2026-05-20T21:04:53 [INFO] Heartbeat + Metrics
2026-05-20T21:04:53 [WARN] Desired process no longer exists (PID 16824)
2026-05-20T21:04:53 [WARN] Desired process no longer exists (PID 3344)
2026-05-20T21:05:02 [INFO] Heartbeat + Metrics
2026-05-20T21:05:03 [WARN] Desired process no longer exists (PID 16824)
2026-05-20T21:05:03 [WARN] Desired process no longer exists (PID 3344)
2026-05-20T21:05:12 [INFO] Heartbeat + Metrics
2026-05-20T21:05:12 [WARN] Desired process no longer exists (PID 16824)
2026-05-20T21:05:12 [WARN] Desired process no longer exists (PID 3344)
2026-05-20T21:05:21 [INFO] Heartbeat + Metrics
2026-05-20T21:05:21 [WARN] Failsafe triggered: CPU too high
2026-05-20T21:05:30 [INFO] Heartbeat + Metrics
2026-05-20T21:05:30 [WARN] Failsafe triggered: CPU too high
2026-05-20T21:05:40 [INFO] Heartbeat + Metrics
2026-05-20T21:05:40 [WARN] Failsafe triggered: CPU too high
2026-05-20T21:05:49 [INFO] Heartbeat + Metrics
2026-05-20T21:05:58 [INFO] Heartbeat + Metrics
2026-05-20T21:06:09 [INFO] Heartbeat + Metrics
2026-05-20T21:06:09 [WARN] Failsafe triggered: CPU too high
2026-05-20T21:06:20 [INFO] Heartbeat + Metrics
2026-05-20T21:06:20 [WARN] Failsafe triggered: CPU too high
2026-05-20T21:06:30 [INFO] Heartbeat + Metrics
2026-05-20T21:06:30 [WARN] Failsafe triggered: CPU too high
2026-05-20T21:06:39 [INFO] Heartbeat + Metrics
2026-05-20T21:06:40 [WARN] Desired process no longer exists (PID 16824)
2026-05-20T21:06:40 [WARN] Desired process no longer exists (PID 3344)
2026-05-20T21:06:49 [INFO] Heartbeat + Metrics
2026-05-20T21:06:49 [WARN] Failsafe triggered: CPU too high
2026-05-20T21:06:58 [INFO] Heartbeat + Metrics
2026-05-20T21:07:08 [INFO] Heartbeat + Metrics
2026-05-20T21:07:08 [WARN] Failsafe triggered: CPU too high
2026-05-20T21:07:18 [INFO] Heartbeat + Metrics
2026-05-20T21:07:27 [INFO] Heartbeat + Metrics
2026-05-20T21:07:36 [INFO] Heartbeat + Metrics
2026-05-20T21:07:45 [INFO] Heartbeat + Metrics
2026-05-20T21:07:45 [WARN] Failsafe triggered: CPU too high
2026-05-20T21:07:54 [INFO] Heartbeat + Metrics
2026-05-20T21:08:03 [INFO] Heartbeat + Metrics
2026-05-20T21:08:12 [INFO] Heartbeat + Metrics
2026-05-20T21:08:21 [INFO] Heartbeat + Metrics
2026-05-20T21:08:30 [INFO] Heartbeat + Metrics
2026-05-20T21:08:39 [INFO] Heartbeat + Metrics
2026-05-20T21:08:48 [INFO] Heartbeat + Metrics
2026-05-20T21:08:48 [WARN] Failsafe triggered: CPU too high
2026-05-20T21:08:57 [INFO] Heartbeat + Metrics
2026-05-20T21:09:05 [INFO] Heartbeat + Metrics
2026-05-20T21:09:14 [INFO] Heartbeat + Metrics
2026-05-20T21:09:22 [INFO] Heartbeat + Metrics
2026-05-20T21:09:31 [INFO] Heartbeat + Metrics
2026-05-20T21:09:39 [INFO] Heartbeat + Metrics
2026-05-20T21:09:48 [INFO] Heartbeat + Metrics
2026-05-20T21:09:56 [INFO] Heartbeat + Metrics
2026-05-20T21:10:05 [INFO] Heartbeat + Metrics
2026-05-20T21:10:14 [INFO] Heartbeat + Metrics
2026-05-20T21:10:22 [INFO] Heartbeat + Metrics
2026-05-20T21:10:31 [INFO] Heartbeat + Metrics
2026-05-20T21:10:40 [INFO] Heartbeat + Metrics
2026-05-20T21:10:48 [INFO] Heartbeat + Metrics
2026-05-20T21:10:57 [INFO] Heartbeat + Metrics
2026-05-20T21:11:05 [INFO] Heartbeat + Metrics
2026-05-20T21:11:14 [INFO] Heartbeat + Metrics
2026-05-20T21:11:22 [INFO] Heartbeat + Metrics
2026-05-20T21:11:31 [INFO] Heartbeat + Metrics
2026-05-20T21:11:40 [INFO] Heartbeat + Metrics
2026-05-20T21:11:48 [INFO] Heartbeat + Metrics
2026-05-20T21:11:57 [INFO] Heartbeat + Metrics
2026-05-20T21:12:05 [INFO] Heartbeat + Metrics
2026-05-20T21:12:14 [INFO] Heartbeat + Metrics
2026-05-20T21:12:22 [INFO] Heartbeat + Metrics
2026-05-20T21:12:31 [INFO] Heartbeat + Metrics
2026-05-20T21:12:39 [INFO] Heartbeat + Metrics
2026-05-20T21:12:48 [INFO] Heartbeat + Metrics
2026-05-20T21:12:56 [INFO] Heartbeat + Metrics
2026-05-20T21:13:05 [INFO] Heartbeat + Metrics
2026-05-20T21:13:13 [INFO] Heartbeat + Metrics
2026-05-20T21:13:22 [INFO] Heartbeat + Metrics
2026-05-20T21:13:30 [INFO] Heartbeat + Metrics
2026-05-20T21:13:39 [INFO] Heartbeat + Metrics
2026-05-20T21:13:48 [INFO] Heartbeat + Metrics
2026-05-20T21:13:56 [INFO] Heartbeat + Metrics
2026-05-20T21:14:05 [INFO] Heartbeat + Metrics
2026-05-20T21:14:13 [INFO] Heartbeat + Metrics
2026-05-20T21:14:22 [INFO] Heartbeat + Metrics
2026-05-20T21:14:30 [INFO] Heartbeat + Metrics
2026-05-20T21:14:39 [INFO] Heartbeat + Metrics
2026-05-20T21:14:48 [INFO] Heartbeat + Metrics
2026-05-20T21:14:57 [INFO] Heartbeat + Metrics
2026-05-20T21:15:06 [INFO] Heartbeat + Metrics
2026-05-20T21:15:15 [INFO] Heartbeat + Metrics
2026-05-20T21:15:23 [INFO] Heartbeat + Metrics
2026-05-20T21:15:32 [INFO] Heartbeat + Metrics
2026-05-20T21:15:40 [INFO] Heartbeat + Metrics
2026-05-20T21:15:49 [INFO] Heartbeat + Metrics
2026-05-20T21:15:57 [INFO] Heartbeat + Metrics
2026-05-20T21:16:06 [INFO] Heartbeat + Metrics
2026-05-20T21:16:14 [INFO] Heartbeat + Metrics
2026-05-20T21:16:23 [INFO] Heartbeat + Metrics
2026-05-20T21:16:33 [INFO] Heartbeat + Metrics
2026-05-20T21:16:33 [WARN] Failsafe triggered: CPU too high
2026-05-20T21:16:42 [INFO] Heartbeat + Metrics
2026-05-20T21:16:50 [INFO] Heartbeat + Metrics
2026-05-20T21:16:59 [INFO] Heartbeat + Metrics
2026-05-20T21:17:08 [INFO] Heartbeat + Metrics
2026-05-20T21:17:16 [INFO] Heartbeat + Metrics
2026-05-20T21:17:25 [INFO] Heartbeat + Metrics
2026-05-20T21:17:33 [INFO] Heartbeat + Metrics
2026-05-20T21:17:42 [INFO] Heartbeat + Metrics
2026-05-20T21:17:50 [INFO] Heartbeat + Metrics
2026-05-20T21:17:59 [INFO] Heartbeat + Metrics
2026-05-20T21:18:07 [INFO] Heartbeat + Metrics
2026-05-20T21:18:16 [INFO] Heartbeat + Metrics
2026-05-20T21:18:24 [INFO] Heartbeat + Metrics
2026-05-20T21:18:33 [INFO] Heartbeat + Metrics
2026-05-20T21:18:41 [INFO] Heartbeat + Metrics
2026-05-20T21:18:50 [INFO] Heartbeat + Metrics
2026-05-20T21:18:58 [INFO] Heartbeat + Metrics
2026-05-20T21:19:07 [INFO] Heartbeat + Metrics
2026-05-20T21:19:15 [INFO] Heartbeat + Metrics
2026-05-20T21:19:24 [INFO] Heartbeat + Metrics
2026-05-20T21:19:33 [INFO] Heartbeat + Metrics
2026-05-20T21:19:41 [INFO] Heartbeat + Metrics
2026-05-20T21:19:50 [INFO] Heartbeat + Metrics
2026-05-20T21:19:58 [INFO] Heartbeat + Metrics
2026-05-20T21:20:07 [INFO] Heartbeat + Metrics
2026-05-20T21:20:15 [INFO] Heartbeat + Metrics
2026-05-20T21:20:24 [INFO] Heartbeat + Metrics
2026-05-20T21:20:32 [INFO] Heartbeat + Metrics
2026-05-20T21:20:41 [INFO] Heartbeat + Metrics
2026-05-20T21:20:49 [INFO] Heartbeat + Metrics
2026-05-20T21:20:58 [INFO] Heartbeat + Metrics
2026-05-20T21:21:06 [INFO] Heartbeat + Metrics
2026-05-20T21:21:15 [INFO] Heartbeat + Metrics
2026-05-20T21:21:23 [INFO] Heartbeat + Metrics
2026-05-20T21:21:32 [INFO] Heartbeat + Metrics
2026-05-20T21:21:41 [INFO] Heartbeat + Metrics
2026-05-20T21:21:49 [INFO] Heartbeat + Metrics
2026-05-20T21:21:58 [INFO] Heartbeat + Metrics
2026-05-20T21:22:06 [INFO] Heartbeat + Metrics
2026-05-20T21:22:15 [INFO] Heartbeat + Metrics
2026-05-20T21:22:23 [INFO] Heartbeat + Metrics
2026-05-20T21:22:32 [INFO] Heartbeat + Metrics
2026-05-20T21:22:40 [INFO] Heartbeat + Metrics
2026-05-20T21:22:49 [INFO] Heartbeat + Metrics
2026-05-20T21:22:57 [INFO] Heartbeat + Metrics
2026-05-20T21:23:06 [INFO] Heartbeat + Metrics
2026-05-20T21:23:14 [INFO] Heartbeat + Metrics
2026-05-20T21:23:23 [INFO] Heartbeat + Metrics
2026-05-20T21:23:31 [INFO] Heartbeat + Metrics
2026-05-20T21:23:40 [INFO] Heartbeat + Metrics
2026-05-20T21:23:48 [INFO] Heartbeat + Metrics
2026-05-20T21:23:57 [INFO] Heartbeat + Metrics
2026-05-20T21:24:05 [INFO] Heartbeat + Metrics
2026-05-20T21:24:14 [INFO] Heartbeat + Metrics
2026-05-20T21:24:23 [INFO] Heartbeat + Metrics
2026-05-20T21:24:31 [INFO] Heartbeat + Metrics
2026-05-20T21:24:40 [INFO] Heartbeat + Metrics
2026-05-20T21:24:48 [INFO] Heartbeat + Metrics
2026-05-20T21:24:57 [INFO] Heartbeat + Metrics
2026-05-20T21:25:05 [INFO] Heartbeat + Metrics
2026-05-20T21:25:14 [INFO] Heartbeat + Metrics
2026-05-20T21:25:22 [INFO] Heartbeat + Metrics
2026-05-20T21:25:31 [INFO] Heartbeat + Metrics
2026-05-20T21:25:39 [INFO] Heartbeat + Metrics
2026-05-20T21:25:48 [INFO] Heartbeat + Metrics
2026-05-20T21:25:57 [INFO] Heartbeat + Metrics
2026-05-20T21:26:05 [INFO] Heartbeat + Metrics
2026-05-20T21:26:14 [INFO] Heartbeat + Metrics
2026-05-20T21:26:22 [INFO] Heartbeat + Metrics
2026-05-20T21:26:31 [INFO] Heartbeat + Metrics
2026-05-20T21:26:39 [INFO] Heartbeat + Metrics
2026-05-20T21:26:48 [INFO] Heartbeat + Metrics
2026-05-20T21:26:57 [INFO] Heartbeat + Metrics
2026-05-20T21:27:05 [INFO] Heartbeat + Metrics
2026-05-20T21:27:14 [INFO] Heartbeat + Metrics
2026-05-20T21:27:22 [INFO] Heartbeat + Metrics
2026-05-20T21:27:31 [INFO] Heartbeat + Metrics
2026-05-20T21:27:40 [INFO] Heartbeat + Metrics
2026-05-20T21:27:48 [INFO] Heartbeat + Metrics
2026-05-20T21:27:57 [INFO] Heartbeat + Metrics
2026-05-20T21:28:05 [INFO] Heartbeat + Metrics
2026-05-20T21:28:14 [INFO] Heartbeat + Metrics
2026-05-20T21:28:22 [INFO] Heartbeat + Metrics
2026-05-20T21:28:31 [INFO] Heartbeat + Metrics
2026-05-20T21:28:40 [INFO] Heartbeat + Metrics
2026-05-20T21:28:48 [INFO] Heartbeat + Metrics
2026-05-20T21:28:57 [INFO] Heartbeat + Metrics
2026-05-20T21:29:06 [INFO] Heartbeat + Metrics
2026-05-20T21:29:14 [INFO] Heartbeat + Metrics
2026-05-20T21:29:23 [INFO] Heartbeat + Metrics
2026-05-20T21:29:31 [INFO] Heartbeat + Metrics
2026-05-20T21:29:40 [INFO] Heartbeat + Metrics
2026-05-20T21:29:49 [INFO] Heartbeat + Metrics
2026-05-20T21:29:57 [INFO] Heartbeat + Metrics
2026-05-20T21:30:06 [INFO] Heartbeat + Metrics
2026-05-20T21:30:15 [INFO] Heartbeat + Metrics
2026-05-20T21:30:23 [INFO] Heartbeat + Metrics
2026-05-20T21:30:32 [INFO] Heartbeat + Metrics
2026-05-20T21:30:40 [INFO] Heartbeat + Metrics
2026-05-20T21:30:49 [INFO] Heartbeat + Metrics
2026-05-20T21:30:57 [INFO] Heartbeat + Metrics
2026-05-20T21:31:06 [INFO] Heartbeat + Metrics
2026-05-20T21:31:15 [INFO] Heartbeat + Metrics
2026-05-20T21:31:23 [INFO] Heartbeat + Metrics
2026-05-20T21:31:32 [INFO] Heartbeat + Metrics
2026-05-20T21:31:41 [INFO] Heartbeat + Metrics
2026-05-20T21:31:49 [INFO] Heartbeat + Metrics
2026-05-20T21:31:57 [INFO] Heartbeat + Metrics
2026-05-20T21:32:06 [INFO] Heartbeat + Metrics
2026-05-20T21:32:15 [INFO] Heartbeat + Metrics
2026-05-20T21:32:23 [INFO] Heartbeat + Metrics
2026-05-20T21:32:32 [INFO] Heartbeat + Metrics
2026-05-20T21:32:40 [INFO] Heartbeat + Metrics
2026-05-20T21:32:49 [INFO] Heartbeat + Metrics
2026-05-20T21:32:58 [INFO] Heartbeat + Metrics
2026-05-20T21:33:06 [INFO] Heartbeat + Metrics
2026-05-20T21:33:15 [INFO] Heartbeat + Metrics
2026-05-20T21:33:23 [INFO] Heartbeat + Metrics
2026-05-20T21:33:32 [INFO] Heartbeat + Metrics
2026-05-20T21:33:41 [INFO] Heartbeat + Metrics
2026-05-20T21:33:49 [INFO] Heartbeat + Metrics
2026-05-20T21:33:58 [INFO] Heartbeat + Metrics
2026-05-20T21:34:06 [INFO] Heartbeat + Metrics
2026-05-20T21:34:15 [INFO] Heartbeat + Metrics
2026-05-20T21:34:23 [INFO] Heartbeat + Metrics
2026-05-20T21:34:32 [INFO] Heartbeat + Metrics
2026-05-20T21:34:41 [INFO] Heartbeat + Metrics
2026-05-20T21:34:49 [INFO] Heartbeat + Metrics
2026-05-20T21:34:58 [INFO] Heartbeat + Metrics
2026-05-20T21:35:06 [INFO] Heartbeat + Metrics
2026-05-20T21:35:15 [INFO] Heartbeat + Metrics
2026-05-20T21:35:24 [INFO] Heartbeat + Metrics
2026-05-20T21:35:32 [INFO] Heartbeat + Metrics
2026-05-20T21:35:41 [INFO] Heartbeat + Metrics
2026-05-20T21:35:49 [INFO] Heartbeat + Metrics
2026-05-20T21:35:58 [INFO] Heartbeat + Metrics
2026-05-20T21:36:06 [INFO] Heartbeat + Metrics
2026-05-20T21:36:15 [INFO] Heartbeat + Metrics
2026-05-20T21:36:24 [INFO] Heartbeat + Metrics
2026-05-20T21:36:32 [INFO] Heartbeat + Metrics
2026-05-20T21:36:41 [INFO] Heartbeat + Metrics
2026-05-20T21:36:49 [INFO] Heartbeat + Metrics
2026-05-20T21:36:58 [INFO] Heartbeat + Metrics
2026-05-20T21:37:06 [INFO] Heartbeat + Metrics
2026-05-20T21:37:15 [INFO] Heartbeat + Metrics
2026-05-20T21:37:23 [INFO] Heartbeat + Metrics
2026-05-20T21:37:32 [INFO] Heartbeat + Metrics
2026-05-20T21:37:41 [INFO] Heartbeat + Metrics
2026-05-20T21:37:49 [INFO] Heartbeat + Metrics
2026-05-20T21:37:58 [INFO] Heartbeat + Metrics
2026-05-20T21:38:06 [INFO] Heartbeat + Metrics
2026-05-20T21:38:15 [INFO] Heartbeat + Metrics
2026-05-20T21:38:23 [INFO] Heartbeat + Metrics
2026-05-20T21:38:32 [INFO] Heartbeat + Metrics
2026-05-20T21:38:41 [INFO] Heartbeat + Metrics
2026-05-20T21:38:49 [INFO] Heartbeat + Metrics
2026-05-20T21:38:49 [WARN] Failsafe triggered: CPU too high
2026-05-20T21:38:58 [INFO] Heartbeat + Metrics
2026-05-20T21:38:58 [WARN] Failsafe triggered: CPU too high
2026-05-20T21:39:07 [INFO] Heartbeat + Metrics
2026-05-20T21:39:07 [WARN] Desired process no longer exists (PID 12408)
2026-05-20T21:39:07 [WARN] Desired process no longer exists (PID 3344)
2026-05-20T21:39:16 [INFO] Heartbeat + Metrics
2026-05-20T21:39:16 [WARN] Desired process no longer exists (PID 12408)
2026-05-20T21:39:16 [WARN] Desired process no longer exists (PID 3344)
2026-05-20T21:39:25 [INFO] Heartbeat + Metrics
2026-05-20T21:39:25 [WARN] Failsafe triggered: CPU too high
2026-05-20T21:39:34 [INFO] Heartbeat + Metrics
2026-05-20T21:39:34 [WARN] Desired process no longer exists (PID 12408)
2026-05-20T21:39:34 [WARN] Desired process no longer exists (PID 3344)
2026-05-20T21:39:42 [INFO] Heartbeat + Metrics
2026-05-20T21:39:42 [WARN] Desired process no longer exists (PID 12408)
2026-05-20T21:39:42 [WARN] Desired process no longer exists (PID 3344)
2026-05-20T21:39:51 [INFO] Heartbeat + Metrics
2026-05-20T21:40:00 [INFO] Heartbeat + Metrics
2026-05-20T21:40:08 [INFO] Heartbeat + Metrics
2026-05-20T21:40:17 [INFO] Heartbeat + Metrics
2026-05-20T21:40:25 [INFO] Heartbeat + Metrics
2026-05-20T21:40:26 [WARN] Desired process no longer exists (PID 12408)
2026-05-20T21:40:26 [WARN] Desired process no longer exists (PID 3344)
2026-05-20T21:40:34 [INFO] Heartbeat + Metrics
2026-05-20T21:40:34 [WARN] Desired process no longer exists (PID 12408)
2026-05-20T21:40:34 [WARN] Desired process no longer exists (PID 3344)
2026-05-20T21:40:43 [INFO] Heartbeat + Metrics
2026-05-20T21:40:51 [INFO] Heartbeat + Metrics
2026-05-20T21:41:00 [INFO] Heartbeat + Metrics
2026-05-20T21:41:09 [INFO] Heartbeat + Metrics
2026-05-20T21:41:17 [INFO] Heartbeat + Metrics
2026-05-20T21:41:26 [INFO] Heartbeat + Metrics
2026-05-20T21:41:35 [INFO] Heartbeat + Metrics
2026-05-20T21:41:44 [INFO] Heartbeat + Metrics
2026-05-20T21:41:44 [WARN] Desired process no longer exists (PID 12408)
2026-05-20T21:41:44 [WARN] Desired process no longer exists (PID 3344)
2026-05-20T21:41:52 [INFO] Heartbeat + Metrics
2026-05-20T21:41:52 [WARN] Desired process no longer exists (PID 12408)
2026-05-20T21:41:52 [WARN] Desired process no longer exists (PID 3344)
2026-05-20T21:42:01 [INFO] Heartbeat + Metrics
2026-05-20T21:42:01 [WARN] Desired process no longer exists (PID 12408)
2026-05-20T21:42:01 [WARN] Desired process no longer exists (PID 3344)
2026-05-20T21:42:10 [INFO] Heartbeat + Metrics
2026-05-20T21:42:18 [INFO] Heartbeat + Metrics
2026-05-20T21:42:27 [INFO] Heartbeat + Metrics
2026-05-20T21:42:36 [INFO] Heartbeat + Metrics
2026-05-20T21:42:44 [INFO] Heartbeat + Metrics
2026-05-20T21:42:53 [INFO] Heartbeat + Metrics
2026-05-20T21:43:01 [INFO] Heartbeat + Metrics
2026-05-20T21:43:10 [INFO] Heartbeat + Metrics
2026-05-20T21:43:19 [INFO] Heartbeat + Metrics
2026-05-20T21:43:27 [INFO] Heartbeat + Metrics
2026-05-20T21:43:36 [INFO] Heartbeat + Metrics
2026-05-20T21:43:44 [INFO] Heartbeat + Metrics
2026-05-20T21:43:53 [INFO] Heartbeat + Metrics
2026-05-20T21:44:01 [INFO] Heartbeat + Metrics
2026-05-20T21:44:10 [INFO] Heartbeat + Metrics
2026-05-20T21:44:19 [INFO] Heartbeat + Metrics
2026-05-20T21:44:27 [INFO] Heartbeat + Metrics
2026-05-20T21:44:36 [INFO] Heartbeat + Metrics
2026-05-20T21:44:44 [INFO] Heartbeat + Metrics
2026-05-20T21:44:53 [INFO] Heartbeat + Metrics
2026-05-20T21:45:01 [INFO] Heartbeat + Metrics
2026-05-20T21:45:10 [INFO] Heartbeat + Metrics
2026-05-20T21:45:18 [INFO] Heartbeat + Metrics
2026-05-20T21:45:27 [INFO] Heartbeat + Metrics
2026-05-20T21:45:36 [INFO] Heartbeat + Metrics
2026-05-20T21:45:44 [INFO] Heartbeat + Metrics
2026-05-20T21:45:53 [INFO] Heartbeat + Metrics
2026-05-20T21:46:01 [INFO] Heartbeat + Metrics
2026-05-20T21:46:02 [WARN] Desired process no longer exists (PID 12408)
2026-05-20T21:46:02 [WARN] Desired process no longer exists (PID 3344)
2026-05-20T21:46:10 [INFO] Heartbeat + Metrics
2026-05-20T21:46:10 [WARN] Desired process no longer exists (PID 12408)
2026-05-20T21:46:10 [WARN] Desired process no longer exists (PID 3344)
2026-05-20T21:46:19 [INFO] Heartbeat + Metrics
2026-05-20T21:46:19 [WARN] Desired process no longer exists (PID 12408)
2026-05-20T21:46:19 [WARN] Desired process no longer exists (PID 3344)
2026-05-20T21:46:28 [INFO] Heartbeat + Metrics
2026-05-20T21:46:28 [WARN] Desired process no longer exists (PID 12408)
2026-05-20T21:46:28 [WARN] Desired process no longer exists (PID 3344)
2026-05-20T21:46:36 [INFO] Heartbeat + Metrics
2026-05-20T21:46:36 [WARN] Desired process no longer exists (PID 12408)
2026-05-20T21:46:36 [WARN] Desired process no longer exists (PID 3344)
2026-05-20T21:46:45 [INFO] Heartbeat + Metrics
2026-05-20T21:46:45 [WARN] Desired process no longer exists (PID 12408)
2026-05-20T21:46:45 [WARN] Desired process no longer exists (PID 3344)
2026-05-20T21:46:53 [INFO] Heartbeat + Metrics
2026-05-20T21:46:53 [WARN] Desired process no longer exists (PID 12408)
2026-05-20T21:46:53 [WARN] Desired process no longer exists (PID 3344)
2026-05-20T21:47:02 [INFO] Heartbeat + Metrics
2026-05-20T21:47:02 [WARN] Desired process no longer exists (PID 12408)
2026-05-20T21:47:02 [WARN] Desired process no longer exists (PID 3344)
2026-05-20T21:47:10 [INFO] Heartbeat + Metrics
2026-05-20T21:47:10 [WARN] Desired process no longer exists (PID 12408)
2026-05-20T21:47:10 [WARN] Desired process no longer exists (PID 3344)
2026-05-20T21:47:18 [INFO] Heartbeat + Metrics
2026-05-20T21:47:18 [WARN] Desired process no longer exists (PID 12408)
2026-05-20T21:47:18 [WARN] Desired process no longer exists (PID 3344)
2026-05-20T21:47:27 [INFO] Heartbeat + Metrics
2026-05-20T21:47:36 [INFO] Heartbeat + Metrics
2026-05-20T21:47:44 [INFO] Heartbeat + Metrics
2026-05-20T21:47:52 [INFO] Heartbeat + Metrics
2026-05-20T21:48:01 [INFO] Heartbeat + Metrics
2026-05-20T21:48:09 [INFO] Heartbeat + Metrics
2026-05-20T21:48:18 [INFO] Heartbeat + Metrics
2026-05-20T21:48:26 [INFO] Heartbeat + Metrics
2026-05-20T21:48:34 [INFO] Heartbeat + Metrics
2026-05-20T21:48:43 [INFO] Heartbeat + Metrics
2026-05-20T21:48:52 [INFO] Heartbeat + Metrics
2026-05-20T21:49:00 [INFO] Heartbeat + Metrics
2026-05-20T21:49:08 [INFO] Heartbeat + Metrics
2026-05-20T21:49:17 [INFO] Heartbeat + Metrics
2026-05-20T21:49:17 [WARN] Desired process no longer exists (PID 12408)
2026-05-20T21:49:17 [WARN] Desired process no longer exists (PID 3344)
2026-05-20T21:49:25 [INFO] Heartbeat + Metrics
2026-05-20T21:49:34 [INFO] Heartbeat + Metrics
2026-05-20T21:49:42 [INFO] Heartbeat + Metrics
2026-05-20T21:49:51 [INFO] Heartbeat + Metrics
2026-05-20T21:50:00 [INFO] Heartbeat + Metrics
2026-05-20T21:50:00 [WARN] Failsafe triggered: CPU too high
2026-05-20T21:50:10 [INFO] Heartbeat + Metrics
2026-05-20T21:50:10 [WARN] Failsafe triggered: CPU too high
2026-05-20T21:50:19 [INFO] Heartbeat + Metrics
2026-05-20T21:50:19 [WARN] Failsafe triggered: CPU too high
2026-05-20T21:50:28 [INFO] Heartbeat + Metrics
2026-05-20T21:50:28 [WARN] Failsafe triggered: CPU too high
2026-05-20T21:50:37 [INFO] Heartbeat + Metrics
2026-05-20T21:50:37 [WARN] Failsafe triggered: CPU too high
2026-05-20T21:50:46 [INFO] Heartbeat + Metrics
2026-05-20T21:50:46 [WARN] Failsafe triggered: CPU too high
2026-05-20T21:50:55 [INFO] Heartbeat + Metrics
2026-05-20T21:51:04 [INFO] Heartbeat + Metrics
2026-05-20T21:51:04 [WARN] Failsafe triggered: CPU too high
2026-05-20T21:51:13 [INFO] Heartbeat + Metrics
2026-05-20T21:51:13 [WARN] Failsafe triggered: CPU too high
2026-05-20T21:51:22 [INFO] Heartbeat + Metrics
2026-05-20T21:51:22 [WARN] Failsafe triggered: CPU too high
2026-05-20T21:51:31 [INFO] Heartbeat + Metrics
2026-05-20T21:51:40 [INFO] Heartbeat + Metrics
2026-05-20T21:51:48 [INFO] Heartbeat + Metrics
2026-05-20T21:51:57 [INFO] Heartbeat + Metrics
2026-05-20T21:52:05 [INFO] Heartbeat + Metrics
2026-05-20T21:52:14 [INFO] Heartbeat + Metrics
2026-05-20T21:52:22 [INFO] Heartbeat + Metrics
2026-05-20T21:52:31 [INFO] Heartbeat + Metrics
2026-05-20T21:52:39 [INFO] Heartbeat + Metrics
2026-05-20T21:52:48 [INFO] Heartbeat + Metrics
2026-05-20T21:52:57 [INFO] Heartbeat + Metrics
2026-05-20T21:53:05 [INFO] Heartbeat + Metrics
2026-05-20T21:53:14 [INFO] Heartbeat + Metrics
2026-05-20T21:53:22 [INFO] Heartbeat + Metrics
2026-05-20T21:53:31 [INFO] Heartbeat + Metrics
2026-05-20T21:53:40 [INFO] Heartbeat + Metrics
2026-05-20T21:53:48 [INFO] Heartbeat + Metrics
2026-05-20T21:53:57 [INFO] Heartbeat + Metrics
2026-05-20T21:54:06 [INFO] Heartbeat + Metrics
2026-05-20T21:54:14 [INFO] Heartbeat + Metrics
2026-05-20T21:54:23 [INFO] Heartbeat + Metrics
2026-05-20T21:54:31 [INFO] Heartbeat + Metrics
2026-05-20T21:54:40 [INFO] Heartbeat + Metrics
2026-05-20T21:54:48 [INFO] Heartbeat + Metrics
2026-05-20T21:54:57 [INFO] Heartbeat + Metrics
2026-05-20T21:55:05 [INFO] Heartbeat + Metrics
2026-05-20T21:55:14 [INFO] Heartbeat + Metrics
2026-05-20T21:55:23 [INFO] Heartbeat + Metrics
2026-05-20T21:55:31 [INFO] Heartbeat + Metrics
2026-05-20T21:55:40 [INFO] Heartbeat + Metrics
2026-05-20T21:55:48 [INFO] Heartbeat + Metrics
2026-05-20T21:55:57 [INFO] Heartbeat + Metrics
2026-05-20T21:56:05 [INFO] Heartbeat + Metrics
2026-05-20T21:56:14 [INFO] Heartbeat + Metrics
2026-05-20T21:56:23 [INFO] Heartbeat + Metrics
2026-05-20T21:56:31 [INFO] Heartbeat + Metrics
2026-05-20T21:56:40 [INFO] Heartbeat + Metrics
2026-05-20T21:56:48 [INFO] Heartbeat + Metrics
2026-05-20T21:56:57 [INFO] Heartbeat + Metrics
2026-05-20T21:57:06 [INFO] Heartbeat + Metrics
2026-05-20T21:57:14 [INFO] Heartbeat + Metrics
2026-05-20T21:57:23 [INFO] Heartbeat + Metrics
2026-05-20T21:57:31 [INFO] Heartbeat + Metrics
2026-05-20T21:57:40 [INFO] Heartbeat + Metrics
2026-05-20T21:57:48 [INFO] Heartbeat + Metrics
2026-05-20T21:57:57 [INFO] Heartbeat + Metrics
2026-05-20T21:58:06 [INFO] Heartbeat + Metrics
2026-05-20T21:58:14 [INFO] Heartbeat + Metrics
2026-05-20T21:58:22 [INFO] Heartbeat + Metrics
2026-05-20T21:58:32 [INFO] Heartbeat + Metrics
2026-05-20T21:58:41 [INFO] Heartbeat + Metrics
2026-05-20T21:58:49 [INFO] Heartbeat + Metrics
2026-05-20T21:58:58 [INFO] Heartbeat + Metrics
2026-05-20T21:59:06 [INFO] Heartbeat + Metrics
2026-05-20T21:59:15 [INFO] Heartbeat + Metrics
2026-05-20T21:59:24 [INFO] Heartbeat + Metrics
2026-05-20T21:59:32 [INFO] Heartbeat + Metrics
2026-05-20T21:59:41 [INFO] Heartbeat + Metrics
2026-05-20T21:59:49 [INFO] Heartbeat + Metrics
2026-05-20T21:59:58 [INFO] Heartbeat + Metrics
2026-05-20T22:00:07 [INFO] Heartbeat + Metrics
2026-05-20T22:00:16 [INFO] Heartbeat + Metrics
2026-05-20T22:00:24 [INFO] Heartbeat + Metrics
2026-05-20T22:00:34 [INFO] Heartbeat + Metrics
2026-05-20T22:00:42 [INFO] Heartbeat + Metrics
2026-05-20T22:00:51 [INFO] Heartbeat + Metrics
2026-05-20T22:01:00 [INFO] Heartbeat + Metrics
2026-05-20T22:01:08 [INFO] Heartbeat + Metrics
2026-05-20T22:01:17 [INFO] Heartbeat + Metrics
2026-05-20T22:01:26 [INFO] Heartbeat + Metrics
2026-05-20T22:01:34 [INFO] Heartbeat + Metrics
2026-05-20T22:01:43 [INFO] Heartbeat + Metrics
2026-05-20T22:01:52 [INFO] Heartbeat + Metrics
2026-05-20T22:02:00 [INFO] Heartbeat + Metrics
2026-05-20T22:02:09 [INFO] Heartbeat + Metrics
2026-05-20T22:02:17 [INFO] Heartbeat + Metrics
2026-05-20T22:02:26 [INFO] Heartbeat + Metrics
2026-05-20T22:02:35 [INFO] Heartbeat + Metrics
2026-05-20T22:02:43 [INFO] Heartbeat + Metrics
2026-05-20T22:02:52 [INFO] Heartbeat + Metrics
2026-05-20T22:03:00 [INFO] Heartbeat + Metrics
2026-05-20T22:03:09 [INFO] Heartbeat + Metrics
2026-05-20T22:03:17 [INFO] Heartbeat + Metrics
2026-05-20T22:03:26 [INFO] Heartbeat + Metrics
2026-05-20T22:03:34 [INFO] Heartbeat + Metrics
2026-05-20T22:03:43 [INFO] Heartbeat + Metrics
2026-05-20T22:03:52 [INFO] Heartbeat + Metrics
2026-05-20T22:04:00 [INFO] Heartbeat + Metrics
2026-05-20T22:04:09 [INFO] Heartbeat + Metrics
2026-05-20T22:04:17 [INFO] Heartbeat + Metrics
2026-05-20T22:04:26 [INFO] Heartbeat + Metrics
2026-05-20T22:04:35 [INFO] Heartbeat + Metrics
2026-05-20T22:04:35 [WARN] Desired process no longer exists (PID 12408)
2026-05-20T22:04:35 [WARN] Desired process no longer exists (PID 3344)
2026-05-20T22:04:43 [INFO] Heartbeat + Metrics
2026-05-20T22:04:43 [WARN] Desired process no longer exists (PID 12408)
2026-05-20T22:04:43 [WARN] Desired process no longer exists (PID 3344)
2026-05-20T22:04:52 [INFO] Heartbeat + Metrics
2026-05-20T22:04:52 [WARN] Desired process no longer exists (PID 12408)
2026-05-20T22:04:52 [WARN] Desired process no longer exists (PID 3344)
2026-05-20T22:05:01 [INFO] Heartbeat + Metrics
2026-05-20T22:05:09 [INFO] Heartbeat + Metrics
2026-05-20T22:05:18 [INFO] Heartbeat + Metrics
2026-05-20T22:05:26 [INFO] Heartbeat + Metrics
2026-05-20T22:05:35 [INFO] Heartbeat + Metrics
2026-05-20T22:05:43 [INFO] Heartbeat + Metrics
2026-05-20T22:05:52 [INFO] Heartbeat + Metrics
2026-05-20T22:06:01 [INFO] Heartbeat + Metrics
2026-05-20T22:06:09 [INFO] Heartbeat + Metrics
2026-05-20T22:06:18 [INFO] Heartbeat + Metrics
2026-05-20T22:06:26 [INFO] Heartbeat + Metrics
2026-05-20T22:06:35 [INFO] Heartbeat + Metrics
2026-05-20T22:06:43 [INFO] Heartbeat + Metrics
2026-05-20T22:06:43 [WARN] Desired process no longer exists (PID 12408)
2026-05-20T22:06:43 [WARN] Desired process no longer exists (PID 3344)
2026-05-20T22:06:52 [INFO] Heartbeat + Metrics
2026-05-20T22:07:01 [INFO] Heartbeat + Metrics
2026-05-20T22:07:09 [INFO] Heartbeat + Metrics
2026-05-20T22:07:18 [INFO] Heartbeat + Metrics
2026-05-20T22:07:26 [INFO] Heartbeat + Metrics
2026-05-20T22:07:35 [INFO] Heartbeat + Metrics
2026-05-20T22:07:43 [INFO] Heartbeat + Metrics
2026-05-20T22:07:52 [INFO] Heartbeat + Metrics
2026-05-20T22:08:01 [INFO] Heartbeat + Metrics
2026-05-20T22:08:09 [INFO] Heartbeat + Metrics
2026-05-20T22:08:18 [INFO] Heartbeat + Metrics
2026-05-20T22:08:26 [INFO] Heartbeat + Metrics
2026-05-20T22:08:35 [INFO] Heartbeat + Metrics
2026-05-20T22:08:43 [INFO] Heartbeat + Metrics
2026-05-20T22:08:52 [INFO] Heartbeat + Metrics
2026-05-20T22:09:00 [INFO] Heartbeat + Metrics
2026-05-20T22:09:09 [INFO] Heartbeat + Metrics
2026-05-20T22:09:18 [INFO] Heartbeat + Metrics
2026-05-20T22:09:26 [INFO] Heartbeat + Metrics
2026-05-20T22:09:35 [INFO] Heartbeat + Metrics
2026-05-20T22:09:43 [INFO] Heartbeat + Metrics
2026-05-20T22:09:52 [INFO] Heartbeat + Metrics
2026-05-20T22:10:00 [INFO] Heartbeat + Metrics
2026-05-20T22:10:09 [INFO] Heartbeat + Metrics
2026-05-20T22:10:18 [INFO] Heartbeat + Metrics
2026-05-20T22:10:26 [INFO] Heartbeat + Metrics
2026-05-20T22:10:35 [INFO] Heartbeat + Metrics
2026-05-20T22:10:43 [INFO] Heartbeat + Metrics
2026-05-20T22:10:52 [INFO] Heartbeat + Metrics
2026-05-20T22:11:00 [INFO] Heartbeat + Metrics
2026-05-20T22:11:09 [INFO] Heartbeat + Metrics
2026-05-20T22:11:17 [INFO] Heartbeat + Metrics
2026-05-20T22:11:26 [INFO] Heartbeat + Metrics
2026-05-20T22:11:34 [INFO] Heartbeat + Metrics
2026-05-20T22:11:43 [INFO] Heartbeat + Metrics
2026-05-20T22:11:51 [INFO] Heartbeat + Metrics
2026-05-20T22:12:00 [INFO] Heartbeat + Metrics
2026-05-20T22:12:08 [INFO] Heartbeat + Metrics
2026-05-20T22:12:17 [INFO] Heartbeat + Metrics
2026-05-20T22:12:26 [INFO] Heartbeat + Metrics
2026-05-20T22:12:34 [INFO] Heartbeat + Metrics
2026-05-20T22:12:43 [INFO] Heartbeat + Metrics
2026-05-20T22:12:51 [INFO] Heartbeat + Metrics
2026-05-20T22:13:00 [INFO] Heartbeat + Metrics
2026-05-20T22:13:08 [INFO] Heartbeat + Metrics
2026-05-20T22:13:17 [INFO] Heartbeat + Metrics
2026-05-20T22:13:25 [INFO] Heartbeat + Metrics
2026-05-20T22:13:34 [INFO] Heartbeat + Metrics
2026-05-20T22:13:42 [INFO] Heartbeat + Metrics
2026-05-20T22:13:51 [INFO] Heartbeat + Metrics
2026-05-20T22:13:59 [INFO] Heartbeat + Metrics
2026-05-20T22:14:08 [INFO] Heartbeat + Metrics
2026-05-20T22:14:17 [INFO] Heartbeat + Metrics
2026-05-20T22:14:25 [INFO] Heartbeat + Metrics
2026-05-20T22:14:33 [INFO] Heartbeat + Metrics
2026-05-20T22:14:42 [INFO] Heartbeat + Metrics
2026-05-20T22:14:51 [INFO] Heartbeat + Metrics
2026-05-20T22:14:59 [INFO] Heartbeat + Metrics
2026-05-20T22:15:08 [INFO] Heartbeat + Metrics
2026-05-20T22:15:16 [INFO] Heartbeat + Metrics
2026-05-20T22:15:25 [INFO] Heartbeat + Metrics
2026-05-20T22:15:33 [INFO] Heartbeat + Metrics
2026-05-20T22:15:42 [INFO] Heartbeat + Metrics
2026-05-20T22:15:50 [INFO] Heartbeat + Metrics
2026-05-20T22:15:59 [INFO] Heartbeat + Metrics
2026-05-20T22:16:07 [INFO] Heartbeat + Metrics
2026-05-20T22:16:16 [INFO] Heartbeat + Metrics
2026-05-20T22:16:24 [INFO] Heartbeat + Metrics
2026-05-20T22:16:33 [INFO] Heartbeat + Metrics
2026-05-20T22:16:41 [INFO] Heartbeat + Metrics
2026-05-20T22:16:50 [INFO] Heartbeat + Metrics
2026-05-20T22:16:59 [INFO] Heartbeat + Metrics
2026-05-20T22:17:07 [INFO] Heartbeat + Metrics
2026-05-20T22:17:16 [INFO] Heartbeat + Metrics
2026-05-20T22:17:24 [INFO] Heartbeat + Metrics
2026-05-20T22:17:33 [INFO] Heartbeat + Metrics
2026-05-20T22:17:41 [INFO] Heartbeat + Metrics
2026-05-20T22:17:50 [INFO] Heartbeat + Metrics
2026-05-20T22:17:58 [INFO] Heartbeat + Metrics
2026-05-20T22:18:07 [INFO] Heartbeat + Metrics
2026-05-20T22:18:16 [INFO] Heartbeat + Metrics
2026-05-20T22:18:24 [INFO] Heartbeat + Metrics
2026-05-20T22:18:33 [INFO] Heartbeat + Metrics
2026-05-20T22:18:41 [INFO] Heartbeat + Metrics
2026-05-20T22:18:50 [INFO] Heartbeat + Metrics
2026-05-20T22:18:59 [INFO] Heartbeat + Metrics
2026-05-20T22:19:07 [INFO] Heartbeat + Metrics
2026-05-20T22:19:16 [INFO] Heartbeat + Metrics
2026-05-20T22:19:24 [INFO] Heartbeat + Metrics
2026-05-20T22:19:33 [INFO] Heartbeat + Metrics
2026-05-20T22:19:41 [INFO] Heartbeat + Metrics
2026-05-20T22:19:50 [INFO] Heartbeat + Metrics
2026-05-20T22:19:58 [INFO] Heartbeat + Metrics
2026-05-20T22:20:07 [INFO] Heartbeat + Metrics
2026-05-20T22:20:16 [INFO] Heartbeat + Metrics
2026-05-20T22:20:24 [INFO] Heartbeat + Metrics
2026-05-20T22:20:33 [INFO] Heartbeat + Metrics
2026-05-20T22:20:41 [INFO] Heartbeat + Metrics
2026-05-20T22:20:50 [INFO] Heartbeat + Metrics
2026-05-20T22:20:58 [INFO] Heartbeat + Metrics
2026-05-20T22:21:07 [INFO] Heartbeat + Metrics
2026-05-20T22:21:15 [INFO] Heartbeat + Metrics
2026-05-20T22:21:24 [INFO] Heartbeat + Metrics
2026-05-20T22:21:33 [INFO] Heartbeat + Metrics
2026-05-20T22:21:41 [INFO] Heartbeat + Metrics
2026-05-20T22:21:50 [INFO] Heartbeat + Metrics
2026-05-20T22:21:59 [INFO] Heartbeat + Metrics
2026-05-20T22:22:07 [INFO] Heartbeat + Metrics
2026-05-20T22:22:16 [INFO] Heartbeat + Metrics
2026-05-20T22:22:24 [INFO] Heartbeat + Metrics
2026-05-20T22:22:33 [INFO] Heartbeat + Metrics
2026-05-20T22:22:42 [INFO] Heartbeat + Metrics
2026-05-20T22:22:50 [INFO] Heartbeat + Metrics
2026-05-20T22:22:58 [INFO] Heartbeat + Metrics
2026-05-20T22:23:07 [INFO] Heartbeat + Metrics
2026-05-20T22:23:15 [INFO] Heartbeat + Metrics
2026-05-20T22:23:24 [INFO] Heartbeat + Metrics
2026-05-20T22:23:32 [INFO] Heartbeat + Metrics
2026-05-20T22:23:41 [INFO] Heartbeat + Metrics
2026-05-20T22:23:50 [INFO] Heartbeat + Metrics
2026-05-20T22:23:58 [INFO] Heartbeat + Metrics
2026-05-20T22:24:07 [INFO] Heartbeat + Metrics
2026-05-20T22:24:15 [INFO] Heartbeat + Metrics
2026-05-20T22:24:23 [INFO] Heartbeat + Metrics
2026-05-20T22:24:32 [INFO] Heartbeat + Metrics
2026-05-20T22:24:41 [INFO] Heartbeat + Metrics
2026-05-20T22:24:49 [INFO] Heartbeat + Metrics
2026-05-20T22:24:57 [INFO] Heartbeat + Metrics
2026-05-20T22:25:06 [INFO] Heartbeat + Metrics
2026-05-20T22:25:14 [INFO] Heartbeat + Metrics
2026-05-20T22:25:23 [INFO] Heartbeat + Metrics
2026-05-20T22:25:31 [INFO] Heartbeat + Metrics
2026-05-20T22:25:40 [INFO] Heartbeat + Metrics
2026-05-20T22:25:48 [INFO] Heartbeat + Metrics
2026-05-20T22:25:57 [INFO] Heartbeat + Metrics
2026-05-20T22:26:05 [INFO] Heartbeat + Metrics
2026-05-20T22:26:14 [INFO] Heartbeat + Metrics
2026-05-20T22:26:22 [INFO] Heartbeat + Metrics
2026-05-20T22:26:31 [INFO] Heartbeat + Metrics
2026-05-20T22:26:40 [INFO] Heartbeat + Metrics
2026-05-20T22:26:49 [INFO] Heartbeat + Metrics
2026-05-20T22:26:58 [INFO] Heartbeat + Metrics
2026-05-20T22:27:07 [INFO] Heartbeat + Metrics
2026-05-20T22:27:16 [INFO] Heartbeat + Metrics
2026-05-20T22:27:26 [INFO] Heartbeat + Metrics
2026-05-20T22:27:26 [WARN] Failsafe triggered: CPU too high
2026-05-20T22:27:35 [INFO] Heartbeat + Metrics
2026-05-20T22:27:44 [INFO] Heartbeat + Metrics
2026-05-20T22:27:53 [INFO] Heartbeat + Metrics
2026-05-20T22:28:02 [INFO] Heartbeat + Metrics
2026-05-20T22:28:11 [INFO] Heartbeat + Metrics
2026-05-20T22:28:20 [INFO] Heartbeat + Metrics
2026-05-20T22:28:29 [INFO] Heartbeat + Metrics
2026-05-20T22:28:38 [INFO] Heartbeat + Metrics
2026-05-20T22:28:46 [INFO] Heartbeat + Metrics
2026-05-20T22:28:55 [INFO] Heartbeat + Metrics
2026-05-20T22:29:04 [INFO] Heartbeat + Metrics
2026-05-20T22:29:13 [INFO] Heartbeat + Metrics
2026-05-20T22:29:22 [INFO] Heartbeat + Metrics
2026-05-20T22:29:31 [INFO] Heartbeat + Metrics
2026-05-20T22:29:40 [INFO] Heartbeat + Metrics
2026-05-20T22:29:49 [INFO] Heartbeat + Metrics
2026-05-20T22:29:57 [INFO] Heartbeat + Metrics
2026-05-20T22:30:06 [INFO] Heartbeat + Metrics
2026-05-20T22:30:15 [INFO] Heartbeat + Metrics
2026-05-20T22:30:15 [WARN] Failsafe triggered: CPU too high
2026-05-20T22:30:24 [INFO] Heartbeat + Metrics
2026-05-20T22:30:33 [INFO] Heartbeat + Metrics
2026-05-20T22:30:42 [INFO] Heartbeat + Metrics
2026-05-20T22:30:51 [INFO] Heartbeat + Metrics
2026-05-20T22:31:00 [INFO] Heartbeat + Metrics
2026-05-20T22:31:09 [INFO] Heartbeat + Metrics
2026-05-20T22:31:18 [INFO] Heartbeat + Metrics
2026-05-20T22:31:27 [INFO] Heartbeat + Metrics
2026-05-20T22:31:36 [INFO] Heartbeat + Metrics
2026-05-20T22:31:45 [INFO] Heartbeat + Metrics
2026-05-20T22:31:53 [INFO] Heartbeat + Metrics
2026-05-20T22:32:02 [INFO] Heartbeat + Metrics
2026-05-20T22:32:11 [INFO] Heartbeat + Metrics
2026-05-20T22:32:20 [INFO] Heartbeat + Metrics
2026-05-20T22:32:29 [INFO] Heartbeat + Metrics
2026-05-20T22:32:38 [INFO] Heartbeat + Metrics
2026-05-20T22:32:47 [INFO] Heartbeat + Metrics
2026-05-20T22:32:56 [INFO] Heartbeat + Metrics
2026-05-20T22:33:08 [INFO] Heartbeat + Metrics
2026-05-20T22:33:17 [INFO] Heartbeat + Metrics
2026-05-20T22:33:26 [INFO] Heartbeat + Metrics
2026-05-20T22:33:35 [INFO] Heartbeat + Metrics
2026-05-20T22:33:44 [INFO] Heartbeat + Metrics
2026-05-20T22:33:52 [INFO] Heartbeat + Metrics
2026-05-20T22:34:01 [INFO] Heartbeat + Metrics
2026-05-20T22:34:10 [INFO] Heartbeat + Metrics
2026-05-20T22:34:19 [INFO] Heartbeat + Metrics
2026-05-20T22:34:28 [INFO] Heartbeat + Metrics
2026-05-20T22:34:37 [INFO] Heartbeat + Metrics
2026-05-20T22:34:46 [INFO] Heartbeat + Metrics
2026-05-20T22:34:55 [INFO] Heartbeat + Metrics
2026-05-20T22:35:04 [INFO] Heartbeat + Metrics
2026-05-20T22:35:13 [INFO] Heartbeat + Metrics
2026-05-20T22:35:22 [INFO] Heartbeat + Metrics
2026-05-20T22:35:22 [WARN] Failsafe triggered: CPU too high
2026-05-20T22:35:31 [INFO] Heartbeat + Metrics
2026-05-20T22:35:40 [INFO] Heartbeat + Metrics
2026-05-20T22:35:49 [INFO] Heartbeat + Metrics
2026-05-20T22:35:58 [INFO] Heartbeat + Metrics
2026-05-20T22:36:07 [INFO] Heartbeat + Metrics
2026-05-20T22:36:16 [INFO] Heartbeat + Metrics
2026-05-20T22:36:24 [INFO] Heartbeat + Metrics
2026-05-20T22:36:33 [INFO] Heartbeat + Metrics
2026-05-20T22:36:42 [INFO] Heartbeat + Metrics
2026-05-20T22:36:51 [INFO] Heartbeat + Metrics
2026-05-20T22:37:00 [INFO] Heartbeat + Metrics
2026-05-20T22:37:09 [INFO] Heartbeat + Metrics
2026-05-20T22:37:18 [INFO] Heartbeat + Metrics
2026-05-20T22:37:27 [INFO] Heartbeat + Metrics
2026-05-20T22:37:35 [INFO] Heartbeat + Metrics
2026-05-20T22:37:44 [INFO] Heartbeat + Metrics
2026-05-20T22:37:53 [INFO] Heartbeat + Metrics
2026-05-20T22:38:02 [INFO] Heartbeat + Metrics
2026-05-20T22:38:11 [INFO] Heartbeat + Metrics
2026-05-20T22:38:20 [INFO] Heartbeat + Metrics
2026-05-20T22:38:29 [INFO] Heartbeat + Metrics
2026-05-20T22:38:38 [INFO] Heartbeat + Metrics
2026-05-20T22:38:47 [INFO] Heartbeat + Metrics
2026-05-20T22:38:56 [INFO] Heartbeat + Metrics
2026-05-20T22:39:05 [INFO] Heartbeat + Metrics
2026-05-20T22:39:13 [INFO] Heartbeat + Metrics
2026-05-20T22:39:22 [INFO] Heartbeat + Metrics
2026-05-20T22:39:31 [INFO] Heartbeat + Metrics
2026-05-20T22:39:40 [INFO] Heartbeat + Metrics
2026-05-20T22:39:49 [INFO] Heartbeat + Metrics
2026-05-20T22:39:58 [INFO] Heartbeat + Metrics
2026-05-20T22:40:07 [INFO] Heartbeat + Metrics
2026-05-20T22:40:16 [INFO] Heartbeat + Metrics
2026-05-20T22:40:25 [INFO] Heartbeat + Metrics
2026-05-20T22:40:33 [INFO] Heartbeat + Metrics
2026-05-20T22:40:44 [INFO] Heartbeat + Metrics
2026-05-20T22:40:53 [INFO] Heartbeat + Metrics
2026-05-20T22:41:02 [INFO] Heartbeat + Metrics
2026-05-20T22:41:11 [INFO] Heartbeat + Metrics
2026-05-20T22:41:20 [INFO] Heartbeat + Metrics
2026-05-20T22:41:29 [INFO] Heartbeat + Metrics
2026-05-20T22:41:38 [INFO] Heartbeat + Metrics
2026-05-20T22:41:47 [INFO] Heartbeat + Metrics
2026-05-20T22:41:56 [INFO] Heartbeat + Metrics
2026-05-20T22:42:05 [INFO] Heartbeat + Metrics
2026-05-20T22:42:14 [INFO] Heartbeat + Metrics
2026-05-20T22:42:23 [INFO] Heartbeat + Metrics
2026-05-20T22:42:32 [INFO] Heartbeat + Metrics
2026-05-20T22:42:42 [INFO] Heartbeat + Metrics
2026-05-20T22:42:55 [INFO] Heartbeat + Metrics
2026-05-20T22:42:55 [WARN] Failsafe triggered: CPU too high
2026-05-20T22:43:05 [INFO] Heartbeat + Metrics
2026-05-20T22:43:05 [WARN] Failsafe triggered: CPU too high
2026-05-20T22:43:14 [INFO] Heartbeat + Metrics
2026-05-20T22:43:23 [INFO] Heartbeat + Metrics
2026-05-20T22:43:23 [WARN] Failsafe triggered: CPU too high
2026-05-20T22:43:32 [INFO] Heartbeat + Metrics
2026-05-20T22:43:41 [INFO] Heartbeat + Metrics
2026-05-20T22:43:50 [INFO] Heartbeat + Metrics
2026-05-20T22:44:00 [INFO] Heartbeat + Metrics
2026-05-20T22:44:09 [INFO] Heartbeat + Metrics
2026-05-20T22:44:18 [INFO] Heartbeat + Metrics
2026-05-20T22:44:27 [INFO] Heartbeat + Metrics
2026-05-20T22:44:37 [INFO] Heartbeat + Metrics
2026-05-20T22:44:37 [WARN] Failsafe triggered: CPU too high
2026-05-20T22:44:46 [INFO] Heartbeat + Metrics
2026-05-20T22:44:55 [INFO] Heartbeat + Metrics
2026-05-20T22:45:04 [INFO] Heartbeat + Metrics
2026-05-20T22:45:13 [INFO] Heartbeat + Metrics
2026-05-20T22:45:22 [INFO] Heartbeat + Metrics
2026-05-20T22:45:31 [INFO] Heartbeat + Metrics
2026-05-20T22:45:40 [INFO] Heartbeat + Metrics
2026-05-20T22:45:49 [INFO] Heartbeat + Metrics
2026-05-20T22:45:58 [INFO] Heartbeat + Metrics
2026-05-20T22:46:07 [INFO] Heartbeat + Metrics
2026-05-20T22:46:17 [INFO] Heartbeat + Metrics
2026-05-20T22:46:26 [INFO] Heartbeat + Metrics
2026-05-20T22:46:35 [INFO] Heartbeat + Metrics
2026-05-20T22:46:44 [INFO] Heartbeat + Metrics
2026-05-20T22:46:53 [INFO] Heartbeat + Metrics
2026-05-20T22:47:02 [INFO] Heartbeat + Metrics
2026-05-20T22:47:11 [INFO] Heartbeat + Metrics
2026-05-20T22:47:20 [INFO] Heartbeat + Metrics
2026-05-20T22:47:29 [INFO] Heartbeat + Metrics
2026-05-20T22:47:38 [INFO] Heartbeat + Metrics
2026-05-20T22:47:47 [INFO] Heartbeat + Metrics
2026-05-20T22:47:56 [INFO] Heartbeat + Metrics
2026-05-20T22:48:05 [INFO] Heartbeat + Metrics
2026-05-20T22:48:14 [INFO] Heartbeat + Metrics
2026-05-20T22:48:23 [INFO] Heartbeat + Metrics
2026-05-20T22:48:32 [INFO] Heartbeat + Metrics
2026-05-20T22:48:41 [INFO] Heartbeat + Metrics
2026-05-20T22:48:50 [INFO] Heartbeat + Metrics
2026-05-20T22:48:59 [INFO] Heartbeat + Metrics
2026-05-20T22:49:08 [INFO] Heartbeat + Metrics
2026-05-20T22:49:17 [INFO] Heartbeat + Metrics
2026-05-20T22:49:26 [INFO] Heartbeat + Metrics
2026-05-20T22:49:35 [INFO] Heartbeat + Metrics
2026-05-20T22:49:44 [INFO] Heartbeat + Metrics
2026-05-20T22:49:53 [INFO] Heartbeat + Metrics
2026-05-20T22:50:02 [INFO] Heartbeat + Metrics
2026-05-20T22:50:21 [INFO] Heartbeat + Metrics
2026-05-20T22:50:31 [INFO] Heartbeat + Metrics
2026-05-20T22:50:40 [INFO] Heartbeat + Metrics
2026-05-20T22:50:49 [INFO] Heartbeat + Metrics
2026-05-20T22:50:58 [INFO] Heartbeat + Metrics
2026-05-20T22:51:07 [INFO] Heartbeat + Metrics
2026-05-20T22:51:16 [INFO] Heartbeat + Metrics
2026-05-20T22:51:25 [INFO] Heartbeat + Metrics
2026-05-20T22:51:34 [INFO] Heartbeat + Metrics
2026-05-20T22:51:44 [INFO] Heartbeat + Metrics
2026-05-20T22:51:53 [INFO] Heartbeat + Metrics
2026-05-20T22:52:02 [INFO] Heartbeat + Metrics
2026-05-20T22:52:11 [INFO] Heartbeat + Metrics
2026-05-20T22:52:20 [INFO] Heartbeat + Metrics
2026-05-20T22:52:29 [INFO] Heartbeat + Metrics
2026-05-20T22:52:38 [INFO] Heartbeat + Metrics
2026-05-20T22:52:47 [INFO] Heartbeat + Metrics
2026-05-20T22:52:56 [INFO] Heartbeat + Metrics
2026-05-20T22:53:05 [INFO] Heartbeat + Metrics
2026-05-20T22:53:14 [INFO] Heartbeat + Metrics
2026-05-20T22:53:23 [INFO] Heartbeat + Metrics
2026-05-20T22:53:32 [INFO] Heartbeat + Metrics
2026-05-20T22:53:41 [INFO] Heartbeat + Metrics
2026-05-20T22:53:50 [INFO] Heartbeat + Metrics
2026-05-20T22:53:59 [INFO] Heartbeat + Metrics
2026-05-20T22:54:08 [INFO] Heartbeat + Metrics
2026-05-20T22:54:18 [INFO] Heartbeat + Metrics
2026-05-20T22:54:18 [WARN] Failsafe triggered: CPU too high
2026-05-20T22:54:27 [INFO] Heartbeat + Metrics
2026-05-20T22:54:36 [INFO] Heartbeat + Metrics
2026-05-20T22:54:46 [INFO] Heartbeat + Metrics
2026-05-20T22:54:55 [INFO] Heartbeat + Metrics
2026-05-20T22:55:04 [INFO] Heartbeat + Metrics
2026-05-20T22:55:13 [INFO] Heartbeat + Metrics
2026-05-20T22:55:22 [INFO] Heartbeat + Metrics
2026-05-20T22:55:31 [INFO] Heartbeat + Metrics
2026-05-20T22:55:40 [INFO] Heartbeat + Metrics
2026-05-20T22:55:49 [INFO] Heartbeat + Metrics
2026-05-20T22:55:58 [INFO] Heartbeat + Metrics
2026-05-20T22:56:07 [INFO] Heartbeat + Metrics
2026-05-20T22:56:16 [INFO] Heartbeat + Metrics
2026-05-20T22:56:25 [INFO] Heartbeat + Metrics
2026-05-20T22:56:34 [INFO] Heartbeat + Metrics
2026-05-20T22:56:43 [INFO] Heartbeat + Metrics
2026-05-20T22:56:52 [INFO] Heartbeat + Metrics
2026-05-20T22:57:01 [INFO] Heartbeat + Metrics
2026-05-20T22:57:10 [INFO] Heartbeat + Metrics
2026-05-20T22:57:19 [INFO] Heartbeat + Metrics
2026-05-20T22:57:28 [INFO] Heartbeat + Metrics
2026-05-20T22:57:37 [INFO] Heartbeat + Metrics
2026-05-20T22:57:46 [INFO] Heartbeat + Metrics
2026-05-20T22:57:55 [INFO] Heartbeat + Metrics
2026-05-20T22:58:04 [INFO] Heartbeat + Metrics
2026-05-20T22:58:14 [INFO] Heartbeat + Metrics
2026-05-20T22:58:22 [INFO] Heartbeat + Metrics
2026-05-20T22:58:31 [INFO] Heartbeat + Metrics
2026-05-20T22:58:41 [INFO] Heartbeat + Metrics
2026-05-20T22:58:50 [INFO] Heartbeat + Metrics
2026-05-20T22:58:59 [INFO] Heartbeat + Metrics
2026-05-20T22:59:08 [INFO] Heartbeat + Metrics
2026-05-20T22:59:17 [INFO] Heartbeat + Metrics
2026-05-20T22:59:26 [INFO] Heartbeat + Metrics
2026-05-20T22:59:35 [INFO] Heartbeat + Metrics
2026-05-20T22:59:44 [INFO] Heartbeat + Metrics
2026-05-20T22:59:54 [INFO] Heartbeat + Metrics
2026-05-20T23:00:03 [INFO] Heartbeat + Metrics
2026-05-20T23:00:12 [INFO] Heartbeat + Metrics
2026-05-20T23:00:21 [INFO] Heartbeat + Metrics
2026-05-20T23:00:29 [INFO] Heartbeat + Metrics
2026-05-20T23:00:38 [INFO] Heartbeat + Metrics
2026-05-20T23:00:47 [INFO] Heartbeat + Metrics
2026-05-20T23:00:56 [INFO] Heartbeat + Metrics
2026-05-20T23:01:05 [INFO] Heartbeat + Metrics
2026-05-20T23:01:14 [INFO] Heartbeat + Metrics
2026-05-20T23:01:23 [INFO] Heartbeat + Metrics
2026-05-20T23:01:32 [INFO] Heartbeat + Metrics
2026-05-20T23:01:41 [INFO] Heartbeat + Metrics
2026-05-20T23:01:50 [INFO] Heartbeat + Metrics
2026-05-20T23:01:59 [INFO] Heartbeat + Metrics
2026-05-20T23:02:08 [INFO] Heartbeat + Metrics
2026-05-20T23:02:16 [INFO] Heartbeat + Metrics
2026-05-20T23:02:25 [INFO] Heartbeat + Metrics
2026-05-20T23:02:34 [INFO] Heartbeat + Metrics
2026-05-20T23:02:43 [INFO] Heartbeat + Metrics
2026-05-20T23:02:52 [INFO] Heartbeat + Metrics
2026-05-20T23:03:01 [INFO] Heartbeat + Metrics
2026-05-20T23:03:10 [INFO] Heartbeat + Metrics
2026-05-20T23:03:19 [INFO] Heartbeat + Metrics
2026-05-20T23:03:28 [INFO] Heartbeat + Metrics
2026-05-20T23:03:37 [INFO] Heartbeat + Metrics
2026-05-20T23:03:45 [INFO] Heartbeat + Metrics
2026-05-20T23:03:54 [INFO] Heartbeat + Metrics
2026-05-20T23:04:03 [INFO] Heartbeat + Metrics
2026-05-20T23:04:12 [INFO] Heartbeat + Metrics
2026-05-20T23:04:21 [INFO] Heartbeat + Metrics
2026-05-20T23:04:30 [INFO] Heartbeat + Metrics
2026-05-20T23:04:39 [INFO] Heartbeat + Metrics
2026-05-20T23:04:48 [INFO] Heartbeat + Metrics
2026-05-20T23:04:57 [INFO] Heartbeat + Metrics
2026-05-20T23:05:05 [INFO] Heartbeat + Metrics
2026-05-20T23:05:14 [INFO] Heartbeat + Metrics
2026-05-20T23:05:23 [INFO] Heartbeat + Metrics
2026-05-20T23:05:32 [INFO] Heartbeat + Metrics
2026-05-20T23:05:41 [INFO] Heartbeat + Metrics
2026-05-20T23:05:50 [INFO] Heartbeat + Metrics
2026-05-20T23:05:59 [INFO] Heartbeat + Metrics
2026-05-20T23:06:08 [INFO] Heartbeat + Metrics
2026-05-20T23:06:17 [INFO] Heartbeat + Metrics
2026-05-20T23:06:26 [INFO] Heartbeat + Metrics
2026-05-20T23:06:26 [WARN] Failsafe triggered: CPU too high
2026-05-20T23:06:35 [INFO] Heartbeat + Metrics
2026-05-20T23:06:44 [INFO] Heartbeat + Metrics
2026-05-20T23:06:54 [INFO] Heartbeat + Metrics
2026-05-20T23:07:02 [INFO] Heartbeat + Metrics
2026-05-20T23:07:11 [INFO] Heartbeat + Metrics
2026-05-20T23:07:20 [INFO] Heartbeat + Metrics
2026-05-20T23:07:29 [INFO] Heartbeat + Metrics
2026-05-20T23:07:38 [INFO] Heartbeat + Metrics
2026-05-20T23:07:47 [INFO] Heartbeat + Metrics
2026-05-20T23:07:56 [INFO] Heartbeat + Metrics
2026-05-20T23:07:56 [WARN] Failsafe triggered: CPU too high
2026-05-20T23:08:05 [INFO] Heartbeat + Metrics
2026-05-20T23:08:14 [INFO] Heartbeat + Metrics
2026-05-20T23:08:23 [INFO] Heartbeat + Metrics
2026-05-20T23:08:32 [INFO] Heartbeat + Metrics
2026-05-20T23:08:41 [INFO] Heartbeat + Metrics
2026-05-20T23:08:50 [INFO] Heartbeat + Metrics
2026-05-20T23:08:59 [INFO] Heartbeat + Metrics
2026-05-20T23:09:08 [INFO] Heartbeat + Metrics
2026-05-21T03:03:37 [INFO] Heartbeat + Metrics
2026-05-21T03:03:45 [WARN] Failsafe triggered: CPU too high
2026-05-21T03:04:03 [INFO] Heartbeat + Metrics
2026-05-21T03:04:04 [WARN] Failsafe triggered: CPU too high
2026-05-21T03:04:16 [INFO] Heartbeat + Metrics
2026-05-21T03:04:16 [WARN] Failsafe triggered: CPU too high
2026-05-21T08:28:44 [INFO] Heartbeat + Metrics
2026-05-21T08:28:44 [WARN] Failsafe triggered: CPU too high
2026-05-21T08:29:05 [INFO] Heartbeat + Metrics
2026-05-21T08:29:06 [WARN] Failsafe triggered: CPU too high
2026-05-21T08:29:17 [INFO] Heartbeat + Metrics
2026-05-21T08:29:17 [WARN] Failsafe triggered: CPU too high
2026-05-21T08:29:26 [INFO] Heartbeat + Metrics
2026-05-21T08:29:26 [WARN] Failsafe triggered: CPU too high
2026-05-21T08:29:35 [INFO] Heartbeat + Metrics
2026-05-21T08:29:35 [WARN] Failsafe triggered: CPU too high
2026-05-21T08:29:44 [INFO] Heartbeat + Metrics
2026-05-21T08:29:44 [WARN] Failsafe triggered: CPU too high
2026-05-21T08:29:54 [INFO] Heartbeat + Metrics
2026-05-21T08:29:54 [WARN] Failsafe triggered: CPU too high
2026-05-21T08:30:04 [INFO] Heartbeat + Metrics
2026-05-21T08:30:04 [WARN] Failsafe triggered: CPU too high
2026-05-21T08:30:14 [INFO] Heartbeat + Metrics
2026-05-21T08:30:14 [WARN] Failsafe triggered: CPU too high
2026-05-21T08:30:23 [INFO] Heartbeat + Metrics
2026-05-21T08:30:23 [WARN] Failsafe triggered: CPU too high
2026-05-21T08:30:33 [INFO] Heartbeat + Metrics
2026-05-21T08:30:33 [WARN] Failsafe triggered: CPU too high
2026-05-21T08:30:42 [INFO] Heartbeat + Metrics
2026-05-21T08:30:42 [WARN] Failsafe triggered: CPU too high
2026-05-21T08:30:50 [INFO] Heartbeat + Metrics
2026-05-21T08:30:50 [WARN] Failsafe triggered: CPU too high
2026-05-21T08:30:59 [INFO] Heartbeat + Metrics
2026-05-21T08:31:09 [INFO] Heartbeat + Metrics
2026-05-21T08:31:09 [WARN] Failsafe triggered: CPU too high
2026-05-21T08:31:18 [INFO] Heartbeat + Metrics
2026-05-21T08:31:26 [INFO] Heartbeat + Metrics
2026-05-21T08:31:35 [INFO] Heartbeat + Metrics
2026-05-21T08:31:43 [INFO] Heartbeat + Metrics
2026-05-21T08:31:52 [INFO] Heartbeat + Metrics
2026-05-21T08:32:00 [INFO] Heartbeat + Metrics
2026-05-21T08:32:09 [INFO] Heartbeat + Metrics
2026-05-21T08:32:17 [INFO] Heartbeat + Metrics
2026-05-21T08:32:26 [INFO] Heartbeat + Metrics
2026-05-21T08:32:34 [INFO] Heartbeat + Metrics
2026-05-21T08:32:43 [INFO] Heartbeat + Metrics
2026-05-21T08:32:51 [INFO] Heartbeat + Metrics
2026-05-21T08:33:00 [INFO] Heartbeat + Metrics
2026-05-21T08:33:08 [INFO] Heartbeat + Metrics
2026-05-21T08:33:17 [INFO] Heartbeat + Metrics
2026-05-21T08:33:26 [INFO] Heartbeat + Metrics
2026-05-21T08:33:26 [WARN] Failsafe triggered: CPU too high
2026-05-21T08:33:35 [INFO] Heartbeat + Metrics
2026-05-21T08:33:35 [WARN] Failsafe triggered: CPU too high
2026-05-21T08:33:43 [INFO] Heartbeat + Metrics
2026-05-21T08:33:43 [WARN] Failsafe triggered: CPU too high
2026-05-21T08:33:52 [INFO] Heartbeat + Metrics
2026-05-21T08:33:52 [WARN] Failsafe triggered: CPU too high
2026-05-21T08:34:01 [INFO] Heartbeat + Metrics
2026-05-21T08:34:09 [INFO] Heartbeat + Metrics
2026-05-21T08:34:18 [INFO] Heartbeat + Metrics
2026-05-21T08:34:26 [INFO] Heartbeat + Metrics
2026-05-21T08:34:35 [INFO] Heartbeat + Metrics
2026-05-21T08:34:43 [INFO] Heartbeat + Metrics
2026-05-21T08:34:52 [INFO] Heartbeat + Metrics
2026-05-21T08:35:01 [INFO] Heartbeat + Metrics
2026-05-21T08:35:09 [INFO] Heartbeat + Metrics
2026-05-21T08:40:02 [INFO] Heartbeat + Metrics
2026-05-21T08:40:02 [WARN] Failsafe triggered: RAM too low
2026-05-21T08:40:11 [INFO] Heartbeat + Metrics
2026-05-21T08:40:11 [WARN] Failsafe triggered: CPU too high
2026-05-21T08:40:19 [INFO] Heartbeat + Metrics
2026-05-21T08:40:19 [WARN] Failsafe triggered: CPU too high
2026-05-21T08:40:29 [INFO] Heartbeat + Metrics
2026-05-21T08:40:29 [WARN] Failsafe triggered: CPU too high
2026-05-21T08:40:38 [INFO] Heartbeat + Metrics
2026-05-21T08:40:38 [WARN] Failsafe triggered: CPU too high
2026-05-21T08:40:46 [INFO] Heartbeat + Metrics
2026-05-21T08:40:55 [INFO] Heartbeat + Metrics
2026-05-21T08:41:04 [INFO] Heartbeat + Metrics
2026-05-21T08:41:12 [INFO] Heartbeat + Metrics
2026-05-21T08:41:12 [WARN] Failsafe triggered: CPU too high
2026-05-21T08:41:21 [INFO] Heartbeat + Metrics
2026-05-21T08:41:21 [WARN] Failsafe triggered: CPU too high
2026-05-21T08:41:30 [INFO] Heartbeat + Metrics
2026-05-21T08:41:38 [INFO] Heartbeat + Metrics
2026-05-21T08:41:38 [WARN] Failsafe triggered: CPU too high
2026-05-21T08:41:47 [INFO] Heartbeat + Metrics
2026-05-21T08:41:56 [INFO] Heartbeat + Metrics
2026-05-21T08:42:04 [INFO] Heartbeat + Metrics
2026-05-21T08:42:13 [INFO] Heartbeat + Metrics
2026-05-21T08:42:21 [INFO] Heartbeat + Metrics
2026-05-21T08:42:30 [INFO] Heartbeat + Metrics
2026-05-21T08:42:39 [INFO] Heartbeat + Metrics
2026-05-21T08:42:47 [INFO] Heartbeat + Metrics
2026-05-21T08:42:56 [INFO] Heartbeat + Metrics
2026-05-21T08:43:05 [INFO] Heartbeat + Metrics
2026-05-21T08:43:14 [INFO] Heartbeat + Metrics
2026-05-21T08:43:22 [INFO] Heartbeat + Metrics
2026-05-21T08:43:22 [WARN] Failsafe triggered: CPU too high
2026-05-21T08:43:31 [INFO] Heartbeat + Metrics
2026-05-21T08:43:40 [INFO] Heartbeat + Metrics
2026-05-21T08:43:48 [INFO] Heartbeat + Metrics
2026-05-21T08:43:57 [INFO] Heartbeat + Metrics
2026-05-21T08:44:06 [INFO] Heartbeat + Metrics
2026-05-21T08:44:14 [INFO] Heartbeat + Metrics
2026-05-21T08:44:23 [INFO] Heartbeat + Metrics
2026-05-21T08:44:32 [INFO] Heartbeat + Metrics
2026-05-21T08:44:40 [INFO] Heartbeat + Metrics
2026-05-21T08:44:49 [INFO] Heartbeat + Metrics
2026-05-21T08:44:57 [INFO] Heartbeat + Metrics
2026-05-21T08:45:06 [INFO] Heartbeat + Metrics
2026-05-21T08:45:15 [INFO] Heartbeat + Metrics
2026-05-21T08:45:24 [INFO] Heartbeat + Metrics
2026-05-21T08:45:32 [INFO] Heartbeat + Metrics
2026-05-21T08:45:41 [INFO] Heartbeat + Metrics
2026-05-21T08:45:50 [INFO] Heartbeat + Metrics
2026-05-21T08:45:58 [INFO] Heartbeat + Metrics
2026-05-21T08:46:07 [INFO] Heartbeat + Metrics
2026-05-21T08:46:16 [INFO] Heartbeat + Metrics
2026-05-21T08:46:24 [INFO] Heartbeat + Metrics
2026-05-21T08:46:33 [INFO] Heartbeat + Metrics
2026-05-21T08:46:42 [INFO] Heartbeat + Metrics
2026-05-21T08:46:50 [INFO] Heartbeat + Metrics
2026-05-21T08:46:59 [INFO] Heartbeat + Metrics
2026-05-21T08:47:07 [INFO] Heartbeat + Metrics
2026-05-21T08:47:16 [INFO] Heartbeat + Metrics
2026-05-21T08:47:25 [INFO] Heartbeat + Metrics
2026-05-21T08:47:33 [INFO] Heartbeat + Metrics
2026-05-21T08:47:42 [INFO] Heartbeat + Metrics
2026-05-21T08:47:50 [INFO] Heartbeat + Metrics
2026-05-21T08:47:59 [INFO] Heartbeat + Metrics
2026-05-21T08:48:08 [INFO] Heartbeat + Metrics
2026-05-21T08:48:16 [INFO] Heartbeat + Metrics
2026-05-21T08:48:25 [INFO] Heartbeat + Metrics
2026-05-21T08:48:33 [INFO] Heartbeat + Metrics
2026-05-21T08:48:42 [INFO] Heartbeat + Metrics
2026-05-21T08:48:50 [INFO] Heartbeat + Metrics
2026-05-21T08:48:59 [INFO] Heartbeat + Metrics
2026-05-21T08:49:08 [INFO] Heartbeat + Metrics
2026-05-21T08:49:16 [INFO] Heartbeat + Metrics
2026-05-21T08:49:25 [INFO] Heartbeat + Metrics
2026-05-21T08:49:34 [INFO] Heartbeat + Metrics
2026-05-21T08:49:42 [INFO] Heartbeat + Metrics
2026-05-21T08:49:51 [INFO] Heartbeat + Metrics
2026-05-21T08:49:59 [INFO] Heartbeat + Metrics
2026-05-21T08:50:08 [INFO] Heartbeat + Metrics
2026-05-21T08:50:17 [INFO] Heartbeat + Metrics
2026-05-21T08:50:25 [INFO] Heartbeat + Metrics
2026-05-21T08:50:34 [INFO] Heartbeat + Metrics
2026-05-21T08:50:43 [INFO] Heartbeat + Metrics
2026-05-21T08:50:51 [INFO] Heartbeat + Metrics
2026-05-21T08:51:00 [INFO] Heartbeat + Metrics
2026-05-21T08:51:09 [INFO] Heartbeat + Metrics
2026-05-21T08:51:17 [INFO] Heartbeat + Metrics
2026-05-21T08:51:26 [INFO] Heartbeat + Metrics
2026-05-21T08:51:34 [INFO] Heartbeat + Metrics
2026-05-21T08:51:43 [INFO] Heartbeat + Metrics
2026-05-21T08:51:52 [INFO] Heartbeat + Metrics
2026-05-21T08:52:00 [INFO] Heartbeat + Metrics
2026-05-21T08:52:09 [INFO] Heartbeat + Metrics
2026-05-21T08:52:18 [INFO] Heartbeat + Metrics
2026-05-21T08:52:26 [INFO] Heartbeat + Metrics
2026-05-21T08:52:35 [INFO] Heartbeat + Metrics
2026-05-21T08:52:43 [INFO] Heartbeat + Metrics
2026-05-21T08:52:52 [INFO] Heartbeat + Metrics
2026-05-21T08:53:01 [INFO] Heartbeat + Metrics
2026-05-21T08:53:09 [INFO] Heartbeat + Metrics
2026-05-21T08:53:18 [INFO] Heartbeat + Metrics
2026-05-21T08:53:27 [INFO] Heartbeat + Metrics
2026-05-21T08:53:35 [INFO] Heartbeat + Metrics
2026-05-21T08:53:44 [INFO] Heartbeat + Metrics
2026-05-21T08:53:52 [INFO] Heartbeat + Metrics
2026-05-21T08:54:01 [INFO] Heartbeat + Metrics
2026-05-21T08:54:10 [INFO] Heartbeat + Metrics
2026-05-21T08:54:18 [INFO] Heartbeat + Metrics
2026-05-21T08:54:27 [INFO] Heartbeat + Metrics
2026-05-21T08:54:36 [INFO] Heartbeat + Metrics
2026-05-21T08:54:44 [INFO] Heartbeat + Metrics
2026-05-21T08:54:53 [INFO] Heartbeat + Metrics
2026-05-21T08:55:02 [INFO] Heartbeat + Metrics
2026-05-21T08:55:10 [INFO] Heartbeat + Metrics
2026-05-21T08:55:19 [INFO] Heartbeat + Metrics
2026-05-21T08:55:28 [INFO] Heartbeat + Metrics
2026-05-21T08:55:36 [INFO] Heartbeat + Metrics
2026-05-21T08:55:45 [INFO] Heartbeat + Metrics
2026-05-21T08:55:53 [INFO] Heartbeat + Metrics
2026-05-21T08:56:02 [INFO] Heartbeat + Metrics
2026-05-21T08:56:11 [INFO] Heartbeat + Metrics
2026-05-21T08:56:19 [INFO] Heartbeat + Metrics
2026-05-21T08:56:28 [INFO] Heartbeat + Metrics
2026-05-21T08:56:36 [INFO] Heartbeat + Metrics
2026-05-21T08:56:45 [INFO] Heartbeat + Metrics
2026-05-21T08:56:54 [INFO] Heartbeat + Metrics
2026-05-21T08:57:02 [INFO] Heartbeat + Metrics
2026-05-21T08:57:11 [INFO] Heartbeat + Metrics
2026-05-21T08:57:20 [INFO] Heartbeat + Metrics
2026-05-21T08:57:28 [INFO] Heartbeat + Metrics
2026-05-21T08:57:37 [INFO] Heartbeat + Metrics
2026-05-21T08:57:46 [INFO] Heartbeat + Metrics
2026-05-21T08:57:54 [INFO] Heartbeat + Metrics
2026-05-21T08:58:03 [INFO] Heartbeat + Metrics
2026-05-21T08:58:11 [INFO] Heartbeat + Metrics
2026-05-21T08:58:20 [INFO] Heartbeat + Metrics
2026-05-21T08:58:29 [INFO] Heartbeat + Metrics
2026-05-21T08:58:37 [INFO] Heartbeat + Metrics
2026-05-21T08:58:46 [INFO] Heartbeat + Metrics
2026-05-21T08:58:55 [INFO] Heartbeat + Metrics
2026-05-21T08:59:03 [INFO] Heartbeat + Metrics
2026-05-21T08:59:12 [INFO] Heartbeat + Metrics
2026-05-21T08:59:20 [INFO] Heartbeat + Metrics
2026-05-21T08:59:29 [INFO] Heartbeat + Metrics
2026-05-21T08:59:38 [INFO] Heartbeat + Metrics
2026-05-21T08:59:46 [INFO] Heartbeat + Metrics
2026-05-21T08:59:55 [INFO] Heartbeat + Metrics
2026-05-21T09:00:03 [INFO] Heartbeat + Metrics
2026-05-21T09:00:12 [INFO] Heartbeat + Metrics
2026-05-21T09:00:20 [INFO] Heartbeat + Metrics
2026-05-21T09:00:29 [INFO] Heartbeat + Metrics
2026-05-21T09:00:37 [INFO] Heartbeat + Metrics
2026-05-21T09:00:46 [INFO] Heartbeat + Metrics
2026-05-21T09:00:55 [INFO] Heartbeat + Metrics
2026-05-21T09:01:03 [INFO] Heartbeat + Metrics
2026-05-21T09:01:12 [INFO] Heartbeat + Metrics
2026-05-21T09:01:20 [INFO] Heartbeat + Metrics
2026-05-21T09:01:29 [INFO] Heartbeat + Metrics
2026-05-21T09:01:37 [INFO] Heartbeat + Metrics
2026-05-21T09:01:46 [INFO] Heartbeat + Metrics
2026-05-21T09:01:54 [INFO] Heartbeat + Metrics
2026-05-21T09:02:03 [INFO] Heartbeat + Metrics
2026-05-21T09:02:11 [INFO] Heartbeat + Metrics
2026-05-21T09:02:20 [INFO] Heartbeat + Metrics
2026-05-21T09:02:29 [INFO] Heartbeat + Metrics
2026-05-21T09:02:37 [INFO] Heartbeat + Metrics
2026-05-21T09:02:46 [INFO] Heartbeat + Metrics
2026-05-21T09:02:54 [INFO] Heartbeat + Metrics
2026-05-21T09:03:03 [INFO] Heartbeat + Metrics
2026-05-21T09:03:12 [INFO] Heartbeat + Metrics
2026-05-21T09:03:12 [WARN] Failsafe triggered: CPU too high
2026-05-21T09:03:20 [INFO] Heartbeat + Metrics
2026-05-21T09:03:20 [WARN] Failsafe triggered: CPU too high
2026-05-21T09:03:29 [INFO] Heartbeat + Metrics
2026-05-21T09:03:29 [WARN] Failsafe triggered: CPU too high
2026-05-21T09:03:37 [INFO] Heartbeat + Metrics
2026-05-21T09:03:46 [INFO] Heartbeat + Metrics
2026-05-21T09:03:55 [INFO] Heartbeat + Metrics
2026-05-21T09:04:03 [INFO] Heartbeat + Metrics
2026-05-21T09:04:12 [INFO] Heartbeat + Metrics
2026-05-21T09:04:20 [INFO] Heartbeat + Metrics
2026-05-21T09:04:29 [INFO] Heartbeat + Metrics
2026-05-21T09:04:38 [INFO] Heartbeat + Metrics
2026-05-21T09:04:46 [INFO] Heartbeat + Metrics
2026-05-21T09:04:55 [INFO] Heartbeat + Metrics
2026-05-21T09:05:03 [INFO] Heartbeat + Metrics
2026-05-21T09:05:12 [INFO] Heartbeat + Metrics
2026-05-21T09:05:21 [INFO] Heartbeat + Metrics
2026-05-21T09:05:29 [INFO] Heartbeat + Metrics
2026-05-21T09:05:38 [INFO] Heartbeat + Metrics
2026-05-21T09:05:46 [INFO] Heartbeat + Metrics
2026-05-21T09:05:55 [INFO] Heartbeat + Metrics
2026-05-21T09:06:03 [INFO] Heartbeat + Metrics
2026-05-21T09:06:12 [INFO] Heartbeat + Metrics
2026-05-21T09:06:21 [INFO] Heartbeat + Metrics
2026-05-21T09:06:29 [INFO] Heartbeat + Metrics
2026-05-21T09:06:38 [INFO] Heartbeat + Metrics
2026-05-21T09:06:46 [INFO] Heartbeat + Metrics
2026-05-21T09:06:54 [INFO] Heartbeat + Metrics
2026-05-21T09:07:03 [INFO] Heartbeat + Metrics
2026-05-21T09:07:11 [INFO] Heartbeat + Metrics
2026-05-21T09:07:20 [INFO] Heartbeat + Metrics
2026-05-21T09:07:28 [INFO] Heartbeat + Metrics
2026-05-21T09:07:37 [INFO] Heartbeat + Metrics
2026-05-21T09:07:46 [INFO] Heartbeat + Metrics
2026-05-21T09:07:54 [INFO] Heartbeat + Metrics
2026-05-21T09:08:03 [INFO] Heartbeat + Metrics
2026-05-21T09:08:11 [INFO] Heartbeat + Metrics
2026-05-21T09:08:20 [INFO] Heartbeat + Metrics
2026-05-21T09:08:28 [INFO] Heartbeat + Metrics
2026-05-21T09:08:37 [INFO] Heartbeat + Metrics
2026-05-21T09:08:45 [INFO] Heartbeat + Metrics
2026-05-21T09:08:54 [INFO] Heartbeat + Metrics
2026-05-21T09:09:02 [INFO] Heartbeat + Metrics
2026-05-21T09:09:11 [INFO] Heartbeat + Metrics
2026-05-21T09:09:19 [INFO] Heartbeat + Metrics
2026-05-21T09:09:28 [INFO] Heartbeat + Metrics
2026-05-21T09:09:36 [INFO] Heartbeat + Metrics
2026-05-21T09:09:45 [INFO] Heartbeat + Metrics
2026-05-21T09:09:54 [INFO] Heartbeat + Metrics
2026-05-21T09:10:02 [INFO] Heartbeat + Metrics
2026-05-21T09:10:11 [INFO] Heartbeat + Metrics
2026-05-21T09:10:20 [INFO] Heartbeat + Metrics
2026-05-21T09:10:20 [WARN] Failsafe triggered: CPU too high
2026-05-21T09:10:30 [INFO] Heartbeat + Metrics
2026-05-21T09:10:30 [WARN] Failsafe triggered: CPU too high
2026-05-21T09:10:39 [INFO] Heartbeat + Metrics
2026-05-21T09:10:39 [WARN] Failsafe triggered: CPU too high
2026-05-21T09:10:48 [INFO] Heartbeat + Metrics
2026-05-21T09:10:48 [WARN] Failsafe triggered: CPU too high
2026-05-21T09:10:56 [INFO] Heartbeat + Metrics
2026-05-21T09:10:56 [WARN] Desired process no longer exists (PID 12408)
2026-05-21T09:10:56 [WARN] Desired process no longer exists (PID 3344)
2026-05-21T09:11:06 [INFO] Heartbeat + Metrics
2026-05-21T09:11:06 [WARN] Desired process no longer exists (PID 12408)
2026-05-21T09:11:06 [WARN] Desired process no longer exists (PID 3344)
2026-05-21T09:11:15 [INFO] Heartbeat + Metrics
2026-05-21T09:11:15 [WARN] Desired process no longer exists (PID 12408)
2026-05-21T09:11:15 [WARN] Desired process no longer exists (PID 3344)
2026-05-21T09:11:25 [INFO] Heartbeat + Metrics
2026-05-21T09:11:25 [WARN] Failsafe triggered: RAM too low
2026-05-21T09:11:35 [INFO] Heartbeat + Metrics
2026-05-21T09:11:35 [WARN] Failsafe triggered: RAM too low
2026-05-21T09:11:46 [INFO] Heartbeat + Metrics
2026-05-21T09:11:47 [WARN] Failsafe triggered: RAM too low
2026-05-21T09:11:58 [INFO] Heartbeat + Metrics
2026-05-21T09:11:58 [WARN] Failsafe triggered: RAM too low
2026-05-21T09:12:11 [INFO] Heartbeat + Metrics
2026-05-21T09:12:12 [WARN] Failsafe triggered: RAM too low
2026-05-21T09:12:22 [INFO] Heartbeat + Metrics
2026-05-21T09:12:22 [WARN] Failsafe triggered: RAM too low
2026-05-21T09:12:31 [INFO] Heartbeat + Metrics
2026-05-21T09:12:32 [WARN] Desired process no longer exists (PID 12408)
2026-05-21T09:12:32 [WARN] Desired process no longer exists (PID 3344)
2026-05-21T09:12:41 [INFO] Heartbeat + Metrics
2026-05-21T09:12:41 [WARN] Failsafe triggered: RAM too low
2026-05-21T09:12:50 [INFO] Heartbeat + Metrics
2026-05-21T09:12:50 [WARN] Desired process no longer exists (PID 12408)
2026-05-21T09:12:50 [WARN] Desired process no longer exists (PID 3344)
2026-05-21T09:12:59 [INFO] Heartbeat + Metrics
2026-05-21T09:12:59 [WARN] Desired process no longer exists (PID 12408)
2026-05-21T09:12:59 [WARN] Desired process no longer exists (PID 3344)
2026-05-21T09:13:08 [INFO] Heartbeat + Metrics
2026-05-21T09:13:08 [WARN] Desired process no longer exists (PID 12408)
2026-05-21T09:13:08 [WARN] Desired process no longer exists (PID 3344)
2026-05-21T09:13:17 [INFO] Heartbeat + Metrics
2026-05-21T09:13:17 [WARN] Desired process no longer exists (PID 12408)
2026-05-21T09:13:17 [WARN] Desired process no longer exists (PID 3344)
2026-05-21T09:13:25 [INFO] Heartbeat + Metrics
2026-05-21T09:13:25 [WARN] Desired process no longer exists (PID 12408)
2026-05-21T09:13:25 [WARN] Desired process no longer exists (PID 3344)
2026-05-21T09:13:34 [INFO] Heartbeat + Metrics
2026-05-21T09:13:34 [WARN] Desired process no longer exists (PID 12408)
2026-05-21T09:13:34 [WARN] Desired process no longer exists (PID 3344)
2026-05-21T09:13:43 [INFO] Heartbeat + Metrics
2026-05-21T09:13:43 [WARN] Desired process no longer exists (PID 12408)
2026-05-21T09:13:43 [WARN] Desired process no longer exists (PID 3344)
2026-05-21T09:13:51 [INFO] Heartbeat + Metrics
2026-05-21T09:13:51 [WARN] Desired process no longer exists (PID 12408)
2026-05-21T09:13:51 [WARN] Desired process no longer exists (PID 3344)
2026-05-21T09:14:00 [INFO] Heartbeat + Metrics
2026-05-21T09:14:00 [WARN] Desired process no longer exists (PID 12408)
2026-05-21T09:14:00 [WARN] Desired process no longer exists (PID 3344)
2026-05-21T09:14:08 [INFO] Heartbeat + Metrics
2026-05-21T09:14:09 [WARN] Desired process no longer exists (PID 12408)
2026-05-21T09:14:09 [WARN] Desired process no longer exists (PID 3344)
2026-05-21T09:14:17 [INFO] Heartbeat + Metrics
2026-05-21T09:14:17 [WARN] Desired process no longer exists (PID 12408)
2026-05-21T09:14:17 [WARN] Desired process no longer exists (PID 3344)
2026-05-21T09:14:26 [INFO] Heartbeat + Metrics
2026-05-21T09:14:26 [WARN] Desired process no longer exists (PID 12408)
2026-05-21T09:14:26 [WARN] Desired process no longer exists (PID 3344)
2026-05-21T09:14:34 [INFO] Heartbeat + Metrics
2026-05-21T09:14:34 [WARN] Desired process no longer exists (PID 12408)
2026-05-21T09:14:34 [WARN] Desired process no longer exists (PID 3344)
2026-05-21T09:14:43 [INFO] Heartbeat + Metrics
2026-05-21T09:14:43 [WARN] Desired process no longer exists (PID 12408)
2026-05-21T09:14:43 [WARN] Desired process no longer exists (PID 3344)
2026-05-21T09:14:51 [INFO] Heartbeat + Metrics
2026-05-21T09:14:51 [WARN] Desired process no longer exists (PID 12408)
2026-05-21T09:14:52 [WARN] Desired process no longer exists (PID 3344)
2026-05-21T09:15:00 [INFO] Heartbeat + Metrics
2026-05-21T09:15:00 [WARN] Desired process no longer exists (PID 12408)
2026-05-21T09:15:00 [WARN] Desired process no longer exists (PID 3344)
2026-05-21T09:15:09 [INFO] Heartbeat + Metrics
2026-05-21T09:15:09 [WARN] Desired process no longer exists (PID 12408)
2026-05-21T09:15:09 [WARN] Desired process no longer exists (PID 3344)
2026-05-21T09:15:17 [INFO] Heartbeat + Metrics
2026-05-21T09:15:17 [WARN] Desired process no longer exists (PID 12408)
2026-05-21T09:15:17 [WARN] Desired process no longer exists (PID 3344)
2026-05-21T09:15:26 [INFO] Heartbeat + Metrics
2026-05-21T09:15:26 [WARN] Desired process no longer exists (PID 12408)
2026-05-21T09:15:26 [WARN] Desired process no longer exists (PID 3344)
2026-05-21T09:15:35 [INFO] Heartbeat + Metrics
2026-05-21T09:15:35 [WARN] Desired process no longer exists (PID 12408)
2026-05-21T09:15:35 [WARN] Desired process no longer exists (PID 3344)
2026-05-21T09:15:43 [INFO] Heartbeat + Metrics
2026-05-21T09:15:43 [WARN] Desired process no longer exists (PID 12408)
2026-05-21T09:15:43 [WARN] Desired process no longer exists (PID 3344)
2026-05-21T09:15:52 [INFO] Heartbeat + Metrics
2026-05-21T09:16:01 [INFO] Heartbeat + Metrics
2026-05-21T09:16:10 [INFO] Heartbeat + Metrics
2026-05-21T09:16:18 [INFO] Heartbeat + Metrics
2026-05-21T09:16:27 [INFO] Heartbeat + Metrics
2026-05-21T09:16:36 [INFO] Heartbeat + Metrics
2026-05-21T09:16:44 [INFO] Heartbeat + Metrics
2026-05-21T09:16:53 [INFO] Heartbeat + Metrics
2026-05-21T09:17:02 [INFO] Heartbeat + Metrics
2026-05-21T09:17:11 [INFO] Heartbeat + Metrics
2026-05-21T09:17:19 [INFO] Heartbeat + Metrics
2026-05-21T09:17:28 [INFO] Heartbeat + Metrics
2026-05-21T09:17:28 [WARN] Desired process no longer exists (PID 12408)
2026-05-21T09:17:28 [WARN] Desired process no longer exists (PID 3344)
2026-05-21T09:17:37 [INFO] Heartbeat + Metrics
2026-05-21T09:17:45 [INFO] Heartbeat + Metrics
2026-05-21T09:17:45 [WARN] Desired process no longer exists (PID 12408)
2026-05-21T09:17:45 [WARN] Desired process no longer exists (PID 3344)
2026-05-21T09:17:54 [INFO] Heartbeat + Metrics
2026-05-21T09:17:54 [WARN] Desired process no longer exists (PID 12408)
2026-05-21T09:17:54 [WARN] Desired process no longer exists (PID 3344)
2026-05-21T09:18:03 [INFO] Heartbeat + Metrics
2026-05-21T09:18:03 [WARN] Desired process no longer exists (PID 12408)
2026-05-21T09:18:03 [WARN] Desired process no longer exists (PID 3344)
2026-05-21T09:18:11 [INFO] Heartbeat + Metrics
2026-05-21T09:18:11 [WARN] Desired process no longer exists (PID 12408)
2026-05-21T09:18:11 [WARN] Desired process no longer exists (PID 3344)
2026-05-21T09:18:20 [INFO] Heartbeat + Metrics
2026-05-21T09:18:29 [INFO] Heartbeat + Metrics
2026-05-21T09:18:29 [WARN] Desired process no longer exists (PID 12408)
2026-05-21T09:18:29 [WARN] Desired process no longer exists (PID 3344)
2026-05-21T09:18:38 [INFO] Heartbeat + Metrics
2026-05-21T09:18:38 [WARN] Failsafe triggered: CPU too high
2026-05-21T09:18:46 [INFO] Heartbeat + Metrics
2026-05-21T09:18:46 [WARN] Desired process no longer exists (PID 12408)
2026-05-21T09:18:46 [WARN] Desired process no longer exists (PID 3344)
2026-05-21T09:18:55 [INFO] Heartbeat + Metrics
2026-05-21T09:18:55 [WARN] Desired process no longer exists (PID 12408)
2026-05-21T09:18:55 [WARN] Desired process no longer exists (PID 3344)
2026-05-21T09:19:04 [INFO] Heartbeat + Metrics
2026-05-21T09:19:04 [WARN] Desired process no longer exists (PID 12408)
2026-05-21T09:19:04 [WARN] Desired process no longer exists (PID 3344)
2026-05-21T09:19:12 [INFO] Heartbeat + Metrics
2026-05-21T09:19:12 [WARN] Desired process no longer exists (PID 12408)
2026-05-21T09:19:12 [WARN] Desired process no longer exists (PID 3344)
2026-05-21T09:19:21 [INFO] Heartbeat + Metrics
2026-05-21T09:19:21 [WARN] Desired process no longer exists (PID 12408)
2026-05-21T09:19:21 [WARN] Desired process no longer exists (PID 3344)
2026-05-21T09:19:30 [INFO] Heartbeat + Metrics
2026-05-21T09:19:38 [INFO] Heartbeat + Metrics
2026-05-21T09:19:38 [WARN] Desired process no longer exists (PID 12408)
2026-05-21T09:19:39 [WARN] Desired process no longer exists (PID 3344)
2026-05-21T09:19:47 [INFO] Heartbeat + Metrics
2026-05-21T09:19:47 [WARN] Desired process no longer exists (PID 12408)
2026-05-21T09:19:47 [WARN] Desired process no longer exists (PID 3344)
2026-05-21T09:19:56 [INFO] Heartbeat + Metrics
2026-05-21T09:20:04 [INFO] Heartbeat + Metrics
2026-05-21T09:20:04 [WARN] Desired process no longer exists (PID 12408)
2026-05-21T09:20:04 [WARN] Desired process no longer exists (PID 3344)
2026-05-21T09:20:13 [INFO] Heartbeat + Metrics
2026-05-21T09:20:22 [INFO] Heartbeat + Metrics
2026-05-21T09:20:22 [WARN] Desired process no longer exists (PID 12408)
2026-05-21T09:20:22 [WARN] Desired process no longer exists (PID 3344)
2026-05-21T09:20:30 [INFO] Heartbeat + Metrics
2026-05-21T09:20:30 [WARN] Desired process no longer exists (PID 12408)
2026-05-21T09:20:31 [WARN] Desired process no longer exists (PID 3344)
2026-05-21T09:20:39 [INFO] Heartbeat + Metrics
2026-05-21T09:20:39 [WARN] Desired process no longer exists (PID 12408)
2026-05-21T09:20:39 [WARN] Desired process no longer exists (PID 3344)
2026-05-21T09:20:48 [INFO] Heartbeat + Metrics
2026-05-21T09:20:48 [WARN] Failsafe triggered: CPU too high
2026-05-21T09:20:57 [INFO] Heartbeat + Metrics
2026-05-21T09:21:06 [INFO] Heartbeat + Metrics
2026-05-21T09:21:15 [INFO] Heartbeat + Metrics
2026-05-21T09:21:15 [WARN] Failsafe triggered: CPU too high
2026-05-21T09:21:24 [INFO] Heartbeat + Metrics
2026-05-21T09:21:24 [WARN] Desired process no longer exists (PID 12408)
2026-05-21T09:21:24 [WARN] Desired process no longer exists (PID 3344)
2026-05-21T09:21:34 [INFO] Heartbeat + Metrics
2026-05-21T09:21:34 [WARN] Desired process no longer exists (PID 12408)
2026-05-21T09:21:34 [WARN] Desired process no longer exists (PID 3344)
2026-05-21T09:21:43 [INFO] Heartbeat + Metrics
2026-05-21T09:21:52 [INFO] Heartbeat + Metrics
2026-05-21T09:21:52 [WARN] Desired process no longer exists (PID 12408)
2026-05-21T09:21:52 [WARN] Desired process no longer exists (PID 3344)
2026-05-21T09:22:01 [INFO] Heartbeat + Metrics
2026-05-21T09:22:01 [WARN] Desired process no longer exists (PID 12408)
2026-05-21T09:22:01 [WARN] Desired process no longer exists (PID 3344)
2026-05-21T09:22:09 [INFO] Heartbeat + Metrics
2026-05-21T09:22:18 [INFO] Heartbeat + Metrics
2026-05-21T09:22:18 [WARN] Desired process no longer exists (PID 12408)
2026-05-21T09:22:18 [WARN] Desired process no longer exists (PID 3344)
2026-05-21T09:22:27 [INFO] Heartbeat + Metrics
2026-05-21T09:22:27 [WARN] Desired process no longer exists (PID 12408)
2026-05-21T09:22:27 [WARN] Desired process no longer exists (PID 3344)
2026-05-21T09:22:36 [INFO] Heartbeat + Metrics
2026-05-21T09:22:36 [WARN] Desired process no longer exists (PID 12408)
2026-05-21T09:22:36 [WARN] Desired process no longer exists (PID 3344)
2026-05-21T09:22:45 [INFO] Heartbeat + Metrics
2026-05-21T09:22:45 [WARN] Desired process no longer exists (PID 12408)
2026-05-21T09:22:45 [WARN] Desired process no longer exists (PID 3344)
2026-05-21T09:22:53 [INFO] Heartbeat + Metrics
2026-05-21T09:23:02 [INFO] Heartbeat + Metrics
2026-05-21T09:23:02 [WARN] Desired process no longer exists (PID 12408)
2026-05-21T09:23:02 [WARN] Desired process no longer exists (PID 3344)
2026-05-21T09:23:12 [INFO] Heartbeat + Metrics
2026-05-21T09:23:12 [WARN] Desired process no longer exists (PID 12408)
2026-05-21T09:23:12 [WARN] Desired process no longer exists (PID 3344)
2026-05-21T09:23:20 [INFO] Heartbeat + Metrics
2026-05-21T09:23:29 [INFO] Heartbeat + Metrics
2026-05-21T09:23:29 [WARN] Desired process no longer exists (PID 12408)
2026-05-21T09:23:29 [WARN] Desired process no longer exists (PID 3344)
2026-05-21T09:23:38 [INFO] Heartbeat + Metrics
2026-05-21T09:23:38 [WARN] Desired process no longer exists (PID 12408)
2026-05-21T09:23:38 [WARN] Desired process no longer exists (PID 3344)
2026-05-21T09:23:46 [INFO] Heartbeat + Metrics
2026-05-21T09:23:47 [WARN] Desired process no longer exists (PID 12408)
2026-05-21T09:23:47 [WARN] Desired process no longer exists (PID 3344)
2026-05-21T09:23:55 [INFO] Heartbeat + Metrics
2026-05-21T09:23:55 [WARN] Desired process no longer exists (PID 12408)
2026-05-21T09:23:55 [WARN] Desired process no longer exists (PID 3344)
2026-05-21T09:24:04 [INFO] Heartbeat + Metrics
2026-05-21T09:24:04 [WARN] Desired process no longer exists (PID 12408)
2026-05-21T09:24:04 [WARN] Desired process no longer exists (PID 3344)
2026-05-21T09:24:13 [INFO] Heartbeat + Metrics
2026-05-21T09:24:13 [WARN] Desired process no longer exists (PID 12408)
2026-05-21T09:24:13 [WARN] Desired process no longer exists (PID 3344)
2026-05-21T09:24:21 [INFO] Heartbeat + Metrics
2026-05-21T09:24:21 [WARN] Desired process no longer exists (PID 12408)
2026-05-21T09:24:21 [WARN] Desired process no longer exists (PID 3344)
2026-05-21T09:24:30 [INFO] Heartbeat + Metrics
2026-05-21T09:24:30 [WARN] Desired process no longer exists (PID 12408)
2026-05-21T09:24:30 [WARN] Desired process no longer exists (PID 3344)
2026-05-21T09:24:38 [INFO] Heartbeat + Metrics
2026-05-21T09:24:38 [WARN] Desired process no longer exists (PID 12408)
2026-05-21T09:24:38 [WARN] Desired process no longer exists (PID 3344)
2026-05-21T09:24:47 [INFO] Heartbeat + Metrics
2026-05-21T09:24:47 [WARN] Desired process no longer exists (PID 12408)
2026-05-21T09:24:47 [WARN] Desired process no longer exists (PID 3344)
2026-05-21T09:24:56 [INFO] Heartbeat + Metrics
2026-05-21T09:24:56 [WARN] Failsafe triggered: CPU too high
2026-05-21T09:25:04 [INFO] Heartbeat + Metrics
2026-05-21T09:25:04 [WARN] Desired process no longer exists (PID 12408)
2026-05-21T09:25:05 [WARN] Desired process no longer exists (PID 3344)
2026-05-21T09:25:13 [INFO] Heartbeat + Metrics
2026-05-21T09:25:22 [INFO] Heartbeat + Metrics
2026-05-21T09:25:22 [WARN] Failsafe triggered: CPU too high
2026-05-21T09:25:31 [INFO] Heartbeat + Metrics
2026-05-21T09:25:40 [INFO] Heartbeat + Metrics
2026-05-21T09:25:48 [INFO] Heartbeat + Metrics
2026-05-21T09:25:57 [INFO] Heartbeat + Metrics
2026-05-21T09:26:05 [INFO] Heartbeat + Metrics
2026-05-21T09:26:14 [INFO] Heartbeat + Metrics
2026-05-21T09:26:22 [INFO] Heartbeat + Metrics
2026-05-21T09:26:31 [INFO] Heartbeat + Metrics
2026-05-21T09:26:40 [INFO] Heartbeat + Metrics
2026-05-21T09:26:48 [INFO] Heartbeat + Metrics
2026-05-21T09:26:57 [INFO] Heartbeat + Metrics
2026-05-21T09:27:06 [INFO] Heartbeat + Metrics
2026-05-21T09:27:15 [INFO] Heartbeat + Metrics
2026-05-21T09:27:24 [INFO] Heartbeat + Metrics
2026-05-21T09:27:33 [INFO] Heartbeat + Metrics
2026-05-21T09:27:41 [INFO] Heartbeat + Metrics
2026-05-21T09:27:41 [WARN] Failsafe triggered: CPU too high
2026-05-21T09:27:50 [INFO] Heartbeat + Metrics
2026-05-21T09:27:59 [INFO] Heartbeat + Metrics
2026-05-21T09:28:08 [INFO] Heartbeat + Metrics
2026-05-21T09:28:08 [WARN] Failsafe triggered: CPU too high
2026-05-21T09:28:17 [INFO] Heartbeat + Metrics
2026-05-21T09:28:17 [WARN] Failsafe triggered: CPU too high
2026-05-21T09:28:25 [INFO] Heartbeat + Metrics
2026-05-21T09:28:35 [INFO] Heartbeat + Metrics
2026-05-21T09:28:35 [WARN] Failsafe triggered: CPU too high
2026-05-21T09:28:46 [INFO] Heartbeat + Metrics
2026-05-21T09:28:46 [WARN] Failsafe triggered: CPU too high
2026-05-21T09:28:58 [INFO] Heartbeat + Metrics
2026-05-21T09:28:59 [WARN] Failsafe triggered: CPU too high
2026-05-21T09:28:59 [WARN] Failsafe triggered: RAM too low
2026-05-21T09:29:08 [INFO] Heartbeat + Metrics
2026-05-21T09:29:08 [WARN] Failsafe triggered: CPU too high
2026-05-21T09:29:17 [INFO] Heartbeat + Metrics
2026-05-21T09:29:17 [WARN] Failsafe triggered: CPU too high
2026-05-21T09:29:26 [INFO] Heartbeat + Metrics
2026-05-21T09:29:26 [WARN] Failsafe triggered: CPU too high
2026-05-21T09:29:35 [INFO] Heartbeat + Metrics
2026-05-21T09:29:44 [INFO] Heartbeat + Metrics
2026-05-21T09:29:52 [INFO] Heartbeat + Metrics
2026-05-21T09:30:01 [INFO] Heartbeat + Metrics
2026-05-21T09:30:10 [INFO] Heartbeat + Metrics
2026-05-21T09:30:19 [INFO] Heartbeat + Metrics
2026-05-21T09:30:28 [INFO] Heartbeat + Metrics
2026-05-21T09:30:36 [INFO] Heartbeat + Metrics
2026-05-21T09:30:45 [INFO] Heartbeat + Metrics
2026-05-21T09:30:54 [INFO] Heartbeat + Metrics
2026-05-21T09:31:02 [INFO] Heartbeat + Metrics
2026-05-21T09:31:11 [INFO] Heartbeat + Metrics
2026-05-21T09:31:20 [INFO] Heartbeat + Metrics
2026-05-21T09:31:20 [WARN] Failsafe triggered: CPU too high
2026-05-21T09:31:28 [INFO] Heartbeat + Metrics
2026-05-21T09:31:37 [INFO] Heartbeat + Metrics
2026-05-21T09:31:46 [INFO] Heartbeat + Metrics
2026-05-21T09:31:55 [INFO] Heartbeat + Metrics
2026-05-21T09:32:03 [INFO] Heartbeat + Metrics
2026-05-21T09:32:12 [INFO] Heartbeat + Metrics
2026-05-21T09:32:21 [INFO] Heartbeat + Metrics
2026-05-21T09:32:30 [INFO] Heartbeat + Metrics
2026-05-21T09:32:38 [INFO] Heartbeat + Metrics
2026-05-21T09:32:39 [WARN] Desired process no longer exists (PID 12408)
2026-05-21T09:32:39 [WARN] Desired process no longer exists (PID 3344)
2026-05-21T09:32:47 [INFO] Heartbeat + Metrics
2026-05-21T09:32:47 [WARN] Desired process no longer exists (PID 12408)
2026-05-21T09:32:48 [WARN] Desired process no longer exists (PID 3344)
2026-05-21T09:32:56 [INFO] Heartbeat + Metrics
2026-05-21T09:32:56 [WARN] Desired process no longer exists (PID 12408)
2026-05-21T09:32:56 [WARN] Desired process no longer exists (PID 3344)
2026-05-21T09:33:05 [INFO] Heartbeat + Metrics
2026-05-21T09:33:05 [WARN] Desired process no longer exists (PID 12408)
2026-05-21T09:33:05 [WARN] Desired process no longer exists (PID 3344)
2026-05-21T09:33:14 [INFO] Heartbeat + Metrics
2026-05-21T09:33:14 [WARN] Desired process no longer exists (PID 12408)
2026-05-21T09:33:14 [WARN] Desired process no longer exists (PID 3344)
2026-05-21T09:33:23 [INFO] Heartbeat + Metrics
2026-05-21T09:33:23 [WARN] Desired process no longer exists (PID 12408)
2026-05-21T09:33:23 [WARN] Desired process no longer exists (PID 3344)
2026-05-21T09:33:32 [INFO] Heartbeat + Metrics
2026-05-21T09:33:32 [WARN] Desired process no longer exists (PID 12408)
2026-05-21T09:33:32 [WARN] Desired process no longer exists (PID 3344)
2026-05-21T09:33:40 [INFO] Heartbeat + Metrics
2026-05-21T09:33:41 [WARN] Desired process no longer exists (PID 12408)
2026-05-21T09:33:41 [WARN] Desired process no longer exists (PID 3344)
2026-05-21T09:33:49 [INFO] Heartbeat + Metrics
2026-05-21T09:33:58 [INFO] Heartbeat + Metrics
2026-05-21T09:34:07 [INFO] Heartbeat + Metrics
2026-05-21T09:34:15 [INFO] Heartbeat + Metrics
2026-05-21T09:34:24 [INFO] Heartbeat + Metrics
2026-05-21T09:34:24 [WARN] Desired process no longer exists (PID 12408)
2026-05-21T09:34:24 [WARN] Desired process no longer exists (PID 3344)
2026-05-21T09:34:33 [INFO] Heartbeat + Metrics
2026-05-21T09:34:33 [WARN] Desired process no longer exists (PID 12408)
2026-05-21T09:34:33 [WARN] Desired process no longer exists (PID 3344)
2026-05-21T09:34:41 [INFO] Heartbeat + Metrics
2026-05-21T09:34:50 [INFO] Heartbeat + Metrics
2026-05-21T09:34:59 [INFO] Heartbeat + Metrics
2026-05-21T09:34:59 [WARN] Desired process no longer exists (PID 12408)
2026-05-21T09:34:59 [WARN] Desired process no longer exists (PID 3344)
2026-05-21T09:35:07 [INFO] Heartbeat + Metrics
2026-05-21T09:35:08 [WARN] Desired process no longer exists (PID 12408)
2026-05-21T09:35:08 [WARN] Desired process no longer exists (PID 3344)
2026-05-21T09:35:16 [INFO] Heartbeat + Metrics
2026-05-21T09:35:25 [INFO] Heartbeat + Metrics
2026-05-21T09:35:33 [INFO] Heartbeat + Metrics
2026-05-21T09:35:42 [INFO] Heartbeat + Metrics
2026-05-21T09:35:42 [WARN] Desired process no longer exists (PID 12408)
2026-05-21T09:35:42 [WARN] Desired process no longer exists (PID 3344)
2026-05-21T09:35:51 [INFO] Heartbeat + Metrics
2026-05-21T09:35:59 [INFO] Heartbeat + Metrics
2026-05-21T09:36:08 [INFO] Heartbeat + Metrics
2026-05-21T09:36:08 [WARN] Desired process no longer exists (PID 12408)
2026-05-21T09:36:08 [WARN] Desired process no longer exists (PID 3344)
2026-05-21T09:36:18 [INFO] Heartbeat + Metrics
2026-05-21T09:36:26 [INFO] Heartbeat + Metrics
2026-05-21T09:36:35 [INFO] Heartbeat + Metrics
2026-05-21T09:36:35 [WARN] Desired process no longer exists (PID 12408)
2026-05-21T09:36:35 [WARN] Desired process no longer exists (PID 3344)
2026-05-21T09:36:44 [INFO] Heartbeat + Metrics
2026-05-21T09:36:44 [WARN] Desired process no longer exists (PID 12408)
2026-05-21T09:36:44 [WARN] Desired process no longer exists (PID 3344)
2026-05-21T09:36:52 [INFO] Heartbeat + Metrics
2026-05-21T09:37:02 [INFO] Heartbeat + Metrics
2026-05-21T09:37:02 [WARN] Failsafe triggered: CPU too high
2026-05-21T09:37:10 [INFO] Heartbeat + Metrics
2026-05-21T09:37:11 [WARN] Desired process no longer exists (PID 12408)
2026-05-21T09:37:11 [WARN] Desired process no longer exists (PID 3344)
2026-05-21T09:37:19 [INFO] Heartbeat + Metrics
2026-05-21T09:37:28 [INFO] Heartbeat + Metrics
2026-05-21T09:37:37 [INFO] Heartbeat + Metrics
2026-05-21T09:37:48 [INFO] Heartbeat + Metrics
2026-05-21T09:37:48 [WARN] Failsafe triggered: CPU too high
2026-05-21T09:37:57 [INFO] Heartbeat + Metrics
2026-05-21T09:38:06 [INFO] Heartbeat + Metrics
2026-05-21T09:38:14 [INFO] Heartbeat + Metrics
2026-05-21T09:38:23 [INFO] Heartbeat + Metrics
2026-05-21T09:38:23 [WARN] Desired process no longer exists (PID 12408)
2026-05-21T09:38:23 [WARN] Desired process no longer exists (PID 3344)
2026-05-21T09:38:32 [INFO] Heartbeat + Metrics
2026-05-21T09:38:41 [INFO] Heartbeat + Metrics
2026-05-21T09:45:50 [INFO] Heartbeat + Metrics
2026-05-21T09:46:00 [INFO] Heartbeat + Metrics
2026-05-21T09:46:00 [WARN] Failsafe triggered: CPU too high
2026-05-21T09:46:09 [INFO] Heartbeat + Metrics
2026-05-21T09:46:09 [WARN] Failsafe triggered: CPU too high
2026-05-21T09:46:18 [INFO] Heartbeat + Metrics
2026-05-21T09:46:26 [INFO] Heartbeat + Metrics
2026-05-21T09:46:26 [WARN] Failsafe triggered: CPU too high
2026-05-21T09:46:36 [INFO] Heartbeat + Metrics
2026-05-21T09:46:36 [WARN] Failsafe triggered: CPU too high
2026-05-21T09:46:44 [INFO] Heartbeat + Metrics
2026-05-21T09:46:44 [WARN] Failsafe triggered: CPU too high
2026-05-21T09:46:54 [INFO] Heartbeat + Metrics
2026-05-21T09:46:54 [WARN] Failsafe triggered: CPU too high
2026-05-21T09:47:02 [INFO] Heartbeat + Metrics
2026-05-21T09:47:11 [INFO] Heartbeat + Metrics
2026-05-21T09:47:20 [INFO] Heartbeat + Metrics
2026-05-21T09:47:28 [INFO] Heartbeat + Metrics
2026-05-21T09:47:37 [INFO] Heartbeat + Metrics
2026-05-21T09:47:46 [INFO] Heartbeat + Metrics
2026-05-21T09:47:54 [INFO] Heartbeat + Metrics
2026-05-21T09:48:03 [INFO] Heartbeat + Metrics
2026-05-21T09:48:11 [INFO] Heartbeat + Metrics
2026-05-21T09:48:20 [INFO] Heartbeat + Metrics
2026-05-21T09:48:28 [INFO] Heartbeat + Metrics
2026-05-21T09:48:37 [INFO] Heartbeat + Metrics
2026-05-21T09:48:45 [INFO] Heartbeat + Metrics
2026-05-21T09:48:54 [INFO] Heartbeat + Metrics
2026-05-21T09:49:03 [INFO] Heartbeat + Metrics
2026-05-21T09:49:12 [INFO] Heartbeat + Metrics
2026-05-21T09:49:20 [INFO] Heartbeat + Metrics
2026-05-21T09:49:29 [INFO] Heartbeat + Metrics
2026-05-21T09:49:37 [INFO] Heartbeat + Metrics
2026-05-21T09:49:46 [INFO] Heartbeat + Metrics
2026-05-21T09:49:55 [INFO] Heartbeat + Metrics
2026-05-21T09:50:03 [INFO] Heartbeat + Metrics
2026-05-21T09:50:12 [INFO] Heartbeat + Metrics
2026-05-21T09:50:20 [INFO] Heartbeat + Metrics
2026-05-21T09:50:29 [INFO] Heartbeat + Metrics
2026-05-21T09:50:38 [INFO] Heartbeat + Metrics
2026-05-21T09:50:46 [INFO] Heartbeat + Metrics
2026-05-21T09:50:55 [INFO] Heartbeat + Metrics
2026-05-21T09:51:03 [INFO] Heartbeat + Metrics
2026-05-21T09:51:12 [INFO] Heartbeat + Metrics
2026-05-21T09:51:20 [INFO] Heartbeat + Metrics
2026-05-21T09:51:29 [INFO] Heartbeat + Metrics
2026-05-21T09:51:37 [INFO] Heartbeat + Metrics
2026-05-21T09:51:46 [INFO] Heartbeat + Metrics
2026-05-21T09:51:54 [INFO] Heartbeat + Metrics
2026-05-21T09:52:03 [INFO] Heartbeat + Metrics
2026-05-21T09:52:11 [INFO] Heartbeat + Metrics
2026-05-21T09:52:20 [INFO] Heartbeat + Metrics
2026-05-21T09:52:28 [INFO] Heartbeat + Metrics
2026-05-21T09:52:37 [INFO] Heartbeat + Metrics
2026-05-21T09:52:45 [INFO] Heartbeat + Metrics
2026-05-21T09:52:54 [INFO] Heartbeat + Metrics
2026-05-21T09:53:03 [INFO] Heartbeat + Metrics
2026-05-21T09:53:11 [INFO] Heartbeat + Metrics
2026-05-21T09:53:20 [INFO] Heartbeat + Metrics
2026-05-21T09:53:28 [INFO] Heartbeat + Metrics
2026-05-21T09:53:37 [INFO] Heartbeat + Metrics
2026-05-21T09:53:46 [INFO] Heartbeat + Metrics
2026-05-21T09:53:54 [INFO] Heartbeat + Metrics
2026-05-21T09:54:03 [INFO] Heartbeat + Metrics
2026-05-21T09:54:03 [WARN] Failsafe triggered: CPU too high
2026-05-21T09:54:12 [INFO] Heartbeat + Metrics
2026-05-21T09:54:12 [WARN] Desired process no longer exists (PID 5620)
2026-05-21T09:54:12 [WARN] Desired process no longer exists (PID 3344)
2026-05-21T09:54:20 [INFO] Heartbeat + Metrics
2026-05-21T09:54:21 [WARN] Desired process no longer exists (PID 5620)
2026-05-21T09:54:21 [WARN] Desired process no longer exists (PID 3344)
2026-05-21T09:54:29 [INFO] Heartbeat + Metrics
2026-05-21T09:54:38 [INFO] Heartbeat + Metrics
2026-05-21T09:54:46 [INFO] Heartbeat + Metrics
2026-05-21T09:54:55 [INFO] Heartbeat + Metrics
2026-05-21T09:55:03 [INFO] Heartbeat + Metrics
2026-05-21T09:55:12 [INFO] Heartbeat + Metrics
2026-05-21T09:55:20 [INFO] Heartbeat + Metrics
2026-05-21T09:55:29 [INFO] Heartbeat + Metrics
2026-05-21T09:55:37 [INFO] Heartbeat + Metrics
2026-05-21T09:55:46 [INFO] Heartbeat + Metrics
2026-05-21T09:55:54 [INFO] Heartbeat + Metrics
2026-05-21T09:56:03 [INFO] Heartbeat + Metrics
2026-05-21T09:56:12 [INFO] Heartbeat + Metrics
2026-05-21T09:56:20 [INFO] Heartbeat + Metrics
2026-05-21T09:56:29 [INFO] Heartbeat + Metrics
2026-05-21T09:56:37 [INFO] Heartbeat + Metrics
2026-05-21T09:56:46 [INFO] Heartbeat + Metrics
2026-05-21T09:56:54 [INFO] Heartbeat + Metrics
2026-05-21T09:57:03 [INFO] Heartbeat + Metrics
2026-05-21T09:57:12 [INFO] Heartbeat + Metrics
2026-05-21T09:57:20 [INFO] Heartbeat + Metrics
2026-05-21T09:57:29 [INFO] Heartbeat + Metrics
2026-05-21T09:57:29 [WARN] Failsafe triggered: CPU too high
2026-05-21T09:57:38 [INFO] Heartbeat + Metrics
2026-05-21T09:57:47 [INFO] Heartbeat + Metrics
2026-05-21T09:57:47 [WARN] Failsafe triggered: CPU too high
2026-05-21T09:57:56 [INFO] Heartbeat + Metrics
2026-05-21T09:58:04 [INFO] Heartbeat + Metrics
2026-05-21T09:58:13 [INFO] Heartbeat + Metrics
2026-05-21T09:58:22 [INFO] Heartbeat + Metrics
2026-05-21T09:58:31 [INFO] Heartbeat + Metrics
2026-05-21T09:58:45 [INFO] Heartbeat + Metrics
2026-05-21T09:58:45 [WARN] Failsafe triggered: CPU too high
2026-05-21T09:58:45 [WARN] Failsafe triggered: RAM too low
2026-05-21T09:58:56 [INFO] Heartbeat + Metrics
2026-05-21T09:58:56 [WARN] Failsafe triggered: CPU too high
2026-05-21T09:58:56 [WARN] Failsafe triggered: RAM too low
2026-05-21T09:59:05 [INFO] Heartbeat + Metrics
2026-05-21T09:59:05 [WARN] Failsafe triggered: CPU too high
2026-05-21T09:59:17 [INFO] Heartbeat + Metrics
2026-05-21T09:59:17 [WARN] Failsafe triggered: CPU too high
2026-05-21T09:59:32 [INFO] Heartbeat + Metrics
2026-05-21T09:59:32 [WARN] Failsafe triggered: CPU too high
2026-05-21T09:59:32 [WARN] Failsafe triggered: RAM too low
2026-05-21T09:59:42 [INFO] Heartbeat + Metrics
2026-05-21T09:59:42 [WARN] Failsafe triggered: CPU too high
2026-05-21T09:59:42 [WARN] Failsafe triggered: RAM too low
2026-05-21T09:59:53 [INFO] Heartbeat + Metrics
2026-05-21T09:59:53 [WARN] Failsafe triggered: CPU too high
2026-05-21T10:00:07 [INFO] Heartbeat + Metrics
2026-05-21T10:00:08 [WARN] Failsafe triggered: CPU too high
2026-05-21T10:00:08 [WARN] Failsafe triggered: RAM too low
2026-05-21T10:00:21 [INFO] Heartbeat + Metrics
2026-05-21T10:00:21 [WARN] Failsafe triggered: CPU too high
2026-05-21T10:00:21 [WARN] Failsafe triggered: RAM too low
2026-05-21T10:00:30 [INFO] Heartbeat + Metrics
2026-05-21T10:00:30 [WARN] Failsafe triggered: CPU too high
2026-05-21T10:00:39 [INFO] Heartbeat + Metrics
2026-05-21T10:00:48 [INFO] Heartbeat + Metrics
2026-05-21T10:00:57 [INFO] Heartbeat + Metrics
2026-05-21T10:01:06 [INFO] Heartbeat + Metrics
2026-05-21T10:01:14 [INFO] Heartbeat + Metrics
2026-05-21T10:01:23 [INFO] Heartbeat + Metrics
2026-05-21T10:01:23 [WARN] Failsafe triggered: CPU too high
2026-05-21T10:01:32 [INFO] Heartbeat + Metrics
2026-05-21T10:01:40 [INFO] Heartbeat + Metrics
2026-05-21T10:01:49 [INFO] Heartbeat + Metrics
2026-05-21T10:01:58 [INFO] Heartbeat + Metrics
2026-05-21T10:02:06 [INFO] Heartbeat + Metrics
2026-05-21T10:02:15 [INFO] Heartbeat + Metrics
2026-05-21T10:02:15 [WARN] Desired process no longer exists (PID 5620)
2026-05-21T10:02:15 [WARN] Desired process no longer exists (PID 3344)
2026-05-21T10:02:24 [INFO] Heartbeat + Metrics
2026-05-21T10:02:24 [WARN] Desired process no longer exists (PID 5620)
2026-05-21T10:02:24 [WARN] Desired process no longer exists (PID 3344)
2026-05-21T10:02:33 [INFO] Heartbeat + Metrics
2026-05-21T10:02:33 [WARN] Desired process no longer exists (PID 5620)
2026-05-21T10:02:33 [WARN] Desired process no longer exists (PID 3344)
2026-05-21T10:02:42 [INFO] Heartbeat + Metrics
2026-05-21T10:02:42 [WARN] Desired process no longer exists (PID 5620)
2026-05-21T10:02:42 [WARN] Desired process no longer exists (PID 3344)
2026-05-21T10:02:50 [INFO] Heartbeat + Metrics
2026-05-21T10:02:51 [WARN] Desired process no longer exists (PID 5620)
2026-05-21T10:02:51 [WARN] Desired process no longer exists (PID 3344)
2026-05-21T10:02:59 [INFO] Heartbeat + Metrics
2026-05-21T10:02:59 [WARN] Desired process no longer exists (PID 5620)
2026-05-21T10:02:59 [WARN] Desired process no longer exists (PID 3344)
2026-05-21T10:03:08 [INFO] Heartbeat + Metrics
2026-05-21T10:03:08 [WARN] Desired process no longer exists (PID 5620)
2026-05-21T10:03:08 [WARN] Desired process no longer exists (PID 3344)
2026-05-21T10:03:17 [INFO] Heartbeat + Metrics
2026-05-21T10:03:17 [WARN] Desired process no longer exists (PID 5620)
2026-05-21T10:03:17 [WARN] Desired process no longer exists (PID 3344)
2026-05-21T10:03:25 [INFO] Heartbeat + Metrics
2026-05-21T10:03:25 [WARN] Desired process no longer exists (PID 5620)
2026-05-21T10:03:25 [WARN] Desired process no longer exists (PID 3344)
2026-05-21T10:03:34 [INFO] Heartbeat + Metrics
2026-05-21T10:03:34 [WARN] Desired process no longer exists (PID 5620)
2026-05-21T10:03:34 [WARN] Desired process no longer exists (PID 3344)
2026-05-21T10:03:42 [INFO] Heartbeat + Metrics
2026-05-21T10:03:43 [WARN] Desired process no longer exists (PID 5620)
2026-05-21T10:03:43 [WARN] Desired process no longer exists (PID 3344)
2026-05-21T10:03:51 [INFO] Heartbeat + Metrics
2026-05-21T10:03:51 [WARN] Desired process no longer exists (PID 5620)
2026-05-21T10:03:51 [WARN] Desired process no longer exists (PID 3344)
2026-05-21T10:04:00 [INFO] Heartbeat + Metrics
2026-05-21T10:04:00 [WARN] Desired process no longer exists (PID 5620)
2026-05-21T10:04:00 [WARN] Desired process no longer exists (PID 3344)
2026-05-21T10:04:08 [INFO] Heartbeat + Metrics
2026-05-21T10:04:08 [WARN] Desired process no longer exists (PID 5620)
2026-05-21T10:04:08 [WARN] Desired process no longer exists (PID 3344)
2026-05-21T10:04:17 [INFO] Heartbeat + Metrics
2026-05-21T10:04:26 [INFO] Heartbeat + Metrics
2026-05-21T10:04:34 [INFO] Heartbeat + Metrics
2026-05-21T10:04:43 [INFO] Heartbeat + Metrics
2026-05-21T10:04:43 [WARN] Failsafe triggered: CPU too high
2026-05-21T10:04:51 [INFO] Heartbeat + Metrics
2026-05-21T10:05:01 [INFO] Heartbeat + Metrics
2026-05-21T10:05:01 [WARN] Failsafe triggered: CPU too high
2026-05-21T10:05:09 [INFO] Heartbeat + Metrics
2026-05-21T10:05:18 [INFO] Heartbeat + Metrics
2026-05-21T10:05:27 [INFO] Heartbeat + Metrics
2026-05-21T10:05:35 [INFO] Heartbeat + Metrics
2026-05-21T10:05:44 [INFO] Heartbeat + Metrics
2026-05-21T10:05:52 [INFO] Heartbeat + Metrics
2026-05-21T10:06:01 [INFO] Heartbeat + Metrics
2026-05-21T10:06:10 [INFO] Heartbeat + Metrics
2026-05-21T10:06:18 [INFO] Heartbeat + Metrics
2026-05-21T10:06:27 [INFO] Heartbeat + Metrics
2026-05-21T10:06:36 [INFO] Heartbeat + Metrics
2026-05-21T10:06:45 [INFO] Heartbeat + Metrics
2026-05-21T10:06:53 [INFO] Heartbeat + Metrics
2026-05-21T10:06:53 [WARN] Failsafe triggered: CPU too high
2026-05-21T10:07:02 [INFO] Heartbeat + Metrics
2026-05-21T10:07:12 [INFO] Heartbeat + Metrics
2026-05-21T10:07:12 [WARN] Failsafe triggered: CPU too high
2026-05-21T10:07:26 [INFO] Heartbeat + Metrics
2026-05-21T10:07:27 [WARN] Failsafe triggered: CPU too high
2026-05-21T10:07:27 [WARN] Failsafe triggered: RAM too low
2026-05-21T10:07:36 [INFO] Heartbeat + Metrics
2026-05-21T10:07:36 [WARN] Failsafe triggered: CPU too high
2026-05-21T10:07:44 [INFO] Heartbeat + Metrics
2026-05-21T10:07:44 [WARN] Failsafe triggered: CPU too high
2026-05-21T10:07:54 [INFO] Heartbeat + Metrics
2026-05-21T10:07:54 [WARN] Failsafe triggered: CPU too high
2026-05-21T10:08:03 [INFO] Heartbeat + Metrics
2026-05-21T10:08:11 [INFO] Heartbeat + Metrics
2026-05-21T10:08:20 [INFO] Heartbeat + Metrics
2026-05-21T10:08:29 [INFO] Heartbeat + Metrics
2026-05-21T10:08:29 [WARN] Failsafe triggered: CPU too high
2026-05-21T10:08:39 [INFO] Heartbeat + Metrics
2026-05-21T10:08:39 [WARN] Failsafe triggered: CPU too high
2026-05-21T10:08:50 [INFO] Heartbeat + Metrics
2026-05-21T10:08:50 [WARN] Failsafe triggered: CPU too high
2026-05-21T10:08:59 [INFO] Heartbeat + Metrics
2026-05-21T10:08:59 [WARN] Failsafe triggered: CPU too high
2026-05-21T10:09:10 [INFO] Heartbeat + Metrics
2026-05-21T10:09:10 [WARN] Failsafe triggered: CPU too high
2026-05-21T10:09:19 [INFO] Heartbeat + Metrics
2026-05-21T10:09:19 [WARN] Failsafe triggered: CPU too high
2026-05-21T10:09:31 [INFO] Heartbeat + Metrics
2026-05-21T10:09:32 [WARN] Failsafe triggered: CPU too high
2026-05-21T10:09:32 [WARN] Failsafe triggered: RAM too low
2026-05-21T10:09:42 [INFO] Heartbeat + Metrics
2026-05-21T10:09:42 [WARN] Failsafe triggered: CPU too high
2026-05-21T10:09:50 [INFO] Heartbeat + Metrics
2026-05-21T10:09:50 [WARN] Failsafe triggered: CPU too high
2026-05-21T10:09:59 [INFO] Heartbeat + Metrics
2026-05-21T10:09:59 [WARN] Desired process no longer exists (PID 20252)
2026-05-21T10:09:59 [WARN] Desired process no longer exists (PID 3344)
2026-05-21T10:10:08 [INFO] Heartbeat + Metrics
2026-05-21T10:10:08 [WARN] Desired process no longer exists (PID 20252)
2026-05-21T10:10:08 [WARN] Desired process no longer exists (PID 3344)
2026-05-21T10:10:17 [INFO] Heartbeat + Metrics
2026-05-21T10:10:17 [WARN] Desired process no longer exists (PID 20252)
2026-05-21T10:10:17 [WARN] Desired process no longer exists (PID 3344)
2026-05-21T10:10:26 [INFO] Heartbeat + Metrics
2026-05-21T10:10:26 [WARN] Desired process no longer exists (PID 20252)
2026-05-21T10:10:26 [WARN] Desired process no longer exists (PID 3344)
2026-05-21T10:10:35 [INFO] Heartbeat + Metrics
2026-05-21T10:10:35 [WARN] Desired process no longer exists (PID 20252)
2026-05-21T10:10:35 [WARN] Desired process no longer exists (PID 3344)
2026-05-21T10:10:44 [INFO] Heartbeat + Metrics
2026-05-21T10:10:44 [WARN] Desired process no longer exists (PID 20252)
2026-05-21T10:10:44 [WARN] Desired process no longer exists (PID 3344)
2026-05-21T10:10:52 [INFO] Heartbeat + Metrics
2026-05-21T10:10:52 [WARN] Desired process no longer exists (PID 20252)
2026-05-21T10:10:53 [WARN] Desired process no longer exists (PID 3344)
2026-05-21T10:11:02 [INFO] Heartbeat + Metrics
2026-05-21T10:11:02 [WARN] Desired process no longer exists (PID 20252)
2026-05-21T10:11:02 [WARN] Desired process no longer exists (PID 3344)
2026-05-21T10:11:11 [INFO] Heartbeat + Metrics
2026-05-21T10:11:11 [WARN] Desired process no longer exists (PID 20252)
2026-05-21T10:11:11 [WARN] Desired process no longer exists (PID 3344)
2026-05-21T10:11:20 [INFO] Heartbeat + Metrics
2026-05-21T10:11:20 [WARN] Desired process no longer exists (PID 20252)
2026-05-21T10:11:20 [WARN] Desired process no longer exists (PID 3344)
2026-05-21T10:11:29 [INFO] Heartbeat + Metrics
2026-05-21T10:11:29 [WARN] Desired process no longer exists (PID 20252)
2026-05-21T10:11:29 [WARN] Desired process no longer exists (PID 3344)
2026-05-21T10:11:37 [INFO] Heartbeat + Metrics
2026-05-21T10:11:37 [WARN] Desired process no longer exists (PID 20252)
2026-05-21T10:11:38 [WARN] Desired process no longer exists (PID 3344)
2026-05-21T10:11:46 [INFO] Heartbeat + Metrics
2026-05-21T10:11:46 [WARN] Desired process no longer exists (PID 20252)
2026-05-21T10:11:46 [WARN] Desired process no longer exists (PID 3344)
2026-05-21T10:11:55 [INFO] Heartbeat + Metrics
2026-05-21T10:11:55 [WARN] Desired process no longer exists (PID 20252)
2026-05-21T10:11:55 [WARN] Desired process no longer exists (PID 3344)
2026-05-21T10:12:04 [INFO] Heartbeat + Metrics
2026-05-21T10:12:04 [WARN] Desired process no longer exists (PID 20252)
2026-05-21T10:12:04 [WARN] Desired process no longer exists (PID 3344)
2026-05-21T10:12:12 [INFO] Heartbeat + Metrics
2026-05-21T10:12:12 [WARN] Desired process no longer exists (PID 20252)
2026-05-21T10:12:12 [WARN] Desired process no longer exists (PID 3344)
2026-05-21T10:12:21 [INFO] Heartbeat + Metrics
2026-05-21T10:12:21 [WARN] Desired process no longer exists (PID 20252)
2026-05-21T10:12:21 [WARN] Desired process no longer exists (PID 3344)
2026-05-21T10:12:30 [INFO] Heartbeat + Metrics
2026-05-21T10:12:30 [WARN] Desired process no longer exists (PID 20252)
2026-05-21T10:12:30 [WARN] Desired process no longer exists (PID 3344)
2026-05-21T10:12:39 [INFO] Heartbeat + Metrics
2026-05-21T10:12:39 [WARN] Desired process no longer exists (PID 20252)
2026-05-21T10:12:39 [WARN] Desired process no longer exists (PID 3344)
2026-05-21T10:12:47 [INFO] Heartbeat + Metrics
2026-05-21T10:12:47 [WARN] Desired process no longer exists (PID 20252)
2026-05-21T10:12:47 [WARN] Desired process no longer exists (PID 3344)
2026-05-21T10:12:56 [INFO] Heartbeat + Metrics
2026-05-21T10:12:56 [WARN] Desired process no longer exists (PID 20252)
2026-05-21T10:12:56 [WARN] Desired process no longer exists (PID 3344)
2026-05-21T10:13:05 [INFO] Heartbeat + Metrics
2026-05-21T10:13:05 [WARN] Failsafe triggered: CPU too high
2026-05-21T10:13:13 [INFO] Heartbeat + Metrics
2026-05-21T10:13:13 [WARN] Desired process no longer exists (PID 20252)
2026-05-21T10:13:14 [WARN] Desired process no longer exists (PID 3344)
2026-05-21T10:13:22 [INFO] Heartbeat + Metrics
2026-05-21T10:13:22 [WARN] Desired process no longer exists (PID 20252)
2026-05-21T10:13:22 [WARN] Desired process no longer exists (PID 3344)
2026-05-21T10:13:31 [INFO] Heartbeat + Metrics
2026-05-21T10:13:31 [WARN] Desired process no longer exists (PID 20252)
2026-05-21T10:13:31 [WARN] Desired process no longer exists (PID 3344)
2026-05-21T10:13:40 [INFO] Heartbeat + Metrics
2026-05-21T10:13:40 [WARN] Desired process no longer exists (PID 20252)
2026-05-21T10:13:40 [WARN] Desired process no longer exists (PID 3344)
2026-05-21T10:13:49 [INFO] Heartbeat + Metrics
2026-05-21T10:13:49 [WARN] Desired process no longer exists (PID 20252)
2026-05-21T10:13:49 [WARN] Desired process no longer exists (PID 3344)
2026-05-21T10:13:57 [INFO] Heartbeat + Metrics
2026-05-21T10:13:57 [WARN] Desired process no longer exists (PID 20252)
2026-05-21T10:13:57 [WARN] Desired process no longer exists (PID 3344)
2026-05-21T10:14:06 [INFO] Heartbeat + Metrics
2026-05-21T10:14:06 [WARN] Desired process no longer exists (PID 20252)
2026-05-21T10:14:06 [WARN] Desired process no longer exists (PID 3344)
2026-05-21T10:14:15 [INFO] Heartbeat + Metrics
2026-05-21T10:14:15 [WARN] Failsafe triggered: CPU too high
2026-05-21T10:14:24 [INFO] Heartbeat + Metrics
2026-05-21T10:14:24 [WARN] Failsafe triggered: CPU too high
2026-05-21T10:14:33 [INFO] Heartbeat + Metrics
2026-05-21T10:14:33 [WARN] Desired process no longer exists (PID 20252)
2026-05-21T10:14:33 [WARN] Desired process no longer exists (PID 3344)
2026-05-21T10:14:42 [INFO] Heartbeat + Metrics
2026-05-21T10:14:42 [WARN] Desired process no longer exists (PID 20252)
2026-05-21T10:14:42 [WARN] Desired process no longer exists (PID 3344)
2026-05-21T10:14:50 [INFO] Heartbeat + Metrics
2026-05-21T10:14:50 [WARN] Desired process no longer exists (PID 20252)
2026-05-21T10:14:50 [WARN] Desired process no longer exists (PID 3344)
2026-05-21T10:14:59 [INFO] Heartbeat + Metrics
2026-05-21T10:14:59 [WARN] Desired process no longer exists (PID 20252)
2026-05-21T10:14:59 [WARN] Desired process no longer exists (PID 3344)
2026-05-21T10:15:08 [INFO] Heartbeat + Metrics
2026-05-21T10:15:08 [WARN] Desired process no longer exists (PID 20252)
2026-05-21T10:15:08 [WARN] Desired process no longer exists (PID 3344)
2026-05-21T10:15:17 [INFO] Heartbeat + Metrics
2026-05-21T10:15:17 [WARN] Desired process no longer exists (PID 20252)
2026-05-21T10:15:17 [WARN] Desired process no longer exists (PID 3344)
2026-05-21T10:15:25 [INFO] Heartbeat + Metrics
2026-05-21T10:15:25 [WARN] Desired process no longer exists (PID 20252)
2026-05-21T10:15:25 [WARN] Desired process no longer exists (PID 3344)
2026-05-21T10:15:34 [INFO] Heartbeat + Metrics
2026-05-21T10:15:34 [WARN] Desired process no longer exists (PID 20252)
2026-05-21T10:15:34 [WARN] Desired process no longer exists (PID 3344)
2026-05-21T10:15:42 [INFO] Heartbeat + Metrics
2026-05-21T10:15:42 [WARN] Desired process no longer exists (PID 20252)
2026-05-21T10:15:42 [WARN] Desired process no longer exists (PID 3344)
2026-05-21T10:15:51 [INFO] Heartbeat + Metrics
2026-05-21T10:15:51 [WARN] Desired process no longer exists (PID 20252)
2026-05-21T10:15:51 [WARN] Desired process no longer exists (PID 3344)
2026-05-21T10:16:00 [INFO] Heartbeat + Metrics
2026-05-21T10:16:00 [WARN] Desired process no longer exists (PID 20252)
2026-05-21T10:16:00 [WARN] Desired process no longer exists (PID 3344)
2026-05-21T10:16:08 [INFO] Heartbeat + Metrics
2026-05-21T10:16:09 [WARN] Desired process no longer exists (PID 20252)
2026-05-21T10:16:09 [WARN] Desired process no longer exists (PID 3344)
2026-05-21T10:16:17 [INFO] Heartbeat + Metrics
2026-05-21T10:16:17 [WARN] Desired process no longer exists (PID 20252)
2026-05-21T10:16:17 [WARN] Desired process no longer exists (PID 3344)
2026-05-21T10:16:26 [INFO] Heartbeat + Metrics
2026-05-21T10:16:26 [WARN] Desired process no longer exists (PID 20252)
2026-05-21T10:16:26 [WARN] Desired process no longer exists (PID 3344)
2026-05-21T10:16:35 [INFO] Heartbeat + Metrics
2026-05-21T10:16:35 [WARN] Desired process no longer exists (PID 20252)
2026-05-21T10:16:35 [WARN] Desired process no longer exists (PID 3344)
2026-05-21T10:16:44 [INFO] Heartbeat + Metrics
2026-05-21T10:16:44 [WARN] Desired process no longer exists (PID 20252)
2026-05-21T10:16:44 [WARN] Desired process no longer exists (PID 3344)
2026-05-21T10:16:53 [INFO] Heartbeat + Metrics
2026-05-21T10:16:53 [WARN] Desired process no longer exists (PID 20252)
2026-05-21T10:16:53 [WARN] Desired process no longer exists (PID 3344)
2026-05-21T10:17:01 [INFO] Heartbeat + Metrics
2026-05-21T10:17:01 [WARN] Desired process no longer exists (PID 20252)
2026-05-21T10:17:02 [WARN] Desired process no longer exists (PID 3344)
2026-05-21T10:17:10 [INFO] Heartbeat + Metrics
2026-05-21T10:17:10 [WARN] Desired process no longer exists (PID 20252)
2026-05-21T10:17:10 [WARN] Desired process no longer exists (PID 3344)
2026-05-21T10:17:19 [INFO] Heartbeat + Metrics
2026-05-21T10:17:19 [WARN] Desired process no longer exists (PID 20252)
2026-05-21T10:17:19 [WARN] Desired process no longer exists (PID 3344)
2026-05-21T10:17:27 [INFO] Heartbeat + Metrics
2026-05-21T10:17:28 [WARN] Desired process no longer exists (PID 20252)
2026-05-21T10:17:28 [WARN] Desired process no longer exists (PID 3344)
2026-05-21T10:17:36 [INFO] Heartbeat + Metrics
2026-05-21T10:17:36 [WARN] Desired process no longer exists (PID 20252)
2026-05-21T10:17:36 [WARN] Desired process no longer exists (PID 3344)
2026-05-21T10:17:45 [INFO] Heartbeat + Metrics
2026-05-21T10:17:45 [WARN] Desired process no longer exists (PID 20252)
2026-05-21T10:17:45 [WARN] Desired process no longer exists (PID 3344)
2026-05-21T10:17:54 [INFO] Heartbeat + Metrics
2026-05-21T10:17:54 [WARN] Desired process no longer exists (PID 20252)
2026-05-21T10:17:54 [WARN] Desired process no longer exists (PID 3344)
2026-05-21T10:18:03 [INFO] Heartbeat + Metrics
2026-05-21T10:18:03 [WARN] Desired process no longer exists (PID 20252)
2026-05-21T10:18:03 [WARN] Desired process no longer exists (PID 3344)
2026-05-21T10:18:11 [INFO] Heartbeat + Metrics
2026-05-21T10:18:11 [WARN] Desired process no longer exists (PID 20252)
2026-05-21T10:18:11 [WARN] Desired process no longer exists (PID 3344)
2026-05-21T10:18:20 [INFO] Heartbeat + Metrics
2026-05-21T10:18:20 [WARN] Desired process no longer exists (PID 20252)
2026-05-21T10:18:20 [WARN] Desired process no longer exists (PID 3344)
2026-05-21T10:18:29 [INFO] Heartbeat + Metrics
2026-05-21T10:18:29 [WARN] Desired process no longer exists (PID 20252)
2026-05-21T10:18:29 [WARN] Desired process no longer exists (PID 3344)
2026-05-21T10:18:37 [INFO] Heartbeat + Metrics
2026-05-21T10:18:37 [WARN] Desired process no longer exists (PID 20252)
2026-05-21T10:18:37 [WARN] Desired process no longer exists (PID 3344)
2026-05-21T10:18:46 [INFO] Heartbeat + Metrics
2026-05-21T10:18:46 [WARN] Desired process no longer exists (PID 20252)
2026-05-21T10:18:46 [WARN] Desired process no longer exists (PID 3344)
2026-05-21T10:18:55 [INFO] Heartbeat + Metrics
2026-05-21T10:18:55 [WARN] Desired process no longer exists (PID 20252)
2026-05-21T10:18:55 [WARN] Desired process no longer exists (PID 3344)
2026-05-21T10:19:03 [INFO] Heartbeat + Metrics
2026-05-21T10:19:04 [WARN] Desired process no longer exists (PID 20252)
2026-05-21T10:19:04 [WARN] Desired process no longer exists (PID 3344)
2026-05-21T10:19:12 [INFO] Heartbeat + Metrics
2026-05-21T10:19:12 [WARN] Desired process no longer exists (PID 20252)
2026-05-21T10:19:12 [WARN] Desired process no longer exists (PID 3344)
2026-05-21T10:19:21 [INFO] Heartbeat + Metrics
2026-05-21T10:19:21 [WARN] Desired process no longer exists (PID 20252)
2026-05-21T10:19:21 [WARN] Desired process no longer exists (PID 3344)
2026-05-21T10:19:30 [INFO] Heartbeat + Metrics
2026-05-21T10:19:30 [WARN] Desired process no longer exists (PID 20252)
2026-05-21T10:19:30 [WARN] Desired process no longer exists (PID 3344)
2026-05-21T10:19:38 [INFO] Heartbeat + Metrics
2026-05-21T10:19:39 [WARN] Desired process no longer exists (PID 20252)
2026-05-21T10:19:39 [WARN] Desired process no longer exists (PID 3344)
2026-05-21T10:19:47 [INFO] Heartbeat + Metrics
2026-05-21T10:19:47 [WARN] Desired process no longer exists (PID 20252)
2026-05-21T10:19:47 [WARN] Desired process no longer exists (PID 3344)
2026-05-21T10:19:56 [INFO] Heartbeat + Metrics
2026-05-21T10:19:56 [WARN] Desired process no longer exists (PID 20252)
2026-05-21T10:19:56 [WARN] Desired process no longer exists (PID 3344)
2026-05-21T10:20:05 [INFO] Heartbeat + Metrics
2026-05-21T10:20:05 [WARN] Desired process no longer exists (PID 20252)
2026-05-21T10:20:05 [WARN] Desired process no longer exists (PID 3344)
2026-05-21T10:20:14 [INFO] Heartbeat + Metrics
2026-05-21T10:20:14 [WARN] Desired process no longer exists (PID 20252)
2026-05-21T10:20:14 [WARN] Desired process no longer exists (PID 3344)
2026-05-21T10:20:22 [INFO] Heartbeat + Metrics
2026-05-21T10:20:22 [WARN] Desired process no longer exists (PID 20252)
2026-05-21T10:20:22 [WARN] Desired process no longer exists (PID 3344)
2026-05-21T10:20:31 [INFO] Heartbeat + Metrics
2026-05-21T10:20:31 [WARN] Desired process no longer exists (PID 20252)
2026-05-21T10:20:31 [WARN] Desired process no longer exists (PID 3344)
2026-05-21T10:20:40 [INFO] Heartbeat + Metrics
2026-05-21T10:20:40 [WARN] Desired process no longer exists (PID 20252)
2026-05-21T10:20:40 [WARN] Desired process no longer exists (PID 3344)
2026-05-21T10:20:48 [INFO] Heartbeat + Metrics
2026-05-21T10:20:49 [WARN] Desired process no longer exists (PID 20252)
2026-05-21T10:20:49 [WARN] Desired process no longer exists (PID 3344)
2026-05-21T10:20:57 [INFO] Heartbeat + Metrics
2026-05-21T10:21:06 [INFO] Heartbeat + Metrics
2026-05-21T10:21:15 [INFO] Heartbeat + Metrics
2026-05-21T10:21:25 [INFO] Heartbeat + Metrics
2026-05-21T10:21:25 [WARN] Failsafe triggered: CPU too high
2026-05-21T10:21:33 [INFO] Heartbeat + Metrics
2026-05-21T10:21:34 [WARN] Desired process no longer exists (PID 20252)
2026-05-21T10:21:34 [WARN] Desired process no longer exists (PID 3344)
2026-05-21T10:21:43 [INFO] Heartbeat + Metrics
2026-05-21T10:21:44 [WARN] Desired process no longer exists (PID 20252)
2026-05-21T10:21:44 [WARN] Desired process no longer exists (PID 3344)
2026-05-21T10:21:52 [INFO] Heartbeat + Metrics
2026-05-21T10:21:52 [WARN] Desired process no longer exists (PID 20252)
2026-05-21T10:21:52 [WARN] Desired process no longer exists (PID 3344)
2026-05-21T10:22:01 [INFO] Heartbeat + Metrics
2026-05-21T10:22:01 [WARN] Desired process no longer exists (PID 20252)
2026-05-21T10:22:01 [WARN] Desired process no longer exists (PID 3344)
2026-05-21T10:22:10 [INFO] Heartbeat + Metrics
2026-05-21T10:22:10 [WARN] Desired process no longer exists (PID 20252)
2026-05-21T10:22:10 [WARN] Desired process no longer exists (PID 3344)
2026-05-21T10:22:18 [INFO] Heartbeat + Metrics
2026-05-21T10:22:19 [WARN] Desired process no longer exists (PID 20252)
2026-05-21T10:22:19 [WARN] Desired process no longer exists (PID 3344)
2026-05-21T10:22:27 [INFO] Heartbeat + Metrics
2026-05-21T10:22:27 [WARN] Desired process no longer exists (PID 20252)
2026-05-21T10:22:27 [WARN] Desired process no longer exists (PID 3344)
2026-05-21T10:22:36 [INFO] Heartbeat + Metrics
2026-05-21T10:22:36 [WARN] Desired process no longer exists (PID 20252)
2026-05-21T10:22:36 [WARN] Desired process no longer exists (PID 3344)
2026-05-21T10:22:45 [INFO] Heartbeat + Metrics
2026-05-21T10:22:45 [WARN] Desired process no longer exists (PID 20252)
2026-05-21T10:22:45 [WARN] Desired process no longer exists (PID 3344)
2026-05-21T10:22:53 [INFO] Heartbeat + Metrics
2026-05-21T10:22:53 [WARN] Desired process no longer exists (PID 20252)
2026-05-21T10:22:53 [WARN] Desired process no longer exists (PID 3344)
2026-05-21T10:23:02 [INFO] Heartbeat + Metrics
2026-05-21T10:23:02 [WARN] Desired process no longer exists (PID 20252)
2026-05-21T10:23:02 [WARN] Desired process no longer exists (PID 3344)
2026-05-21T10:23:11 [INFO] Heartbeat + Metrics
2026-05-21T10:23:11 [WARN] Desired process no longer exists (PID 20252)
2026-05-21T10:23:11 [WARN] Desired process no longer exists (PID 3344)
2026-05-21T10:23:19 [INFO] Heartbeat + Metrics
2026-05-21T10:23:28 [INFO] Heartbeat + Metrics
2026-05-21T10:23:37 [INFO] Heartbeat + Metrics
2026-05-21T10:23:46 [INFO] Heartbeat + Metrics
2026-05-21T10:23:46 [WARN] Desired process no longer exists (PID 20252)
2026-05-21T10:23:47 [WARN] Desired process no longer exists (PID 3344)
2026-05-21T10:23:57 [INFO] Heartbeat + Metrics
2026-05-21T10:23:57 [WARN] Failsafe triggered: CPU too high
2026-05-21T10:24:05 [INFO] Heartbeat + Metrics
2026-05-21T10:24:05 [WARN] Failsafe triggered: RAM too low
2026-05-21T10:24:14 [INFO] Heartbeat + Metrics
2026-05-21T10:24:23 [INFO] Heartbeat + Metrics
2026-05-21T10:24:31 [INFO] Heartbeat + Metrics
2026-05-21T10:24:40 [INFO] Heartbeat + Metrics
2026-05-21T10:24:49 [INFO] Heartbeat + Metrics
2026-05-21T10:24:49 [WARN] Desired process no longer exists (PID 20252)
2026-05-21T10:24:49 [WARN] Desired process no longer exists (PID 3344)
2026-05-21T10:24:58 [INFO] Heartbeat + Metrics
2026-05-21T10:25:06 [INFO] Heartbeat + Metrics
2026-05-21T10:25:06 [WARN] Desired process no longer exists (PID 20252)
2026-05-21T10:25:07 [WARN] Desired process no longer exists (PID 3344)
2026-05-21T10:25:15 [INFO] Heartbeat + Metrics
2026-05-21T10:25:15 [WARN] Desired process no longer exists (PID 20252)
2026-05-21T10:25:15 [WARN] Desired process no longer exists (PID 3344)
2026-05-21T10:25:24 [INFO] Heartbeat + Metrics
2026-05-21T10:25:24 [WARN] Desired process no longer exists (PID 20252)
2026-05-21T10:25:24 [WARN] Desired process no longer exists (PID 3344)
2026-05-21T10:25:33 [INFO] Heartbeat + Metrics
2026-05-21T10:25:33 [WARN] Desired process no longer exists (PID 20252)
2026-05-21T10:25:33 [WARN] Desired process no longer exists (PID 3344)
2026-05-21T10:25:41 [INFO] Heartbeat + Metrics
2026-05-21T10:25:41 [WARN] Desired process no longer exists (PID 20252)
2026-05-21T10:25:42 [WARN] Desired process no longer exists (PID 3344)
2026-05-21T10:25:50 [INFO] Heartbeat + Metrics
2026-05-21T10:25:50 [WARN] Desired process no longer exists (PID 20252)
2026-05-21T10:25:50 [WARN] Desired process no longer exists (PID 3344)
2026-05-21T10:25:59 [INFO] Heartbeat + Metrics
2026-05-21T10:25:59 [WARN] Desired process no longer exists (PID 20252)
2026-05-21T10:25:59 [WARN] Desired process no longer exists (PID 3344)
2026-05-21T10:26:08 [INFO] Heartbeat + Metrics
2026-05-21T10:26:08 [WARN] Desired process no longer exists (PID 20252)
2026-05-21T10:26:08 [WARN] Desired process no longer exists (PID 3344)
2026-05-21T10:26:16 [INFO] Heartbeat + Metrics
2026-05-21T10:26:16 [WARN] Desired process no longer exists (PID 20252)
2026-05-21T10:26:16 [WARN] Desired process no longer exists (PID 3344)
2026-05-21T10:26:25 [INFO] Heartbeat + Metrics
2026-05-21T10:26:25 [WARN] Desired process no longer exists (PID 20252)
2026-05-21T10:26:25 [WARN] Desired process no longer exists (PID 3344)
2026-05-21T10:26:34 [INFO] Heartbeat + Metrics
2026-05-21T10:26:34 [WARN] Desired process no longer exists (PID 20252)
2026-05-21T10:26:34 [WARN] Desired process no longer exists (PID 3344)
2026-05-21T10:26:42 [INFO] Heartbeat + Metrics
2026-05-21T10:26:43 [WARN] Desired process no longer exists (PID 20252)
2026-05-21T10:26:43 [WARN] Desired process no longer exists (PID 3344)
2026-05-21T10:26:51 [INFO] Heartbeat + Metrics
2026-05-21T10:26:51 [WARN] Desired process no longer exists (PID 20252)
2026-05-21T10:26:51 [WARN] Desired process no longer exists (PID 3344)
2026-05-21T10:27:00 [INFO] Heartbeat + Metrics
2026-05-21T10:27:00 [WARN] Desired process no longer exists (PID 20252)
2026-05-21T10:27:00 [WARN] Desired process no longer exists (PID 3344)
2026-05-21T10:27:09 [INFO] Heartbeat + Metrics
2026-05-21T10:27:09 [WARN] Desired process no longer exists (PID 20252)
2026-05-21T10:27:09 [WARN] Desired process no longer exists (PID 3344)
2026-05-21T10:27:17 [INFO] Heartbeat + Metrics
2026-05-21T10:27:17 [WARN] Desired process no longer exists (PID 20252)
2026-05-21T10:27:17 [WARN] Desired process no longer exists (PID 3344)
2026-05-21T10:27:26 [INFO] Heartbeat + Metrics
2026-05-21T10:27:26 [WARN] Desired process no longer exists (PID 20252)
2026-05-21T10:27:26 [WARN] Desired process no longer exists (PID 3344)
2026-05-21T10:27:35 [INFO] Heartbeat + Metrics
2026-05-21T10:27:35 [WARN] Failsafe triggered: CPU too high
2026-05-21T10:27:44 [INFO] Heartbeat + Metrics
2026-05-21T10:27:44 [WARN] Desired process no longer exists (PID 20252)
2026-05-21T10:27:44 [WARN] Desired process no longer exists (PID 3344)
2026-05-21T10:27:53 [INFO] Heartbeat + Metrics
2026-05-21T10:27:53 [WARN] Desired process no longer exists (PID 20252)
2026-05-21T10:27:53 [WARN] Desired process no longer exists (PID 3344)
2026-05-21T10:28:01 [INFO] Heartbeat + Metrics
2026-05-21T10:28:01 [WARN] Desired process no longer exists (PID 20252)
2026-05-21T10:28:01 [WARN] Desired process no longer exists (PID 3344)
2026-05-21T10:28:10 [INFO] Heartbeat + Metrics
2026-05-21T10:28:10 [WARN] Desired process no longer exists (PID 20252)
2026-05-21T10:28:10 [WARN] Desired process no longer exists (PID 3344)
2026-05-21T10:28:19 [INFO] Heartbeat + Metrics
2026-05-21T10:28:19 [WARN] Desired process no longer exists (PID 20252)
2026-05-21T10:28:19 [WARN] Desired process no longer exists (PID 3344)
2026-05-21T10:28:27 [INFO] Heartbeat + Metrics
2026-05-21T10:28:28 [WARN] Desired process no longer exists (PID 20252)
2026-05-21T10:28:28 [WARN] Desired process no longer exists (PID 3344)
2026-05-21T10:28:36 [INFO] Heartbeat + Metrics
2026-05-21T10:28:36 [WARN] Desired process no longer exists (PID 20252)
2026-05-21T10:28:36 [WARN] Desired process no longer exists (PID 3344)
2026-05-21T10:28:45 [INFO] Heartbeat + Metrics
2026-05-21T10:28:45 [WARN] Desired process no longer exists (PID 20252)
2026-05-21T10:28:45 [WARN] Desired process no longer exists (PID 3344)
2026-05-21T10:28:54 [INFO] Heartbeat + Metrics
2026-05-21T10:28:54 [WARN] Desired process no longer exists (PID 20252)
2026-05-21T10:28:54 [WARN] Desired process no longer exists (PID 3344)
2026-05-21T10:29:03 [INFO] Heartbeat + Metrics
2026-05-21T10:29:13 [INFO] Heartbeat + Metrics
2026-05-21T10:29:13 [WARN] Failsafe triggered: CPU too high
2026-05-21T10:29:22 [INFO] Heartbeat + Metrics
2026-05-21T10:29:22 [WARN] Failsafe triggered: CPU too high
2026-05-21T10:29:31 [INFO] Heartbeat + Metrics
2026-05-21T10:29:31 [WARN] Failsafe triggered: CPU too high
2026-05-21T10:29:40 [INFO] Heartbeat + Metrics
2026-05-21T10:29:50 [INFO] Heartbeat + Metrics
2026-05-21T10:29:50 [WARN] Failsafe triggered: CPU too high
2026-05-21T10:29:59 [INFO] Heartbeat + Metrics
2026-05-21T10:29:59 [WARN] Failsafe triggered: CPU too high
2026-05-21T10:30:08 [INFO] Heartbeat + Metrics
2026-05-21T10:30:08 [WARN] Failsafe triggered: CPU too high
2026-05-21T10:30:08 [WARN] Failsafe triggered: RAM too low
2026-05-21T10:30:19 [INFO] Heartbeat + Metrics
2026-05-21T10:30:19 [WARN] Failsafe triggered: RAM too low
2026-05-21T10:30:28 [INFO] Heartbeat + Metrics
2026-05-21T10:30:28 [WARN] Failsafe triggered: CPU too high
2026-05-21T10:30:37 [INFO] Heartbeat + Metrics
2026-05-21T10:30:37 [WARN] Desired process no longer exists (PID 20252)
2026-05-21T10:30:37 [WARN] Desired process no longer exists (PID 3344)
2026-05-21T10:30:46 [INFO] Heartbeat + Metrics
2026-05-21T10:30:46 [WARN] Desired process no longer exists (PID 20252)
2026-05-21T10:30:46 [WARN] Desired process no longer exists (PID 3344)
2026-05-21T10:30:55 [INFO] Heartbeat + Metrics
2026-05-21T10:30:55 [WARN] Desired process no longer exists (PID 20252)
2026-05-21T10:30:55 [WARN] Desired process no longer exists (PID 3344)
2026-05-21T10:31:04 [INFO] Heartbeat + Metrics
2026-05-21T10:31:04 [WARN] Desired process no longer exists (PID 20252)
2026-05-21T10:31:04 [WARN] Desired process no longer exists (PID 3344)
2026-05-21T10:31:13 [INFO] Heartbeat + Metrics
2026-05-21T10:31:13 [WARN] Desired process no longer exists (PID 20252)
2026-05-21T10:31:13 [WARN] Desired process no longer exists (PID 3344)
2026-05-21T10:31:22 [INFO] Heartbeat + Metrics
2026-05-21T10:31:22 [WARN] Desired process no longer exists (PID 20252)
2026-05-21T10:31:22 [WARN] Desired process no longer exists (PID 3344)
2026-05-21T10:31:32 [INFO] Heartbeat + Metrics
2026-05-21T10:31:32 [WARN] Failsafe triggered: CPU too high
2026-05-21T10:31:41 [INFO] Heartbeat + Metrics
2026-05-21T10:31:41 [WARN] Failsafe triggered: CPU too high
2026-05-21T10:31:50 [INFO] Heartbeat + Metrics
2026-05-21T10:32:01 [INFO] Heartbeat + Metrics
2026-05-21T10:32:01 [WARN] Failsafe triggered: CPU too high
2026-05-21T10:32:10 [INFO] Heartbeat + Metrics
2026-05-21T10:32:19 [INFO] Heartbeat + Metrics
2026-05-21T10:32:27 [INFO] Heartbeat + Metrics
2026-05-21T10:32:36 [INFO] Heartbeat + Metrics
2026-05-21T10:32:45 [INFO] Heartbeat + Metrics
2026-05-21T10:32:45 [WARN] Failsafe triggered: RAM too low
2026-05-21T10:32:54 [INFO] Heartbeat + Metrics
2026-05-21T10:32:54 [WARN] Desired process no longer exists (PID 20252)
2026-05-21T10:32:54 [WARN] Desired process no longer exists (PID 3344)
2026-05-21T10:33:03 [INFO] Heartbeat + Metrics
2026-05-21T10:33:14 [INFO] Heartbeat + Metrics
2026-05-21T10:33:24 [INFO] Heartbeat + Metrics
2026-05-21T10:33:24 [WARN] Failsafe triggered: CPU too high
2026-05-21T10:33:24 [WARN] Failsafe triggered: RAM too low
2026-05-21T10:33:33 [INFO] Heartbeat + Metrics
2026-05-21T10:33:33 [WARN] Failsafe triggered: CPU too high
2026-05-21T10:33:33 [WARN] Failsafe triggered: RAM too low
2026-05-21T10:33:42 [INFO] Heartbeat + Metrics
2026-05-21T10:33:43 [WARN] Desired process no longer exists (PID 20252)
2026-05-21T10:33:43 [WARN] Desired process no longer exists (PID 3344)
2026-05-21T10:33:52 [INFO] Heartbeat + Metrics
2026-05-21T10:33:52 [WARN] Failsafe triggered: CPU too high
2026-05-21T10:34:00 [INFO] Heartbeat + Metrics
2026-05-21T10:34:00 [WARN] Desired process no longer exists (PID 20252)
2026-05-21T10:34:00 [WARN] Desired process no longer exists (PID 3344)
2026-05-21T10:34:09 [INFO] Heartbeat + Metrics
2026-05-21T10:34:10 [WARN] Desired process no longer exists (PID 20252)
2026-05-21T10:34:10 [WARN] Desired process no longer exists (PID 3344)
2026-05-21T10:34:18 [INFO] Heartbeat + Metrics
2026-05-21T10:34:19 [WARN] Desired process no longer exists (PID 20252)
2026-05-21T10:34:19 [WARN] Desired process no longer exists (PID 3344)
2026-05-21T10:34:27 [INFO] Heartbeat + Metrics
2026-05-21T10:34:27 [WARN] Desired process no longer exists (PID 20252)
2026-05-21T10:34:27 [WARN] Desired process no longer exists (PID 3344)
2026-05-21T10:34:36 [INFO] Heartbeat + Metrics
2026-05-21T10:34:36 [WARN] Desired process no longer exists (PID 20252)
2026-05-21T10:34:36 [WARN] Desired process no longer exists (PID 3344)
2026-05-21T10:34:45 [INFO] Heartbeat + Metrics
2026-05-21T10:34:45 [WARN] Desired process no longer exists (PID 20252)
2026-05-21T10:34:45 [WARN] Desired process no longer exists (PID 3344)
2026-05-21T10:34:54 [INFO] Heartbeat + Metrics
2026-05-21T10:34:54 [WARN] Failsafe triggered: CPU too high
2026-05-21T10:35:03 [INFO] Heartbeat + Metrics
2026-05-21T10:35:03 [WARN] Failsafe triggered: CPU too high
2026-05-21T10:35:13 [INFO] Heartbeat + Metrics
2026-05-21T10:35:13 [WARN] Failsafe triggered: RAM too low
2026-05-21T10:35:24 [INFO] Heartbeat + Metrics
2026-05-21T10:35:25 [WARN] Failsafe triggered: CPU too high
2026-05-21T10:35:25 [WARN] Failsafe triggered: RAM too low
2026-05-21T10:35:37 [INFO] Heartbeat + Metrics
2026-05-21T10:35:37 [WARN] Failsafe triggered: CPU too high
2026-05-21T10:35:37 [WARN] Failsafe triggered: RAM too low
2026-05-21T10:35:49 [INFO] Heartbeat + Metrics
2026-05-21T10:35:49 [WARN] Failsafe triggered: CPU too high
2026-05-21T10:35:49 [WARN] Failsafe triggered: RAM too low
2026-05-21T10:35:59 [INFO] Heartbeat + Metrics
2026-05-21T10:35:59 [WARN] Failsafe triggered: CPU too high
2026-05-21T10:35:59 [WARN] Failsafe triggered: RAM too low
2026-05-21T10:36:08 [INFO] Heartbeat + Metrics
2026-05-21T10:36:08 [WARN] Failsafe triggered: CPU too high
2026-05-21T10:36:28 [INFO] Heartbeat + Metrics
2026-05-21T10:36:28 [WARN] Failsafe triggered: CPU too high
2026-05-21T10:36:28 [WARN] Failsafe triggered: RAM too low
2026-05-21T10:36:39 [INFO] Heartbeat + Metrics
2026-05-21T10:36:40 [WARN] Failsafe triggered: CPU too high
2026-05-21T10:36:40 [WARN] Failsafe triggered: RAM too low
2026-05-21T10:36:50 [INFO] Heartbeat + Metrics
2026-05-21T10:36:50 [WARN] Failsafe triggered: RAM too low
2026-05-21T10:37:00 [INFO] Heartbeat + Metrics
2026-05-21T10:37:01 [WARN] Desired process no longer exists (PID 20252)
2026-05-21T10:37:01 [WARN] Desired process no longer exists (PID 3344)
2026-05-21T10:37:10 [INFO] Heartbeat + Metrics
2026-05-21T10:37:10 [WARN] Desired process no longer exists (PID 20252)
2026-05-21T10:37:10 [WARN] Desired process no longer exists (PID 3344)
2026-05-21T10:37:20 [INFO] Heartbeat + Metrics
2026-05-21T10:37:20 [WARN] Desired process no longer exists (PID 20252)
2026-05-21T10:37:20 [WARN] Desired process no longer exists (PID 3344)
2026-05-21T10:37:29 [INFO] Heartbeat + Metrics
2026-05-21T10:37:29 [WARN] Failsafe triggered: CPU too high
2026-05-21T10:37:30 [WARN] Failsafe triggered: RAM too low
2026-05-21T10:37:38 [INFO] Heartbeat + Metrics
2026-05-21T10:37:39 [WARN] Failsafe triggered: RAM too low
2026-05-21T10:37:47 [INFO] Heartbeat + Metrics
2026-05-21T10:37:57 [INFO] Heartbeat + Metrics
2026-05-21T10:38:11 [INFO] Heartbeat + Metrics
2026-05-21T10:38:12 [WARN] Failsafe triggered: CPU too high
2026-05-21T10:38:22 [INFO] Heartbeat + Metrics
2026-05-21T10:38:22 [WARN] Failsafe triggered: CPU too high
2026-05-21T10:38:22 [WARN] Failsafe triggered: RAM too low
2026-05-21T10:38:31 [INFO] Heartbeat + Metrics
2026-05-21T10:38:31 [WARN] Failsafe triggered: CPU too high
2026-05-21T10:38:40 [INFO] Heartbeat + Metrics
2026-05-21T10:38:48 [INFO] Heartbeat + Metrics
2026-05-21T10:38:48 [WARN] Failsafe triggered: CPU too high
2026-05-21T10:38:58 [INFO] Heartbeat + Metrics
2026-05-21T10:38:58 [WARN] Failsafe triggered: RAM too low
2026-05-21T10:39:07 [INFO] Heartbeat + Metrics
2026-05-21T10:39:07 [WARN] Failsafe triggered: RAM too low
2026-05-21T10:39:16 [INFO] Heartbeat + Metrics
2026-05-21T10:39:16 [WARN] Failsafe triggered: CPU too high
2026-05-21T10:39:16 [WARN] Failsafe triggered: RAM too low
2026-05-21T10:39:27 [INFO] Heartbeat + Metrics
2026-05-21T10:39:27 [WARN] Failsafe triggered: CPU too high
2026-05-21T10:39:38 [INFO] Heartbeat + Metrics
2026-05-21T10:39:38 [WARN] Failsafe triggered: CPU too high
2026-05-21T10:39:38 [WARN] Failsafe triggered: RAM too low
2026-05-21T10:39:48 [INFO] Heartbeat + Metrics
2026-05-21T10:39:48 [WARN] Failsafe triggered: CPU too high
2026-05-21T10:39:48 [WARN] Failsafe triggered: RAM too low
2026-05-21T10:39:56 [INFO] Heartbeat + Metrics
2026-05-21T10:39:56 [WARN] Failsafe triggered: CPU too high
2026-05-21T10:40:05 [INFO] Heartbeat + Metrics
2026-05-21T10:40:14 [INFO] Heartbeat + Metrics
2026-05-21T10:40:14 [WARN] Failsafe triggered: CPU too high
2026-05-21T10:40:24 [INFO] Heartbeat + Metrics
2026-05-21T10:40:24 [WARN] Failsafe triggered: CPU too high
2026-05-21T10:40:33 [INFO] Heartbeat + Metrics
2026-05-21T10:40:42 [INFO] Heartbeat + Metrics
2026-05-21T10:40:51 [INFO] Heartbeat + Metrics
2026-05-21T10:40:59 [INFO] Heartbeat + Metrics
2026-05-21T10:41:08 [INFO] Heartbeat + Metrics
2026-05-21T10:41:17 [INFO] Heartbeat + Metrics
2026-05-21T10:41:26 [INFO] Heartbeat + Metrics
2026-05-21T10:41:35 [INFO] Heartbeat + Metrics
2026-05-21T10:41:44 [INFO] Heartbeat + Metrics
2026-05-21T10:41:44 [WARN] Failsafe triggered: CPU too high
2026-05-21T10:41:44 [WARN] Failsafe triggered: RAM too low
2026-05-21T10:41:53 [INFO] Heartbeat + Metrics
2026-05-21T10:41:53 [WARN] Failsafe triggered: RAM too low
2026-05-21T10:42:02 [INFO] Heartbeat + Metrics
2026-05-21T10:42:02 [WARN] Failsafe triggered: RAM too low
2026-05-21T10:42:11 [INFO] Heartbeat + Metrics
2026-05-21T10:42:19 [INFO] Heartbeat + Metrics
2026-05-21T10:42:28 [INFO] Heartbeat + Metrics
2026-05-21T10:42:37 [INFO] Heartbeat + Metrics
2026-05-21T10:42:46 [INFO] Heartbeat + Metrics
2026-05-21T10:42:55 [INFO] Heartbeat + Metrics
2026-05-21T10:42:55 [WARN] Failsafe triggered: CPU too high
2026-05-21T10:43:03 [INFO] Heartbeat + Metrics
2026-05-21T10:43:04 [WARN] Desired process no longer exists (PID 20252)
2026-05-21T10:43:04 [WARN] Desired process no longer exists (PID 3344)
2026-05-21T10:43:13 [INFO] Heartbeat + Metrics
2026-05-21T10:43:13 [WARN] Failsafe triggered: CPU too high
2026-05-21T10:43:22 [INFO] Heartbeat + Metrics
2026-05-21T10:43:22 [WARN] Failsafe triggered: CPU too high
2026-05-21T10:43:31 [INFO] Heartbeat + Metrics
2026-05-21T10:43:31 [WARN] Failsafe triggered: RAM too low
2026-05-21T10:43:41 [INFO] Heartbeat + Metrics
2026-05-21T10:43:50 [INFO] Heartbeat + Metrics
2026-05-21T10:43:59 [INFO] Heartbeat + Metrics
2026-05-21T10:43:59 [WARN] Failsafe triggered: CPU too high
2026-05-21T10:44:10 [INFO] Heartbeat + Metrics
2026-05-21T10:44:10 [WARN] Failsafe triggered: CPU too high
2026-05-21T10:44:10 [WARN] Failsafe triggered: RAM too low
2026-05-21T10:44:21 [INFO] Heartbeat + Metrics
2026-05-21T10:44:21 [WARN] Failsafe triggered: CPU too high
2026-05-21T10:44:21 [WARN] Failsafe triggered: RAM too low
2026-05-21T10:44:30 [INFO] Heartbeat + Metrics
2026-05-21T10:44:30 [WARN] Desired process no longer exists (PID 20252)
2026-05-21T10:44:30 [WARN] Desired process no longer exists (PID 3344)
2026-05-21T10:44:39 [INFO] Heartbeat + Metrics
2026-05-21T10:44:39 [WARN] Failsafe triggered: CPU too high
2026-05-21T10:44:39 [WARN] Failsafe triggered: RAM too low
2026-05-21T10:44:48 [INFO] Heartbeat + Metrics
2026-05-21T10:44:49 [WARN] Desired process no longer exists (PID 20252)
2026-05-21T10:44:49 [WARN] Desired process no longer exists (PID 3344)
2026-05-21T10:44:58 [INFO] Heartbeat + Metrics
2026-05-21T10:44:59 [WARN] Desired process no longer exists (PID 20252)
2026-05-21T10:44:59 [WARN] Desired process no longer exists (PID 3344)
2026-05-21T10:45:08 [INFO] Heartbeat + Metrics
2026-05-21T10:45:08 [WARN] Failsafe triggered: RAM too low
2026-05-21T10:45:17 [INFO] Heartbeat + Metrics
2026-05-21T10:45:18 [WARN] Desired process no longer exists (PID 20252)
2026-05-21T10:45:18 [WARN] Desired process no longer exists (PID 3344)
2026-05-21T10:45:28 [INFO] Heartbeat + Metrics
2026-05-21T10:45:28 [WARN] Desired process no longer exists (PID 20252)
2026-05-21T10:45:28 [WARN] Desired process no longer exists (PID 3344)
2026-05-21T10:45:37 [INFO] Heartbeat + Metrics
2026-05-21T10:45:37 [WARN] Desired process no longer exists (PID 20252)
2026-05-21T10:45:37 [WARN] Desired process no longer exists (PID 3344)
2026-05-21T10:45:46 [INFO] Heartbeat + Metrics
2026-05-21T10:45:46 [WARN] Desired process no longer exists (PID 20252)
2026-05-21T10:45:46 [WARN] Desired process no longer exists (PID 3344)
2026-05-21T10:45:55 [INFO] Heartbeat + Metrics
2026-05-21T10:45:55 [WARN] Desired process no longer exists (PID 20252)
2026-05-21T10:45:55 [WARN] Desired process no longer exists (PID 3344)
2026-05-21T10:46:04 [INFO] Heartbeat + Metrics
2026-05-21T10:46:04 [WARN] Failsafe triggered: CPU too high
2026-05-21T10:46:04 [WARN] Failsafe triggered: RAM too low
2026-05-21T10:46:13 [INFO] Heartbeat + Metrics
2026-05-21T10:46:13 [WARN] Desired process no longer exists (PID 20252)
2026-05-21T10:46:13 [WARN] Desired process no longer exists (PID 3344)
2026-05-21T10:46:22 [INFO] Heartbeat + Metrics
2026-05-21T10:46:22 [WARN] Desired process no longer exists (PID 20252)
2026-05-21T10:46:22 [WARN] Desired process no longer exists (PID 3344)
2026-05-21T10:46:31 [INFO] Heartbeat + Metrics
2026-05-21T10:46:31 [WARN] Desired process no longer exists (PID 20252)
2026-05-21T10:46:31 [WARN] Desired process no longer exists (PID 3344)
2026-05-21T10:46:39 [INFO] Heartbeat + Metrics
2026-05-21T10:46:39 [WARN] Desired process no longer exists (PID 20252)
2026-05-21T10:46:39 [WARN] Desired process no longer exists (PID 3344)
2026-05-21T10:46:48 [INFO] Heartbeat + Metrics
2026-05-21T10:46:48 [WARN] Desired process no longer exists (PID 20252)
2026-05-21T10:46:48 [WARN] Desired process no longer exists (PID 3344)
2026-05-21T10:46:57 [INFO] Heartbeat + Metrics
2026-05-21T10:46:57 [WARN] Desired process no longer exists (PID 20252)
2026-05-21T10:46:57 [WARN] Desired process no longer exists (PID 3344)
2026-05-21T10:47:06 [INFO] Heartbeat + Metrics
2026-05-21T10:47:06 [WARN] Desired process no longer exists (PID 20252)
2026-05-21T10:47:06 [WARN] Desired process no longer exists (PID 3344)
2026-05-21T10:47:15 [INFO] Heartbeat + Metrics
2026-05-21T10:47:15 [WARN] Desired process no longer exists (PID 20252)
2026-05-21T10:47:15 [WARN] Desired process no longer exists (PID 3344)
2026-05-21T10:47:24 [INFO] Heartbeat + Metrics
2026-05-21T10:47:24 [WARN] Desired process no longer exists (PID 20252)
2026-05-21T10:47:24 [WARN] Desired process no longer exists (PID 3344)
2026-05-21T10:47:33 [INFO] Heartbeat + Metrics
2026-05-21T10:47:33 [WARN] Failsafe triggered: CPU too high
2026-05-21T10:47:42 [INFO] Heartbeat + Metrics
2026-05-21T10:47:42 [WARN] Desired process no longer exists (PID 20252)
2026-05-21T10:47:42 [WARN] Desired process no longer exists (PID 3344)
2026-05-21T10:47:51 [INFO] Heartbeat + Metrics
2026-05-21T10:47:51 [WARN] Desired process no longer exists (PID 20252)
2026-05-21T10:47:51 [WARN] Desired process no longer exists (PID 3344)
2026-05-21T10:48:00 [INFO] Heartbeat + Metrics
2026-05-21T10:48:00 [WARN] Desired process no longer exists (PID 20252)
2026-05-21T10:48:00 [WARN] Desired process no longer exists (PID 3344)
2026-05-21T10:48:09 [INFO] Heartbeat + Metrics
2026-05-21T10:48:09 [WARN] Desired process no longer exists (PID 20252)
2026-05-21T10:48:09 [WARN] Desired process no longer exists (PID 3344)
2026-05-21T10:48:18 [INFO] Heartbeat + Metrics
2026-05-21T10:48:18 [WARN] Desired process no longer exists (PID 20252)
2026-05-21T10:48:18 [WARN] Desired process no longer exists (PID 3344)
2026-05-21T10:48:26 [INFO] Heartbeat + Metrics
2026-05-21T10:48:27 [WARN] Desired process no longer exists (PID 20252)
2026-05-21T10:48:27 [WARN] Desired process no longer exists (PID 3344)
2026-05-21T10:48:35 [INFO] Heartbeat + Metrics
2026-05-21T10:48:35 [WARN] Desired process no longer exists (PID 20252)
2026-05-21T10:48:35 [WARN] Desired process no longer exists (PID 3344)
2026-05-21T10:48:45 [INFO] Heartbeat + Metrics
2026-05-21T10:48:45 [WARN] Failsafe triggered: CPU too high
2026-05-21T10:48:55 [INFO] Heartbeat + Metrics
2026-05-21T10:48:55 [WARN] Failsafe triggered: CPU too high
2026-05-21T10:48:55 [WARN] Failsafe triggered: RAM too low
2026-05-21T10:49:05 [INFO] Heartbeat + Metrics
2026-05-21T10:49:05 [WARN] Failsafe triggered: CPU too high
2026-05-21T10:49:05 [WARN] Failsafe triggered: RAM too low
2026-05-21T10:49:15 [INFO] Heartbeat + Metrics
2026-05-21T10:49:15 [WARN] Failsafe triggered: CPU too high
2026-05-21T10:49:24 [INFO] Heartbeat + Metrics
2026-05-21T10:49:24 [WARN] Desired process no longer exists (PID 20252)
2026-05-21T10:49:24 [WARN] Desired process no longer exists (PID 3344)
2026-05-21T10:49:33 [INFO] Heartbeat + Metrics
2026-05-21T10:49:33 [WARN] Desired process no longer exists (PID 20252)
2026-05-21T10:49:33 [WARN] Desired process no longer exists (PID 3344)
2026-05-21T10:49:42 [INFO] Heartbeat + Metrics
2026-05-21T10:49:42 [WARN] Desired process no longer exists (PID 20252)
2026-05-21T10:49:42 [WARN] Desired process no longer exists (PID 3344)
2026-05-21T10:49:51 [INFO] Heartbeat + Metrics
2026-05-21T10:49:51 [WARN] Desired process no longer exists (PID 20252)
2026-05-21T10:49:51 [WARN] Desired process no longer exists (PID 3344)
2026-05-21T10:50:00 [INFO] Heartbeat + Metrics
2026-05-21T10:50:00 [WARN] Failsafe triggered: CPU too high
2026-05-21T10:50:09 [INFO] Heartbeat + Metrics
2026-05-21T10:50:09 [WARN] Desired process no longer exists (PID 20252)
2026-05-21T10:50:09 [WARN] Desired process no longer exists (PID 3344)
2026-05-21T10:50:17 [INFO] Heartbeat + Metrics
2026-05-21T10:50:18 [WARN] Desired process no longer exists (PID 20252)
2026-05-21T10:50:18 [WARN] Desired process no longer exists (PID 3344)
2026-05-21T10:50:26 [INFO] Heartbeat + Metrics
2026-05-21T10:50:26 [WARN] Desired process no longer exists (PID 20252)
2026-05-21T10:50:26 [WARN] Desired process no longer exists (PID 3344)
2026-05-21T10:50:35 [INFO] Heartbeat + Metrics
2026-05-21T10:50:35 [WARN] Desired process no longer exists (PID 20252)
2026-05-21T10:50:35 [WARN] Desired process no longer exists (PID 3344)
2026-05-21T10:50:44 [INFO] Heartbeat + Metrics
2026-05-21T10:50:54 [INFO] Heartbeat + Metrics
2026-05-21T10:50:54 [WARN] Failsafe triggered: CPU too high
2026-05-21T10:51:03 [INFO] Heartbeat + Metrics
2026-05-21T10:51:12 [INFO] Heartbeat + Metrics
2026-05-21T10:51:21 [INFO] Heartbeat + Metrics
2026-05-21T10:51:21 [WARN] Failsafe triggered: CPU too high
2026-05-21T10:51:31 [INFO] Heartbeat + Metrics
2026-05-21T10:51:32 [WARN] Desired process no longer exists (PID 16824)
2026-05-21T10:51:32 [WARN] Desired process no longer exists (PID 3344)
2026-05-21T10:51:41 [INFO] Heartbeat + Metrics
2026-05-21T10:51:42 [WARN] Desired process no longer exists (PID 16824)
2026-05-21T10:51:42 [WARN] Desired process no longer exists (PID 3344)
2026-05-21T10:51:51 [INFO] Heartbeat + Metrics
2026-05-21T10:51:51 [WARN] Failsafe triggered: RAM too low
2026-05-21T10:52:00 [INFO] Heartbeat + Metrics
2026-05-21T10:52:01 [WARN] Desired process no longer exists (PID 16824)
2026-05-21T10:52:01 [WARN] Desired process no longer exists (PID 3344)
2026-05-21T10:52:09 [INFO] Heartbeat + Metrics
2026-05-21T10:52:10 [WARN] Desired process no longer exists (PID 16824)
2026-05-21T10:52:10 [WARN] Desired process no longer exists (PID 3344)
2026-05-21T10:52:18 [INFO] Heartbeat + Metrics
2026-05-21T10:52:18 [WARN] Desired process no longer exists (PID 16824)
2026-05-21T10:52:18 [WARN] Desired process no longer exists (PID 3344)
2026-05-21T10:52:27 [INFO] Heartbeat + Metrics
2026-05-21T10:52:27 [WARN] Desired process no longer exists (PID 16824)
2026-05-21T10:52:27 [WARN] Desired process no longer exists (PID 3344)
2026-05-21T10:52:36 [INFO] Heartbeat + Metrics
2026-05-21T10:52:45 [INFO] Heartbeat + Metrics
2026-05-21T10:52:45 [WARN] Failsafe triggered: RAM too low
2026-05-21T10:52:55 [INFO] Heartbeat + Metrics
2026-05-21T10:52:55 [WARN] Failsafe triggered: CPU too high
2026-05-21T10:52:55 [WARN] Failsafe triggered: RAM too low
2026-05-21T10:53:04 [INFO] Heartbeat + Metrics
2026-05-21T10:53:05 [WARN] Desired process no longer exists (PID 16824)
2026-05-21T10:53:05 [WARN] Desired process no longer exists (PID 3344)
2026-05-21T10:53:14 [INFO] Heartbeat + Metrics
2026-05-21T10:53:15 [WARN] Desired process no longer exists (PID 16824)
2026-05-21T10:53:15 [WARN] Desired process no longer exists (PID 3344)
2026-05-21T10:53:23 [INFO] Heartbeat + Metrics
2026-05-21T10:53:23 [WARN] Desired process no longer exists (PID 16824)
2026-05-21T10:53:23 [WARN] Desired process no longer exists (PID 3344)
2026-05-21T10:53:32 [INFO] Heartbeat + Metrics
2026-05-21T10:53:32 [WARN] Desired process no longer exists (PID 16824)
2026-05-21T10:53:32 [WARN] Desired process no longer exists (PID 3344)
2026-05-21T10:53:41 [INFO] Heartbeat + Metrics
2026-05-21T10:53:41 [WARN] Desired process no longer exists (PID 16824)
2026-05-21T10:53:41 [WARN] Desired process no longer exists (PID 3344)
2026-05-21T10:53:50 [INFO] Heartbeat + Metrics
2026-05-21T10:53:59 [INFO] Heartbeat + Metrics
2026-05-21T10:53:59 [WARN] Failsafe triggered: RAM too low
2026-05-21T10:54:08 [INFO] Heartbeat + Metrics
2026-05-21T10:54:17 [INFO] Heartbeat + Metrics
2026-05-21T10:54:26 [INFO] Heartbeat + Metrics
2026-05-21T10:54:27 [WARN] Desired process no longer exists (PID 16824)
2026-05-21T10:54:27 [WARN] Desired process no longer exists (PID 3344)
2026-05-21T10:54:35 [INFO] Heartbeat + Metrics
2026-05-21T10:54:35 [WARN] Desired process no longer exists (PID 16824)
2026-05-21T10:54:35 [WARN] Desired process no longer exists (PID 3344)
2026-05-21T10:54:44 [INFO] Heartbeat + Metrics
2026-05-21T10:54:53 [INFO] Heartbeat + Metrics
2026-05-21T10:55:01 [INFO] Heartbeat + Metrics
2026-05-21T10:55:12 [INFO] Heartbeat + Metrics
2026-05-21T10:55:12 [WARN] Failsafe triggered: CPU too high
2026-05-21T10:55:21 [INFO] Heartbeat + Metrics
2026-05-21T10:55:21 [WARN] Desired process no longer exists (PID 16824)
2026-05-21T10:55:21 [WARN] Desired process no longer exists (PID 3344)
2026-05-21T10:55:31 [INFO] Heartbeat + Metrics
2026-05-21T10:55:31 [WARN] Failsafe triggered: RAM too low
2026-05-21T10:55:41 [INFO] Heartbeat + Metrics
2026-05-21T10:55:42 [WARN] Failsafe triggered: CPU too high
2026-05-21T10:55:50 [INFO] Heartbeat + Metrics
2026-05-21T10:56:00 [INFO] Heartbeat + Metrics
2026-05-21T10:56:00 [WARN] Failsafe triggered: RAM too low
2026-05-21T10:56:09 [INFO] Heartbeat + Metrics
2026-05-21T10:56:18 [INFO] Heartbeat + Metrics
2026-05-21T10:56:27 [INFO] Heartbeat + Metrics
2026-05-21T10:56:35 [INFO] Heartbeat + Metrics
2026-05-21T10:56:35 [WARN] Desired process no longer exists (PID 16824)
2026-05-21T10:56:35 [WARN] Desired process no longer exists (PID 3344)
2026-05-21T10:56:44 [INFO] Heartbeat + Metrics
2026-05-21T10:56:53 [INFO] Heartbeat + Metrics
2026-05-21T10:57:03 [INFO] Heartbeat + Metrics
2026-05-21T10:57:03 [WARN] Failsafe triggered: CPU too high
2026-05-21T10:57:21 [INFO] Heartbeat + Metrics
2026-05-21T10:57:22 [WARN] Failsafe triggered: CPU too high
2026-05-21T10:57:22 [WARN] Failsafe triggered: RAM too low
2026-05-21T10:57:36 [INFO] Heartbeat + Metrics
2026-05-21T10:57:37 [WARN] Failsafe triggered: CPU too high
2026-05-21T10:57:37 [WARN] Failsafe triggered: RAM too low
2026-05-21T10:57:47 [INFO] Heartbeat + Metrics
2026-05-21T10:57:47 [WARN] Failsafe triggered: CPU too high
2026-05-21T10:57:47 [WARN] Failsafe triggered: RAM too low
2026-05-21T10:57:56 [INFO] Heartbeat + Metrics
2026-05-21T10:57:56 [WARN] Failsafe triggered: CPU too high
2026-05-21T10:58:05 [INFO] Heartbeat + Metrics
2026-05-21T10:58:05 [WARN] Failsafe triggered: CPU too high
2026-05-21T10:58:19 [INFO] Heartbeat + Metrics
2026-05-21T10:58:20 [WARN] Failsafe triggered: CPU too high
2026-05-21T10:58:20 [WARN] Failsafe triggered: RAM too low
2026-05-21T10:58:30 [INFO] Heartbeat + Metrics
2026-05-21T10:58:30 [WARN] Failsafe triggered: CPU too high
2026-05-21T10:58:31 [WARN] Failsafe triggered: RAM too low
2026-05-21T10:58:41 [INFO] Heartbeat + Metrics
2026-05-21T10:58:41 [WARN] Failsafe triggered: RAM too low
2026-05-21T10:58:50 [INFO] Heartbeat + Metrics
2026-05-21T10:58:50 [WARN] Failsafe triggered: CPU too high
2026-05-21T10:59:00 [INFO] Heartbeat + Metrics
2026-05-21T10:59:00 [WARN] Failsafe triggered: CPU too high
2026-05-21T10:59:01 [WARN] Failsafe triggered: RAM too low
2026-05-21T10:59:10 [INFO] Heartbeat + Metrics
2026-05-21T10:59:10 [WARN] Desired process no longer exists (PID 16824)
2026-05-21T10:59:10 [WARN] Desired process no longer exists (PID 3344)
2026-05-21T10:59:19 [INFO] Heartbeat + Metrics
2026-05-21T10:59:20 [WARN] Failsafe triggered: CPU too high
2026-05-21T10:59:20 [WARN] Failsafe triggered: RAM too low
2026-05-21T10:59:28 [INFO] Heartbeat + Metrics
2026-05-21T10:59:37 [INFO] Heartbeat + Metrics
2026-05-21T10:59:46 [INFO] Heartbeat + Metrics
2026-05-21T10:59:55 [INFO] Heartbeat + Metrics
2026-05-21T11:00:04 [INFO] Heartbeat + Metrics
2026-05-21T11:00:13 [INFO] Heartbeat + Metrics
2026-05-21T11:00:13 [WARN] Failsafe triggered: CPU too high
2026-05-21T11:00:22 [INFO] Heartbeat + Metrics
2026-05-21T11:00:23 [WARN] Desired process no longer exists (PID 20252)
2026-05-21T11:00:23 [WARN] Desired process no longer exists (PID 3344)
2026-05-21T11:00:32 [INFO] Heartbeat + Metrics
2026-05-21T11:00:32 [WARN] Desired process no longer exists (PID 20252)
2026-05-21T11:00:32 [WARN] Desired process no longer exists (PID 3344)
2026-05-21T11:00:41 [INFO] Heartbeat + Metrics
2026-05-21T11:00:41 [WARN] Desired process no longer exists (PID 20252)
2026-05-21T11:00:41 [WARN] Desired process no longer exists (PID 3344)
2026-05-21T11:00:50 [INFO] Heartbeat + Metrics
2026-05-21T11:00:50 [WARN] Failsafe triggered: CPU too high
2026-05-21T11:00:59 [INFO] Heartbeat + Metrics
2026-05-21T11:01:08 [INFO] Heartbeat + Metrics
2026-05-21T11:01:08 [WARN] Failsafe triggered: RAM too low
2026-05-21T11:01:17 [INFO] Heartbeat + Metrics
2026-05-21T11:01:17 [WARN] Failsafe triggered: RAM too low
2026-05-21T11:01:26 [INFO] Heartbeat + Metrics
2026-05-21T11:01:35 [INFO] Heartbeat + Metrics
2026-05-21T11:01:44 [INFO] Heartbeat + Metrics
2026-05-21T11:01:53 [INFO] Heartbeat + Metrics
2026-05-21T11:02:02 [INFO] Heartbeat + Metrics
2026-05-21T11:02:02 [WARN] Desired process no longer exists (PID 16824)
2026-05-21T11:02:02 [WARN] Desired process no longer exists (PID 3344)
2026-05-21T11:02:11 [INFO] Heartbeat + Metrics
2026-05-21T11:02:11 [WARN] Desired process no longer exists (PID 16824)
2026-05-21T11:02:11 [WARN] Desired process no longer exists (PID 3344)
2026-05-21T11:02:20 [INFO] Heartbeat + Metrics
2026-05-21T11:02:21 [WARN] Desired process no longer exists (PID 16824)
2026-05-21T11:02:21 [WARN] Desired process no longer exists (PID 3344)
2026-05-21T11:02:29 [INFO] Heartbeat + Metrics
2026-05-21T11:02:29 [WARN] Desired process no longer exists (PID 16824)
2026-05-21T11:02:30 [WARN] Desired process no longer exists (PID 3344)
2026-05-21T11:02:38 [INFO] Heartbeat + Metrics
2026-05-21T11:02:38 [WARN] Desired process no longer exists (PID 16824)
2026-05-21T11:02:38 [WARN] Desired process no longer exists (PID 3344)
2026-05-21T11:02:47 [INFO] Heartbeat + Metrics
2026-05-21T11:02:47 [WARN] Desired process no longer exists (PID 16824)
2026-05-21T11:02:47 [WARN] Desired process no longer exists (PID 3344)
2026-05-21T11:02:56 [INFO] Heartbeat + Metrics
2026-05-21T11:03:05 [INFO] Heartbeat + Metrics
2026-05-21T11:03:14 [INFO] Heartbeat + Metrics
2026-05-21T11:03:22 [INFO] Heartbeat + Metrics
2026-05-21T11:03:31 [INFO] Heartbeat + Metrics
2026-05-21T11:03:40 [INFO] Heartbeat + Metrics
2026-05-21T11:03:48 [INFO] Heartbeat + Metrics
2026-05-21T11:03:58 [INFO] Heartbeat + Metrics
2026-05-21T11:04:06 [INFO] Heartbeat + Metrics
2026-05-21T11:04:15 [INFO] Heartbeat + Metrics
2026-05-21T11:04:24 [INFO] Heartbeat + Metrics
2026-05-21T11:04:32 [INFO] Heartbeat + Metrics
2026-05-21T11:04:41 [INFO] Heartbeat + Metrics
2026-05-21T11:04:41 [WARN] Failsafe triggered: CPU too high
2026-05-21T11:04:50 [INFO] Heartbeat + Metrics
2026-05-21T11:04:59 [INFO] Heartbeat + Metrics
2026-05-21T11:05:07 [INFO] Heartbeat + Metrics
2026-05-21T11:05:16 [INFO] Heartbeat + Metrics
2026-05-21T11:05:25 [INFO] Heartbeat + Metrics
2026-05-21T11:05:34 [INFO] Heartbeat + Metrics
2026-05-21T11:05:42 [INFO] Heartbeat + Metrics
2026-05-21T11:05:51 [INFO] Heartbeat + Metrics
2026-05-21T11:06:00 [INFO] Heartbeat + Metrics
2026-05-21T11:06:08 [INFO] Heartbeat + Metrics
2026-05-21T11:06:17 [INFO] Heartbeat + Metrics
2026-05-21T11:06:26 [INFO] Heartbeat + Metrics
2026-05-21T11:06:35 [INFO] Heartbeat + Metrics
2026-05-21T11:06:43 [INFO] Heartbeat + Metrics
2026-05-21T11:06:52 [INFO] Heartbeat + Metrics
2026-05-21T11:07:01 [INFO] Heartbeat + Metrics
2026-05-21T11:07:09 [INFO] Heartbeat + Metrics
2026-05-21T11:07:18 [INFO] Heartbeat + Metrics
2026-05-21T11:07:26 [INFO] Heartbeat + Metrics
2026-05-21T11:07:35 [INFO] Heartbeat + Metrics
2026-05-21T11:07:44 [INFO] Heartbeat + Metrics
2026-05-21T11:07:53 [INFO] Heartbeat + Metrics
2026-05-21T11:08:02 [INFO] Heartbeat + Metrics
2026-05-21T11:08:10 [INFO] Heartbeat + Metrics
2026-05-21T11:08:19 [INFO] Heartbeat + Metrics
2026-05-21T11:08:28 [INFO] Heartbeat + Metrics
2026-05-21T11:08:38 [INFO] Heartbeat + Metrics
2026-05-21T11:08:38 [WARN] Failsafe triggered: CPU too high
2026-05-21T11:08:49 [INFO] Heartbeat + Metrics
2026-05-21T11:08:49 [WARN] Failsafe triggered: CPU too high
2026-05-21T11:08:49 [WARN] Failsafe triggered: RAM too low
2026-05-21T11:08:58 [INFO] Heartbeat + Metrics
2026-05-21T11:08:59 [WARN] Failsafe triggered: CPU too high
2026-05-21T11:09:10 [INFO] Heartbeat + Metrics
2026-05-21T11:09:10 [WARN] Failsafe triggered: CPU too high
2026-05-21T11:09:19 [INFO] Heartbeat + Metrics
2026-05-21T11:09:28 [INFO] Heartbeat + Metrics
2026-05-21T11:09:38 [INFO] Heartbeat + Metrics
2026-05-21T11:09:38 [WARN] Failsafe triggered: CPU too high
2026-05-21T11:09:47 [INFO] Heartbeat + Metrics
2026-05-21T11:09:47 [WARN] Failsafe triggered: CPU too high
2026-05-21T11:09:56 [INFO] Heartbeat + Metrics
2026-05-21T11:10:05 [INFO] Heartbeat + Metrics
2026-05-21T11:10:14 [INFO] Heartbeat + Metrics
2026-05-21T11:10:23 [INFO] Heartbeat + Metrics
2026-05-21T11:10:24 [WARN] Failsafe triggered: RAM too low
2026-05-21T11:10:32 [INFO] Heartbeat + Metrics
2026-05-21T11:10:41 [INFO] Heartbeat + Metrics
2026-05-21T11:10:41 [WARN] Failsafe triggered: CPU too high
2026-05-21T11:10:50 [INFO] Heartbeat + Metrics
2026-05-21T11:10:59 [INFO] Heartbeat + Metrics
2026-05-21T11:11:09 [INFO] Heartbeat + Metrics
2026-05-21T11:11:20 [INFO] Heartbeat + Metrics
2026-05-21T11:11:20 [WARN] Failsafe triggered: CPU too high
2026-05-21T11:11:29 [INFO] Heartbeat + Metrics
2026-05-21T11:11:38 [INFO] Heartbeat + Metrics
2026-05-21T11:11:47 [INFO] Heartbeat + Metrics
2026-05-21T11:11:56 [INFO] Heartbeat + Metrics
2026-05-21T11:12:05 [INFO] Heartbeat + Metrics
2026-05-21T11:12:14 [INFO] Heartbeat + Metrics
2026-05-21T11:12:23 [INFO] Heartbeat + Metrics
2026-05-21T11:12:31 [INFO] Heartbeat + Metrics
2026-05-21T11:12:40 [INFO] Heartbeat + Metrics
2026-05-21T11:12:49 [INFO] Heartbeat + Metrics
2026-05-21T11:12:57 [INFO] Heartbeat + Metrics
2026-05-21T11:13:06 [INFO] Heartbeat + Metrics
2026-05-21T11:13:06 [WARN] Failsafe triggered: CPU too high
2026-05-21T11:13:15 [INFO] Heartbeat + Metrics
2026-05-21T11:13:24 [INFO] Heartbeat + Metrics
2026-05-21T11:13:25 [WARN] Desired process no longer exists (PID 5620)
2026-05-21T11:13:25 [WARN] Desired process no longer exists (PID 3344)
2026-05-21T11:13:34 [INFO] Heartbeat + Metrics
2026-05-21T11:13:34 [WARN] Desired process no longer exists (PID 5620)
2026-05-21T11:13:34 [WARN] Desired process no longer exists (PID 3344)
2026-05-21T11:13:43 [INFO] Heartbeat + Metrics
2026-05-21T11:13:43 [WARN] Failsafe triggered: CPU too high
2026-05-21T11:13:52 [INFO] Heartbeat + Metrics
2026-05-21T11:13:52 [WARN] Failsafe triggered: CPU too high
2026-05-21T11:14:01 [INFO] Heartbeat + Metrics
2026-05-21T11:14:01 [WARN] Failsafe triggered: CPU too high
2026-05-21T11:14:10 [INFO] Heartbeat + Metrics
2026-05-21T11:14:10 [WARN] Desired process no longer exists (PID 5620)
2026-05-21T11:14:10 [WARN] Desired process no longer exists (PID 3344)
2026-05-21T11:14:19 [INFO] Heartbeat + Metrics
2026-05-21T11:14:19 [WARN] Failsafe triggered: CPU too high
2026-05-21T11:14:28 [INFO] Heartbeat + Metrics
2026-05-21T11:14:29 [WARN] Desired process no longer exists (PID 5620)
2026-05-21T11:14:29 [WARN] Desired process no longer exists (PID 3344)
2026-05-21T11:14:41 [INFO] Heartbeat + Metrics
2026-05-21T11:14:41 [WARN] Failsafe triggered: CPU too high
2026-05-21T11:14:50 [INFO] Heartbeat + Metrics
2026-05-21T11:14:59 [INFO] Heartbeat + Metrics
2026-05-21T11:14:59 [WARN] Failsafe triggered: CPU too high
2026-05-21T11:15:08 [INFO] Heartbeat + Metrics
2026-05-21T11:15:08 [WARN] Failsafe triggered: CPU too high
2026-05-21T11:15:17 [INFO] Heartbeat + Metrics
2026-05-21T11:15:18 [WARN] Desired process no longer exists (PID 5620)
2026-05-21T11:15:18 [WARN] Desired process no longer exists (PID 3344)
2026-05-21T11:15:27 [INFO] Heartbeat + Metrics
2026-05-21T11:15:36 [INFO] Heartbeat + Metrics
2026-05-21T11:15:36 [WARN] Failsafe triggered: CPU too high
2026-05-21T11:15:45 [INFO] Heartbeat + Metrics
2026-05-21T11:15:55 [INFO] Heartbeat + Metrics
2026-05-21T11:15:55 [WARN] Desired process no longer exists (PID 5620)
2026-05-21T11:15:55 [WARN] Desired process no longer exists (PID 3344)
2026-05-21T11:16:04 [INFO] Heartbeat + Metrics
2026-05-21T11:16:13 [INFO] Heartbeat + Metrics
2026-05-21T11:16:13 [WARN] Failsafe triggered: CPU too high
2026-05-21T11:16:22 [INFO] Heartbeat + Metrics
2026-05-21T11:16:30 [INFO] Heartbeat + Metrics
2026-05-21T11:16:39 [INFO] Heartbeat + Metrics
2026-05-21T11:16:48 [INFO] Heartbeat + Metrics
2026-05-21T11:16:56 [INFO] Heartbeat + Metrics
2026-05-21T11:17:05 [INFO] Heartbeat + Metrics
2026-05-21T11:17:14 [INFO] Heartbeat + Metrics
2026-05-21T11:17:23 [INFO] Heartbeat + Metrics
2026-05-21T11:17:31 [INFO] Heartbeat + Metrics
2026-05-21T11:17:40 [INFO] Heartbeat + Metrics
2026-05-21T11:17:49 [INFO] Heartbeat + Metrics
2026-05-21T11:17:57 [INFO] Heartbeat + Metrics
2026-05-21T11:17:57 [WARN] Failsafe triggered: CPU too high
2026-05-21T11:18:06 [INFO] Heartbeat + Metrics
2026-05-21T11:18:15 [INFO] Heartbeat + Metrics
2026-05-21T11:18:23 [INFO] Heartbeat + Metrics
2026-05-21T11:18:32 [INFO] Heartbeat + Metrics
2026-05-21T11:18:41 [INFO] Heartbeat + Metrics
2026-05-21T11:18:49 [INFO] Heartbeat + Metrics
2026-05-21T11:18:58 [INFO] Heartbeat + Metrics
2026-05-21T11:19:07 [INFO] Heartbeat + Metrics
2026-05-21T11:19:15 [INFO] Heartbeat + Metrics
2026-05-21T11:19:24 [INFO] Heartbeat + Metrics
2026-05-21T11:19:33 [INFO] Heartbeat + Metrics
2026-05-21T11:19:42 [INFO] Heartbeat + Metrics
2026-05-21T11:19:50 [INFO] Heartbeat + Metrics
2026-05-21T11:19:59 [INFO] Heartbeat + Metrics
2026-05-21T11:19:59 [WARN] Desired process no longer exists (PID 5620)
2026-05-21T11:19:59 [WARN] Desired process no longer exists (PID 3344)
2026-05-21T11:20:08 [INFO] Heartbeat + Metrics
2026-05-21T11:20:18 [INFO] Heartbeat + Metrics
2026-05-21T11:20:18 [WARN] Failsafe triggered: CPU too high
2026-05-21T11:20:27 [INFO] Heartbeat + Metrics
2026-05-21T11:20:27 [WARN] Failsafe triggered: CPU too high
2026-05-21T11:20:36 [INFO] Heartbeat + Metrics
2026-05-21T11:20:45 [INFO] Heartbeat + Metrics
2026-05-21T11:20:54 [INFO] Heartbeat + Metrics
2026-05-21T11:21:06 [INFO] Heartbeat + Metrics
2026-05-21T11:21:06 [WARN] Failsafe triggered: CPU too high
2026-05-21T11:21:15 [INFO] Heartbeat + Metrics
2026-05-21T11:21:15 [WARN] Failsafe triggered: CPU too high
2026-05-21T11:21:25 [INFO] Heartbeat + Metrics
2026-05-21T11:21:34 [INFO] Heartbeat + Metrics
2026-05-21T11:21:34 [WARN] Failsafe triggered: CPU too high
2026-05-21T11:21:43 [INFO] Heartbeat + Metrics
2026-05-21T11:21:52 [INFO] Heartbeat + Metrics
2026-05-21T11:22:01 [INFO] Heartbeat + Metrics
2026-05-21T11:22:10 [INFO] Heartbeat + Metrics
2026-05-21T11:22:18 [INFO] Heartbeat + Metrics
2026-05-21T11:22:28 [INFO] Heartbeat + Metrics
2026-05-21T11:22:28 [WARN] Failsafe triggered: CPU too high
2026-05-21T11:22:38 [INFO] Heartbeat + Metrics
2026-05-21T11:22:38 [WARN] Failsafe triggered: CPU too high
2026-05-21T11:22:48 [INFO] Heartbeat + Metrics
2026-05-21T11:22:48 [WARN] Failsafe triggered: CPU too high
2026-05-21T11:22:56 [INFO] Heartbeat + Metrics
2026-05-21T11:22:56 [WARN] Failsafe triggered: CPU too high
2026-05-21T11:23:05 [INFO] Heartbeat + Metrics
2026-05-21T11:23:05 [WARN] Failsafe triggered: CPU too high
2026-05-21T11:23:14 [INFO] Heartbeat + Metrics
2026-05-21T11:23:23 [INFO] Heartbeat + Metrics
2026-05-21T11:23:32 [INFO] Heartbeat + Metrics
2026-05-21T11:23:41 [INFO] Heartbeat + Metrics
2026-05-21T11:23:49 [INFO] Heartbeat + Metrics
2026-05-21T11:23:59 [INFO] Heartbeat + Metrics
2026-05-21T11:24:08 [INFO] Heartbeat + Metrics
2026-05-21T11:24:08 [WARN] Failsafe triggered: CPU too high
2026-05-21T11:24:20 [INFO] Heartbeat + Metrics
2026-05-21T11:24:29 [INFO] Heartbeat + Metrics
2026-05-21T11:24:38 [INFO] Heartbeat + Metrics
2026-05-21T11:24:46 [INFO] Heartbeat + Metrics
2026-05-21T11:24:55 [INFO] Heartbeat + Metrics
2026-05-21T11:25:04 [INFO] Heartbeat + Metrics
2026-05-21T11:25:13 [INFO] Heartbeat + Metrics
2026-05-21T11:25:13 [WARN] Desired process no longer exists (PID 12408)
2026-05-21T11:25:13 [WARN] Desired process no longer exists (PID 3344)
2026-05-21T11:25:24 [INFO] Heartbeat + Metrics
2026-05-21T11:25:24 [WARN] Desired process no longer exists (PID 12408)
2026-05-21T11:25:24 [WARN] Desired process no longer exists (PID 3344)
2026-05-21T11:25:34 [INFO] Heartbeat + Metrics
2026-05-21T11:25:34 [WARN] Failsafe triggered: CPU too high
2026-05-21T11:25:44 [INFO] Heartbeat + Metrics
2026-05-21T11:25:44 [WARN] Failsafe triggered: CPU too high
2026-05-21T11:25:53 [INFO] Heartbeat + Metrics
2026-05-21T11:25:53 [WARN] Failsafe triggered: CPU too high
2026-05-21T11:26:01 [INFO] Heartbeat + Metrics
2026-05-21T11:26:10 [INFO] Heartbeat + Metrics
2026-05-21T11:26:19 [INFO] Heartbeat + Metrics
2026-05-21T11:26:29 [INFO] Heartbeat + Metrics
2026-05-21T11:26:29 [WARN] Desired process no longer exists (PID 12408)
2026-05-21T11:26:29 [WARN] Desired process no longer exists (PID 3344)
2026-05-21T11:26:38 [INFO] Heartbeat + Metrics
2026-05-21T11:26:38 [WARN] Desired process no longer exists (PID 12408)
2026-05-21T11:26:38 [WARN] Desired process no longer exists (PID 3344)
2026-05-21T11:26:47 [INFO] Heartbeat + Metrics
2026-05-21T11:26:47 [WARN] Desired process no longer exists (PID 12408)
2026-05-21T11:26:47 [WARN] Desired process no longer exists (PID 3344)
2026-05-21T11:26:56 [INFO] Heartbeat + Metrics
2026-05-21T11:26:56 [WARN] Desired process no longer exists (PID 12408)
2026-05-21T11:26:56 [WARN] Desired process no longer exists (PID 3344)
2026-05-21T11:27:05 [INFO] Heartbeat + Metrics
2026-05-21T11:27:13 [INFO] Heartbeat + Metrics
2026-05-21T11:27:22 [INFO] Heartbeat + Metrics
2026-05-21T11:27:31 [INFO] Heartbeat + Metrics
2026-05-21T11:27:39 [INFO] Heartbeat + Metrics
2026-05-21T11:27:48 [INFO] Heartbeat + Metrics
2026-05-21T11:27:48 [WARN] Desired process no longer exists (PID 16292)
2026-05-21T11:27:48 [WARN] Desired process no longer exists (PID 3344)
2026-05-21T11:27:58 [INFO] Heartbeat + Metrics
2026-05-21T11:27:58 [WARN] Failsafe triggered: CPU too high
2026-05-21T11:28:07 [INFO] Heartbeat + Metrics
2026-05-21T11:28:07 [WARN] Failsafe triggered: CPU too high
2026-05-21T11:28:16 [INFO] Heartbeat + Metrics
2026-05-21T11:28:25 [INFO] Heartbeat + Metrics
2026-05-21T11:28:34 [INFO] Heartbeat + Metrics
2026-05-21T11:28:43 [INFO] Heartbeat + Metrics
2026-05-21T11:28:52 [INFO] Heartbeat + Metrics
2026-05-21T11:29:00 [INFO] Heartbeat + Metrics
2026-05-21T11:29:09 [INFO] Heartbeat + Metrics
2026-05-21T11:29:18 [INFO] Heartbeat + Metrics
2026-05-21T11:29:28 [INFO] Heartbeat + Metrics
2026-05-21T11:29:28 [WARN] Desired process no longer exists (PID 12408)
2026-05-21T11:29:29 [WARN] Desired process no longer exists (PID 3344)
2026-05-21T11:29:38 [INFO] Heartbeat + Metrics
2026-05-21T11:29:38 [WARN] Failsafe triggered: CPU too high
2026-05-21T11:29:47 [INFO] Heartbeat + Metrics
2026-05-21T11:29:56 [INFO] Heartbeat + Metrics
2026-05-21T11:29:56 [WARN] Desired process no longer exists (PID 12408)
2026-05-21T11:29:57 [WARN] Desired process no longer exists (PID 3344)
2026-05-21T11:30:05 [INFO] Heartbeat + Metrics
2026-05-21T11:30:14 [INFO] Heartbeat + Metrics
2026-05-21T11:30:23 [INFO] Heartbeat + Metrics
2026-05-21T11:30:32 [INFO] Heartbeat + Metrics
2026-05-21T11:30:40 [INFO] Heartbeat + Metrics
2026-05-21T11:30:49 [INFO] Heartbeat + Metrics
2026-05-21T11:30:58 [INFO] Heartbeat + Metrics
2026-05-21T11:31:07 [INFO] Heartbeat + Metrics
2026-05-21T11:31:15 [INFO] Heartbeat + Metrics
2026-05-21T11:31:15 [WARN] Desired process no longer exists (PID 12408)
2026-05-21T11:31:16 [WARN] Desired process no longer exists (PID 3344)
2026-05-21T11:31:24 [INFO] Heartbeat + Metrics
2026-05-21T11:31:24 [WARN] Desired process no longer exists (PID 12408)
2026-05-21T11:31:24 [WARN] Desired process no longer exists (PID 3344)
2026-05-21T11:31:33 [INFO] Heartbeat + Metrics
2026-05-21T11:31:33 [WARN] Failsafe triggered: CPU too high
2026-05-21T11:31:42 [INFO] Heartbeat + Metrics
2026-05-21T11:31:52 [INFO] Heartbeat + Metrics
2026-05-21T11:32:01 [INFO] Heartbeat + Metrics
2026-05-21T11:32:09 [INFO] Heartbeat + Metrics
2026-05-21T11:32:19 [INFO] Heartbeat + Metrics
2026-05-21T11:32:19 [WARN] Failsafe triggered: CPU too high
2026-05-21T11:32:19 [WARN] Failsafe triggered: RAM too low
2026-05-21T11:32:28 [INFO] Heartbeat + Metrics
2026-05-21T11:32:37 [INFO] Heartbeat + Metrics
2026-05-21T11:32:46 [INFO] Heartbeat + Metrics
2026-05-21T11:32:55 [INFO] Heartbeat + Metrics
2026-05-21T11:33:04 [INFO] Heartbeat + Metrics
2026-05-21T11:33:04 [WARN] Failsafe triggered: RAM too low
2026-05-21T11:33:18 [INFO] Heartbeat + Metrics
2026-05-21T11:33:18 [WARN] Failsafe triggered: CPU too high
2026-05-21T11:33:18 [WARN] Failsafe triggered: RAM too low
2026-05-21T11:33:27 [INFO] Heartbeat + Metrics
2026-05-21T11:33:27 [WARN] Failsafe triggered: CPU too high
2026-05-21T11:33:27 [WARN] Failsafe triggered: RAM too low
2026-05-21T11:33:36 [INFO] Heartbeat + Metrics
2026-05-21T11:33:45 [INFO] Heartbeat + Metrics
2026-05-21T11:33:54 [INFO] Heartbeat + Metrics
2026-05-21T11:33:54 [WARN] Failsafe triggered: CPU too high
2026-05-21T11:34:03 [INFO] Heartbeat + Metrics
2026-05-21T11:34:12 [INFO] Heartbeat + Metrics
2026-05-21T11:34:21 [INFO] Heartbeat + Metrics
2026-05-21T11:34:21 [WARN] Failsafe triggered: CPU too high
2026-05-21T11:34:29 [INFO] Heartbeat + Metrics
2026-05-21T11:34:38 [INFO] Heartbeat + Metrics
2026-05-21T11:34:47 [INFO] Heartbeat + Metrics
2026-05-21T11:34:56 [INFO] Heartbeat + Metrics
2026-05-21T11:35:04 [INFO] Heartbeat + Metrics
2026-05-21T11:35:13 [INFO] Heartbeat + Metrics
2026-05-21T11:35:22 [INFO] Heartbeat + Metrics
2026-05-21T11:35:31 [INFO] Heartbeat + Metrics
2026-05-21T11:35:39 [INFO] Heartbeat + Metrics
2026-05-21T11:35:48 [INFO] Heartbeat + Metrics
2026-05-21T11:35:57 [INFO] Heartbeat + Metrics
2026-05-21T11:36:06 [INFO] Heartbeat + Metrics
2026-05-21T11:36:14 [INFO] Heartbeat + Metrics
2026-05-21T11:36:23 [INFO] Heartbeat + Metrics
2026-05-21T11:36:31 [INFO] Heartbeat + Metrics
2026-05-21T11:36:41 [INFO] Heartbeat + Metrics
2026-05-21T11:36:49 [INFO] Heartbeat + Metrics
2026-05-21T11:36:59 [INFO] Heartbeat + Metrics
2026-05-21T11:37:09 [INFO] Heartbeat + Metrics
2026-05-21T11:37:19 [INFO] Heartbeat + Metrics
2026-05-21T11:37:27 [INFO] Heartbeat + Metrics
2026-05-21T11:37:36 [INFO] Heartbeat + Metrics
2026-05-21T11:37:45 [INFO] Heartbeat + Metrics
2026-05-21T11:37:45 [WARN] Failsafe triggered: CPU too high
2026-05-21T11:37:54 [INFO] Heartbeat + Metrics
2026-05-21T11:38:03 [INFO] Heartbeat + Metrics
2026-05-21T11:38:03 [WARN] Failsafe triggered: CPU too high
2026-05-21T11:38:13 [INFO] Heartbeat + Metrics
2026-05-21T11:38:13 [WARN] Failsafe triggered: CPU too high
2026-05-21T11:38:23 [INFO] Heartbeat + Metrics
2026-05-21T11:38:23 [WARN] Failsafe triggered: CPU too high
2026-05-21T11:38:32 [INFO] Heartbeat + Metrics
2026-05-21T11:38:32 [WARN] Failsafe triggered: CPU too high
2026-05-21T11:38:41 [INFO] Heartbeat + Metrics
2026-05-21T11:38:49 [INFO] Heartbeat + Metrics
2026-05-21T11:38:58 [INFO] Heartbeat + Metrics
2026-05-21T11:39:08 [INFO] Heartbeat + Metrics
2026-05-21T11:39:08 [WARN] Failsafe triggered: CPU too high
2026-05-21T11:39:18 [INFO] Heartbeat + Metrics
2026-05-21T11:39:18 [WARN] Failsafe triggered: CPU too high
2026-05-21T11:39:28 [INFO] Heartbeat + Metrics
2026-05-21T11:39:37 [INFO] Heartbeat + Metrics
2026-05-21T11:39:47 [INFO] Heartbeat + Metrics
2026-05-21T11:39:47 [WARN] Failsafe triggered: CPU too high
2026-05-21T11:39:56 [INFO] Heartbeat + Metrics
2026-05-21T11:40:05 [INFO] Heartbeat + Metrics
2026-05-21T11:40:13 [INFO] Heartbeat + Metrics
2026-05-21T11:40:25 [INFO] Heartbeat + Metrics
2026-05-21T11:40:25 [WARN] Failsafe triggered: CPU too high
2026-05-21T11:40:36 [INFO] Heartbeat + Metrics
2026-05-21T11:40:36 [WARN] Failsafe triggered: CPU too high
2026-05-21T11:40:37 [WARN] Failsafe triggered: RAM too low
2026-05-21T11:40:47 [INFO] Heartbeat + Metrics
2026-05-21T11:40:47 [WARN] Failsafe triggered: CPU too high
2026-05-21T11:40:56 [INFO] Heartbeat + Metrics
2026-05-21T11:41:06 [INFO] Heartbeat + Metrics
2026-05-21T11:41:15 [INFO] Heartbeat + Metrics
2026-05-21T11:41:23 [INFO] Heartbeat + Metrics
2026-05-21T11:41:32 [INFO] Heartbeat + Metrics
2026-05-21T11:41:45 [INFO] Heartbeat + Metrics
2026-05-21T11:41:46 [WARN] Failsafe triggered: RAM too low
2026-05-21T11:41:54 [INFO] Heartbeat + Metrics
2026-05-21T11:42:03 [INFO] Heartbeat + Metrics
2026-05-21T11:42:12 [INFO] Heartbeat + Metrics
2026-05-21T11:42:21 [INFO] Heartbeat + Metrics
2026-05-21T11:42:30 [INFO] Heartbeat + Metrics
2026-05-21T11:42:30 [WARN] Failsafe triggered: CPU too high
2026-05-21T11:42:39 [INFO] Heartbeat + Metrics
2026-05-21T11:42:39 [WARN] Failsafe triggered: CPU too high
2026-05-21T11:42:49 [INFO] Heartbeat + Metrics
2026-05-21T11:42:58 [INFO] Heartbeat + Metrics
2026-05-21T11:42:58 [WARN] Failsafe triggered: CPU too high
2026-05-21T11:43:08 [INFO] Heartbeat + Metrics
2026-05-21T11:43:08 [WARN] Failsafe triggered: CPU too high
2026-05-21T11:43:17 [INFO] Heartbeat + Metrics
2026-05-21T11:43:26 [INFO] Heartbeat + Metrics
2026-05-21T11:43:26 [WARN] Failsafe triggered: CPU too high
2026-05-21T11:43:35 [INFO] Heartbeat + Metrics
2026-05-21T11:43:43 [INFO] Heartbeat + Metrics
2026-05-21T11:43:54 [INFO] Heartbeat + Metrics
2026-05-21T11:43:56 [WARN] Failsafe triggered: CPU too high
2026-05-21T11:44:07 [INFO] Heartbeat + Metrics
2026-05-21T11:44:07 [WARN] Failsafe triggered: CPU too high
2026-05-21T11:44:16 [INFO] Heartbeat + Metrics
2026-05-21T11:44:17 [WARN] Failsafe triggered: CPU too high
2026-05-21T11:44:25 [INFO] Heartbeat + Metrics
2026-05-21T11:44:34 [INFO] Heartbeat + Metrics
2026-05-21T11:44:43 [INFO] Heartbeat + Metrics
2026-05-21T11:44:51 [INFO] Heartbeat + Metrics
2026-05-21T11:45:00 [INFO] Heartbeat + Metrics
2026-05-21T11:45:09 [INFO] Heartbeat + Metrics
2026-05-21T11:45:09 [WARN] Desired process no longer exists (PID 16292)
2026-05-21T11:45:09 [WARN] Desired process no longer exists (PID 3344)
2026-05-21T11:45:18 [INFO] Heartbeat + Metrics
2026-05-21T11:45:19 [WARN] Desired process no longer exists (PID 16292)
2026-05-21T11:45:19 [WARN] Desired process no longer exists (PID 3344)
2026-05-21T11:45:27 [INFO] Heartbeat + Metrics
2026-05-21T11:45:27 [WARN] Failsafe triggered: CPU too high
2026-05-21T11:45:36 [INFO] Heartbeat + Metrics
2026-05-21T11:45:45 [INFO] Heartbeat + Metrics
2026-05-21T11:45:54 [INFO] Heartbeat + Metrics
2026-05-21T11:46:03 [INFO] Heartbeat + Metrics
2026-05-21T11:46:12 [INFO] Heartbeat + Metrics
2026-05-21T11:46:12 [WARN] Failsafe triggered: CPU too high
2026-05-21T11:46:20 [INFO] Heartbeat + Metrics
2026-05-21T11:46:29 [INFO] Heartbeat + Metrics
2026-05-21T11:46:38 [INFO] Heartbeat + Metrics
2026-05-21T11:46:46 [INFO] Heartbeat + Metrics
2026-05-21T11:46:55 [INFO] Heartbeat + Metrics
2026-05-21T11:47:04 [INFO] Heartbeat + Metrics
2026-05-21T11:47:13 [INFO] Heartbeat + Metrics
2026-05-21T11:47:21 [INFO] Heartbeat + Metrics
2026-05-21T11:47:30 [INFO] Heartbeat + Metrics
2026-05-21T11:47:39 [INFO] Heartbeat + Metrics
2026-05-21T11:47:47 [INFO] Heartbeat + Metrics
2026-05-21T11:47:56 [INFO] Heartbeat + Metrics
2026-05-21T11:48:05 [INFO] Heartbeat + Metrics
2026-05-21T11:48:05 [WARN] Desired process no longer exists (PID 16292)
2026-05-21T11:48:05 [WARN] Desired process no longer exists (PID 3344)
2026-05-21T11:48:14 [INFO] Heartbeat + Metrics
2026-05-21T11:48:22 [INFO] Heartbeat + Metrics
2026-05-21T11:48:31 [INFO] Heartbeat + Metrics
2026-05-21T11:48:40 [INFO] Heartbeat + Metrics
2026-05-21T11:48:48 [INFO] Heartbeat + Metrics
2026-05-21T11:48:57 [INFO] Heartbeat + Metrics
2026-05-21T11:49:05 [INFO] Heartbeat + Metrics
2026-05-21T11:49:14 [INFO] Heartbeat + Metrics
2026-05-21T11:49:23 [INFO] Heartbeat + Metrics
2026-05-21T11:49:31 [INFO] Heartbeat + Metrics
2026-05-21T11:49:40 [INFO] Heartbeat + Metrics
2026-05-21T11:49:49 [INFO] Heartbeat + Metrics
2026-05-21T11:49:49 [WARN] Desired process no longer exists (PID 16292)
2026-05-21T11:49:49 [WARN] Desired process no longer exists (PID 3344)
2026-05-21T11:49:58 [INFO] Heartbeat + Metrics
2026-05-21T11:50:06 [INFO] Heartbeat + Metrics
2026-05-21T11:50:15 [INFO] Heartbeat + Metrics
2026-05-21T11:50:24 [INFO] Heartbeat + Metrics
2026-05-21T11:50:32 [INFO] Heartbeat + Metrics
2026-05-21T11:50:41 [INFO] Heartbeat + Metrics
2026-05-21T11:50:50 [INFO] Heartbeat + Metrics
2026-05-21T11:50:58 [INFO] Heartbeat + Metrics
2026-05-21T11:51:08 [INFO] Heartbeat + Metrics
2026-05-21T11:51:08 [WARN] Failsafe triggered: CPU too high
2026-05-21T11:51:17 [INFO] Heartbeat + Metrics
2026-05-21T11:51:17 [WARN] Failsafe triggered: CPU too high
2026-05-21T11:51:26 [INFO] Heartbeat + Metrics
2026-05-21T11:51:35 [INFO] Heartbeat + Metrics
2026-05-21T11:51:35 [WARN] Failsafe triggered: CPU too high
2026-05-21T11:51:44 [INFO] Heartbeat + Metrics
2026-05-21T11:51:44 [WARN] Failsafe triggered: CPU too high
2026-05-21T11:51:53 [INFO] Heartbeat + Metrics
2026-05-21T11:52:03 [INFO] Heartbeat + Metrics
2026-05-21T11:52:11 [INFO] Heartbeat + Metrics
2026-05-21T11:52:20 [INFO] Heartbeat + Metrics
2026-05-21T11:52:29 [INFO] Heartbeat + Metrics
2026-05-21T11:52:37 [INFO] Heartbeat + Metrics
2026-05-21T11:52:46 [INFO] Heartbeat + Metrics
2026-05-21T11:52:55 [INFO] Heartbeat + Metrics
2026-05-21T11:53:04 [INFO] Heartbeat + Metrics
2026-05-21T11:53:12 [INFO] Heartbeat + Metrics
2026-05-21T11:53:23 [INFO] Heartbeat + Metrics
2026-05-21T11:53:32 [INFO] Heartbeat + Metrics
2026-05-21T11:53:41 [INFO] Heartbeat + Metrics
2026-05-21T11:53:50 [INFO] Heartbeat + Metrics
2026-05-21T11:53:50 [WARN] Failsafe triggered: CPU too high
2026-05-21T11:53:59 [INFO] Heartbeat + Metrics
2026-05-21T11:54:08 [INFO] Heartbeat + Metrics
2026-05-21T11:54:17 [INFO] Heartbeat + Metrics
2026-05-21T11:54:25 [INFO] Heartbeat + Metrics
2026-05-21T11:54:26 [WARN] Desired process no longer exists (PID 16292)
2026-05-21T11:54:26 [WARN] Desired process no longer exists (PID 3344)
2026-05-21T11:54:34 [INFO] Heartbeat + Metrics
2026-05-21T11:54:43 [INFO] Heartbeat + Metrics
2026-05-21T11:54:52 [INFO] Heartbeat + Metrics
2026-05-21T11:55:00 [INFO] Heartbeat + Metrics
2026-05-21T11:55:09 [INFO] Heartbeat + Metrics
2026-05-21T11:55:18 [INFO] Heartbeat + Metrics
2026-05-21T11:55:28 [INFO] Heartbeat + Metrics
2026-05-21T11:55:29 [WARN] Failsafe triggered: CPU too high
2026-05-21T11:55:39 [INFO] Heartbeat + Metrics
2026-05-21T11:55:39 [WARN] Failsafe triggered: CPU too high
2026-05-21T11:55:48 [INFO] Heartbeat + Metrics
2026-05-21T11:55:57 [INFO] Heartbeat + Metrics
2026-05-21T11:56:06 [INFO] Heartbeat + Metrics
2026-05-21T11:56:15 [INFO] Heartbeat + Metrics
2026-05-21T11:56:15 [WARN] Failsafe triggered: CPU too high
2026-05-21T11:56:25 [INFO] Heartbeat + Metrics
2026-05-21T11:56:25 [WARN] Failsafe triggered: CPU too high
2026-05-21T11:56:35 [INFO] Heartbeat + Metrics
2026-05-21T11:56:44 [INFO] Heartbeat + Metrics
2026-05-21T11:56:44 [WARN] Failsafe triggered: CPU too high
2026-05-21T11:56:53 [INFO] Heartbeat + Metrics
2026-05-21T11:57:02 [INFO] Heartbeat + Metrics
2026-05-21T11:57:11 [INFO] Heartbeat + Metrics
2026-05-21T11:57:11 [WARN] Failsafe triggered: CPU too high
2026-05-21T11:57:20 [INFO] Heartbeat + Metrics
2026-05-21T11:57:29 [INFO] Heartbeat + Metrics
2026-05-21T11:57:38 [INFO] Heartbeat + Metrics
2026-05-21T11:57:46 [INFO] Heartbeat + Metrics
2026-05-21T11:57:55 [INFO] Heartbeat + Metrics
2026-05-21T11:58:04 [INFO] Heartbeat + Metrics
2026-05-21T11:58:13 [INFO] Heartbeat + Metrics
2026-05-21T11:58:21 [INFO] Heartbeat + Metrics
2026-05-21T11:58:30 [INFO] Heartbeat + Metrics
2026-05-21T11:58:39 [INFO] Heartbeat + Metrics
2026-05-21T11:58:47 [INFO] Heartbeat + Metrics
2026-05-21T11:58:56 [INFO] Heartbeat + Metrics
2026-05-21T11:59:05 [INFO] Heartbeat + Metrics
2026-05-21T11:59:14 [INFO] Heartbeat + Metrics
2026-05-21T11:59:22 [INFO] Heartbeat + Metrics
2026-05-21T11:59:31 [INFO] Heartbeat + Metrics
2026-05-21T11:59:40 [INFO] Heartbeat + Metrics
2026-05-21T11:59:48 [INFO] Heartbeat + Metrics
2026-05-21T11:59:57 [INFO] Heartbeat + Metrics
2026-05-21T12:00:07 [INFO] Heartbeat + Metrics
2026-05-21T12:00:07 [WARN] Failsafe triggered: CPU too high
2026-05-21T12:00:16 [INFO] Heartbeat + Metrics
2026-05-21T12:00:24 [INFO] Heartbeat + Metrics
2026-05-21T12:00:33 [INFO] Heartbeat + Metrics
2026-05-21T12:00:42 [INFO] Heartbeat + Metrics
2026-05-21T12:00:51 [INFO] Heartbeat + Metrics
2026-05-21T12:00:59 [INFO] Heartbeat + Metrics
2026-05-21T12:01:08 [INFO] Heartbeat + Metrics
2026-05-21T12:01:18 [INFO] Heartbeat + Metrics
2026-05-21T12:01:18 [WARN] Desired process no longer exists (PID 16292)
2026-05-21T12:01:18 [WARN] Desired process no longer exists (PID 3344)
2026-05-21T12:01:27 [INFO] Heartbeat + Metrics
2026-05-21T12:01:27 [WARN] Desired process no longer exists (PID 16292)
2026-05-21T12:01:27 [WARN] Desired process no longer exists (PID 3344)
2026-05-21T12:01:36 [INFO] Heartbeat + Metrics
2026-05-21T12:01:45 [INFO] Heartbeat + Metrics
2026-05-21T12:01:53 [INFO] Heartbeat + Metrics
2026-05-21T12:02:03 [INFO] Heartbeat + Metrics
2026-05-21T12:02:12 [INFO] Heartbeat + Metrics
2026-05-21T12:02:21 [INFO] Heartbeat + Metrics
2026-05-21T12:02:29 [INFO] Heartbeat + Metrics
2026-05-21T12:02:38 [INFO] Heartbeat + Metrics
2026-05-21T12:02:47 [INFO] Heartbeat + Metrics
2026-05-21T12:02:56 [INFO] Heartbeat + Metrics
2026-05-21T12:02:56 [WARN] Failsafe triggered: CPU too high
2026-05-21T12:03:05 [INFO] Heartbeat + Metrics
2026-05-21T12:03:13 [INFO] Heartbeat + Metrics
2026-05-21T12:03:22 [INFO] Heartbeat + Metrics
2026-05-21T12:03:31 [INFO] Heartbeat + Metrics
2026-05-21T12:03:41 [INFO] Heartbeat + Metrics
2026-05-21T12:03:49 [INFO] Heartbeat + Metrics
2026-05-21T12:03:59 [INFO] Heartbeat + Metrics
2026-05-21T12:03:59 [WARN] Failsafe triggered: CPU too high
2026-05-21T12:04:08 [INFO] Heartbeat + Metrics
2026-05-21T12:04:17 [INFO] Heartbeat + Metrics
2026-05-21T12:04:26 [INFO] Heartbeat + Metrics
2026-05-21T12:04:34 [INFO] Heartbeat + Metrics
2026-05-21T12:04:43 [INFO] Heartbeat + Metrics
2026-05-21T12:04:52 [INFO] Heartbeat + Metrics
2026-05-21T12:05:01 [INFO] Heartbeat + Metrics
2026-05-21T12:05:10 [INFO] Heartbeat + Metrics
2026-05-21T12:05:19 [INFO] Heartbeat + Metrics
2026-05-21T12:05:28 [INFO] Heartbeat + Metrics
2026-05-21T12:05:37 [INFO] Heartbeat + Metrics
2026-05-21T12:05:45 [INFO] Heartbeat + Metrics
2026-05-21T12:05:45 [WARN] Failsafe triggered: CPU too high
2026-05-21T12:05:54 [INFO] Heartbeat + Metrics
2026-05-21T12:06:03 [INFO] Heartbeat + Metrics
2026-05-21T12:06:13 [INFO] Heartbeat + Metrics
2026-05-21T12:06:13 [WARN] Failsafe triggered: CPU too high
2026-05-21T12:06:22 [INFO] Heartbeat + Metrics
2026-05-21T12:06:22 [WARN] Desired process no longer exists (PID 12408)
2026-05-21T12:06:22 [WARN] Desired process no longer exists (PID 3344)
2026-05-21T12:06:31 [INFO] Heartbeat + Metrics
2026-05-21T12:06:32 [WARN] Desired process no longer exists (PID 12408)
2026-05-21T12:06:32 [WARN] Desired process no longer exists (PID 3344)
2026-05-21T12:06:40 [INFO] Heartbeat + Metrics
2026-05-21T12:06:49 [INFO] Heartbeat + Metrics
2026-05-21T12:06:58 [INFO] Heartbeat + Metrics
2026-05-21T12:07:07 [INFO] Heartbeat + Metrics
2026-05-21T12:07:16 [INFO] Heartbeat + Metrics
2026-05-21T12:07:25 [INFO] Heartbeat + Metrics
2026-05-21T12:07:34 [INFO] Heartbeat + Metrics
2026-05-21T12:07:34 [WARN] Desired process no longer exists (PID 12408)
2026-05-21T12:07:34 [WARN] Desired process no longer exists (PID 3344)
2026-05-21T12:07:43 [INFO] Heartbeat + Metrics
2026-05-21T12:07:52 [INFO] Heartbeat + Metrics
2026-05-21T12:08:02 [INFO] Heartbeat + Metrics
2026-05-21T12:08:11 [INFO] Heartbeat + Metrics
2026-05-21T12:08:11 [WARN] Failsafe triggered: CPU too high
2026-05-21T12:08:20 [INFO] Heartbeat + Metrics
2026-05-21T12:08:29 [INFO] Heartbeat + Metrics
2026-05-21T12:08:29 [WARN] Desired process no longer exists (PID 12408)
2026-05-21T12:08:29 [WARN] Desired process no longer exists (PID 3344)
2026-05-21T12:08:38 [INFO] Heartbeat + Metrics
2026-05-21T12:08:38 [WARN] Desired process no longer exists (PID 12408)
2026-05-21T12:08:38 [WARN] Desired process no longer exists (PID 3344)
2026-05-21T12:08:47 [INFO] Heartbeat + Metrics
2026-05-21T12:08:47 [WARN] Desired process no longer exists (PID 12408)
2026-05-21T12:08:47 [WARN] Desired process no longer exists (PID 3344)
2026-05-21T12:08:57 [INFO] Heartbeat + Metrics
2026-05-21T12:08:58 [WARN] Desired process no longer exists (PID 12408)
2026-05-21T12:08:58 [WARN] Desired process no longer exists (PID 3344)
2026-05-21T12:09:07 [INFO] Heartbeat + Metrics
2026-05-21T12:09:07 [WARN] Desired process no longer exists (PID 12408)
2026-05-21T12:09:07 [WARN] Desired process no longer exists (PID 3344)
2026-05-21T12:09:16 [INFO] Heartbeat + Metrics
2026-05-21T12:09:16 [WARN] Failsafe triggered: CPU too high
2026-05-21T12:09:25 [INFO] Heartbeat + Metrics
2026-05-21T12:09:25 [WARN] Desired process no longer exists (PID 12408)
2026-05-21T12:09:25 [WARN] Desired process no longer exists (PID 3344)
2026-05-21T12:09:34 [INFO] Heartbeat + Metrics
2026-05-21T12:09:34 [WARN] Failsafe triggered: CPU too high
2026-05-21T12:09:43 [INFO] Heartbeat + Metrics
2026-05-21T12:09:43 [WARN] Failsafe triggered: CPU too high
2026-05-21T12:09:52 [INFO] Heartbeat + Metrics
2026-05-21T12:10:01 [INFO] Heartbeat + Metrics
2026-05-21T12:10:01 [WARN] Failsafe triggered: CPU too high
2026-05-21T12:10:10 [INFO] Heartbeat + Metrics
2026-05-21T12:10:19 [INFO] Heartbeat + Metrics
2026-05-21T12:10:29 [INFO] Heartbeat + Metrics
2026-05-21T12:10:29 [WARN] Failsafe triggered: CPU too high
2026-05-21T12:10:38 [INFO] Heartbeat + Metrics
2026-05-21T12:10:47 [INFO] Heartbeat + Metrics
2026-05-21T12:10:55 [INFO] Heartbeat + Metrics
2026-05-21T12:11:04 [INFO] Heartbeat + Metrics
2026-05-21T12:11:13 [INFO] Heartbeat + Metrics
2026-05-21T12:11:22 [INFO] Heartbeat + Metrics
2026-05-21T12:11:31 [INFO] Heartbeat + Metrics
2026-05-21T12:11:40 [INFO] Heartbeat + Metrics
2026-05-21T12:11:40 [WARN] Failsafe triggered: CPU too high
2026-05-21T12:11:48 [INFO] Heartbeat + Metrics
2026-05-21T12:11:57 [INFO] Heartbeat + Metrics
2026-05-21T12:12:06 [INFO] Heartbeat + Metrics
2026-05-21T12:12:06 [WARN] Failsafe triggered: CPU too high
2026-05-21T12:12:17 [INFO] Heartbeat + Metrics
2026-05-21T12:12:17 [WARN] Failsafe triggered: CPU too high
2026-05-21T12:12:26 [INFO] Heartbeat + Metrics
2026-05-21T12:12:35 [INFO] Heartbeat + Metrics
2026-05-21T12:12:35 [WARN] Failsafe triggered: CPU too high
2026-05-21T12:12:45 [INFO] Heartbeat + Metrics
2026-05-21T12:12:45 [WARN] Failsafe triggered: CPU too high
2026-05-21T12:12:54 [INFO] Heartbeat + Metrics
2026-05-21T12:13:03 [INFO] Heartbeat + Metrics
2026-05-21T12:13:14 [INFO] Heartbeat + Metrics
2026-05-21T12:13:28 [INFO] Heartbeat + Metrics
2026-05-21T12:13:28 [WARN] Failsafe triggered: CPU too high
2026-05-21T12:13:40 [INFO] Heartbeat + Metrics
2026-05-21T12:13:40 [WARN] Failsafe triggered: CPU too high
2026-05-21T12:13:41 [WARN] Failsafe triggered: RAM too low
2026-05-21T12:13:50 [INFO] Heartbeat + Metrics
2026-05-21T12:13:50 [WARN] Failsafe triggered: RAM too low
2026-05-21T12:13:59 [INFO] Heartbeat + Metrics
2026-05-21T12:14:08 [INFO] Heartbeat + Metrics
2026-05-21T12:14:08 [WARN] Desired process no longer exists (PID 5620)
2026-05-21T12:14:09 [WARN] Desired process no longer exists (PID 3344)
2026-05-21T12:14:17 [INFO] Heartbeat + Metrics
2026-05-21T12:14:26 [INFO] Heartbeat + Metrics
2026-05-21T12:14:35 [INFO] Heartbeat + Metrics
2026-05-21T12:14:35 [WARN] Failsafe triggered: CPU too high
2026-05-21T12:14:43 [INFO] Heartbeat + Metrics
2026-05-21T12:14:52 [INFO] Heartbeat + Metrics
2026-05-21T12:15:01 [INFO] Heartbeat + Metrics
2026-05-21T12:15:10 [INFO] Heartbeat + Metrics
2026-05-21T12:15:20 [INFO] Heartbeat + Metrics
2026-05-21T12:15:20 [WARN] Failsafe triggered: CPU too high
2026-05-21T12:15:20 [WARN] Failsafe triggered: RAM too low
2026-05-21T12:15:30 [INFO] Heartbeat + Metrics
2026-05-21T12:15:30 [WARN] Failsafe triggered: CPU too high
2026-05-21T12:15:30 [WARN] Failsafe triggered: RAM too low
2026-05-21T12:15:40 [INFO] Heartbeat + Metrics
2026-05-21T12:15:40 [WARN] Failsafe triggered: CPU too high
2026-05-21T12:15:40 [WARN] Failsafe triggered: RAM too low
2026-05-21T12:15:49 [INFO] Heartbeat + Metrics
2026-05-21T12:15:49 [WARN] Failsafe triggered: CPU too high
2026-05-21T12:15:58 [INFO] Heartbeat + Metrics
2026-05-21T12:16:06 [INFO] Heartbeat + Metrics
2026-05-21T12:16:15 [INFO] Heartbeat + Metrics
2026-05-21T12:16:24 [INFO] Heartbeat + Metrics
2026-05-21T12:16:33 [INFO] Heartbeat + Metrics
2026-05-21T12:16:42 [INFO] Heartbeat + Metrics
2026-05-21T12:16:42 [WARN] Failsafe triggered: CPU too high
2026-05-21T12:16:51 [INFO] Heartbeat + Metrics
2026-05-21T12:16:59 [INFO] Heartbeat + Metrics
2026-05-21T12:17:08 [INFO] Heartbeat + Metrics
2026-05-21T12:17:17 [INFO] Heartbeat + Metrics
2026-05-21T12:17:18 [WARN] Failsafe triggered: CPU too high
2026-05-21T12:17:26 [INFO] Heartbeat + Metrics
2026-05-21T12:17:35 [INFO] Heartbeat + Metrics
2026-05-21T12:17:44 [INFO] Heartbeat + Metrics
2026-05-21T12:17:54 [INFO] Heartbeat + Metrics
2026-05-21T12:18:03 [INFO] Heartbeat + Metrics
2026-05-21T12:18:03 [WARN] Failsafe triggered: CPU too high
2026-05-21T12:18:12 [INFO] Heartbeat + Metrics
2026-05-21T12:18:12 [WARN] Failsafe triggered: CPU too high
2026-05-21T12:18:20 [INFO] Heartbeat + Metrics
2026-05-21T12:18:29 [INFO] Heartbeat + Metrics
2026-05-21T12:18:38 [INFO] Heartbeat + Metrics
2026-05-21T12:18:47 [INFO] Heartbeat + Metrics
2026-05-21T12:18:57 [INFO] Heartbeat + Metrics
2026-05-21T12:18:57 [WARN] Failsafe triggered: CPU too high
2026-05-21T12:19:06 [INFO] Heartbeat + Metrics
2026-05-21T12:19:06 [WARN] Failsafe triggered: CPU too high
2026-05-21T12:19:15 [INFO] Heartbeat + Metrics
2026-05-21T12:19:15 [WARN] Failsafe triggered: RAM too low
2026-05-21T12:19:24 [INFO] Heartbeat + Metrics
2026-05-21T12:19:33 [INFO] Heartbeat + Metrics
2026-05-21T12:19:41 [INFO] Heartbeat + Metrics
2026-05-21T12:19:50 [INFO] Heartbeat + Metrics
2026-05-21T12:19:59 [INFO] Heartbeat + Metrics
2026-05-21T12:20:08 [INFO] Heartbeat + Metrics
2026-05-21T12:20:17 [INFO] Heartbeat + Metrics
2026-05-21T12:20:26 [INFO] Heartbeat + Metrics
2026-05-21T12:20:34 [INFO] Heartbeat + Metrics
2026-05-21T12:20:43 [INFO] Heartbeat + Metrics
2026-05-21T12:20:52 [INFO] Heartbeat + Metrics
2026-05-21T12:21:00 [INFO] Heartbeat + Metrics
2026-05-21T12:21:09 [INFO] Heartbeat + Metrics
2026-05-21T12:21:18 [INFO] Heartbeat + Metrics
2026-05-21T12:21:27 [INFO] Heartbeat + Metrics
2026-05-21T12:21:27 [WARN] Failsafe triggered: CPU too high
2026-05-21T12:21:36 [INFO] Heartbeat + Metrics
2026-05-21T12:21:45 [INFO] Heartbeat + Metrics
2026-05-21T12:21:54 [INFO] Heartbeat + Metrics
2026-05-21T12:21:54 [WARN] Failsafe triggered: CPU too high
2026-05-21T12:21:54 [WARN] Failsafe triggered: RAM too low
2026-05-21T12:22:03 [INFO] Heartbeat + Metrics
2026-05-21T12:22:03 [WARN] Failsafe triggered: RAM too low
2026-05-21T12:22:12 [INFO] Heartbeat + Metrics
2026-05-21T12:22:21 [INFO] Heartbeat + Metrics
2026-05-21T12:22:30 [INFO] Heartbeat + Metrics
2026-05-21T12:22:39 [INFO] Heartbeat + Metrics
2026-05-21T12:22:48 [INFO] Heartbeat + Metrics
2026-05-21T12:22:56 [INFO] Heartbeat + Metrics
2026-05-21T12:23:05 [INFO] Heartbeat + Metrics
2026-05-21T12:23:14 [INFO] Heartbeat + Metrics
2026-05-21T12:23:23 [INFO] Heartbeat + Metrics
2026-05-21T12:23:23 [WARN] Failsafe triggered: CPU too high
2026-05-21T12:23:32 [INFO] Heartbeat + Metrics
2026-05-21T12:23:32 [WARN] Desired process no longer exists (PID 12408)
2026-05-21T12:23:32 [WARN] Desired process no longer exists (PID 3344)
2026-05-21T12:23:41 [INFO] Heartbeat + Metrics
2026-05-21T12:23:41 [WARN] Desired process no longer exists (PID 12408)
2026-05-21T12:23:41 [WARN] Desired process no longer exists (PID 3344)
2026-05-21T12:23:50 [INFO] Heartbeat + Metrics
2026-05-21T12:23:50 [WARN] Desired process no longer exists (PID 12408)
2026-05-21T12:23:50 [WARN] Desired process no longer exists (PID 3344)
2026-05-21T12:23:58 [INFO] Heartbeat + Metrics
2026-05-21T12:23:58 [WARN] Desired process no longer exists (PID 12408)
2026-05-21T12:23:58 [WARN] Desired process no longer exists (PID 3344)
2026-05-21T12:24:07 [INFO] Heartbeat + Metrics
2026-05-21T12:24:07 [WARN] Desired process no longer exists (PID 12408)
2026-05-21T12:24:07 [WARN] Desired process no longer exists (PID 3344)
2026-05-21T12:24:16 [INFO] Heartbeat + Metrics
2026-05-21T12:24:16 [WARN] Failsafe triggered: CPU too high
2026-05-21T12:24:25 [INFO] Heartbeat + Metrics
2026-05-21T12:24:34 [INFO] Heartbeat + Metrics
2026-05-21T12:24:43 [INFO] Heartbeat + Metrics
2026-05-21T12:24:52 [INFO] Heartbeat + Metrics
2026-05-21T12:24:52 [WARN] Failsafe triggered: RAM too low
2026-05-21T12:25:01 [INFO] Heartbeat + Metrics
2026-05-21T12:25:01 [WARN] Failsafe triggered: RAM too low
2026-05-21T12:25:10 [INFO] Heartbeat + Metrics
2026-05-21T12:25:19 [INFO] Heartbeat + Metrics
2026-05-21T12:25:28 [INFO] Heartbeat + Metrics
2026-05-21T12:25:37 [INFO] Heartbeat + Metrics
2026-05-21T12:25:46 [INFO] Heartbeat + Metrics
2026-05-21T12:25:54 [INFO] Heartbeat + Metrics
2026-05-21T12:26:03 [INFO] Heartbeat + Metrics
2026-05-21T12:26:12 [INFO] Heartbeat + Metrics
2026-05-21T12:26:21 [INFO] Heartbeat + Metrics
2026-05-21T12:26:29 [INFO] Heartbeat + Metrics
2026-05-21T12:26:38 [INFO] Heartbeat + Metrics
2026-05-21T12:26:47 [INFO] Heartbeat + Metrics
2026-05-21T12:26:56 [INFO] Heartbeat + Metrics
2026-05-21T12:27:04 [INFO] Heartbeat + Metrics
2026-05-21T12:27:13 [INFO] Heartbeat + Metrics
2026-05-21T12:27:22 [INFO] Heartbeat + Metrics
2026-05-21T12:27:31 [INFO] Heartbeat + Metrics
2026-05-21T12:27:39 [INFO] Heartbeat + Metrics
2026-05-21T12:27:48 [INFO] Heartbeat + Metrics
2026-05-21T12:27:57 [INFO] Heartbeat + Metrics
2026-05-21T12:28:06 [INFO] Heartbeat + Metrics
2026-05-21T12:28:15 [INFO] Heartbeat + Metrics
2026-05-21T12:28:24 [INFO] Heartbeat + Metrics
2026-05-21T12:28:33 [INFO] Heartbeat + Metrics
2026-05-21T12:28:33 [WARN] Failsafe triggered: CPU too high
2026-05-21T12:28:41 [INFO] Heartbeat + Metrics
2026-05-21T12:28:50 [INFO] Heartbeat + Metrics
2026-05-21T12:28:59 [INFO] Heartbeat + Metrics
2026-05-21T12:29:08 [INFO] Heartbeat + Metrics
2026-05-21T12:29:17 [INFO] Heartbeat + Metrics
2026-05-21T12:29:26 [INFO] Heartbeat + Metrics
2026-05-21T12:29:26 [WARN] Failsafe triggered: CPU too high
2026-05-21T12:29:35 [INFO] Heartbeat + Metrics
2026-05-21T12:29:45 [INFO] Heartbeat + Metrics
2026-05-21T12:29:46 [WARN] Failsafe triggered: CPU too high
2026-05-21T12:29:46 [WARN] Failsafe triggered: RAM too low
2026-05-21T12:29:55 [INFO] Heartbeat + Metrics
2026-05-21T12:29:55 [WARN] Failsafe triggered: CPU too high
2026-05-21T12:29:55 [WARN] Failsafe triggered: RAM too low
2026-05-21T12:30:05 [INFO] Heartbeat + Metrics
2026-05-21T12:30:13 [INFO] Heartbeat + Metrics
2026-05-21T12:30:22 [INFO] Heartbeat + Metrics
2026-05-21T12:30:31 [INFO] Heartbeat + Metrics
2026-05-21T12:30:39 [INFO] Heartbeat + Metrics
2026-05-21T12:30:48 [INFO] Heartbeat + Metrics
2026-05-21T12:30:57 [INFO] Heartbeat + Metrics
2026-05-21T12:31:05 [INFO] Heartbeat + Metrics
2026-05-21T12:31:15 [INFO] Heartbeat + Metrics
2026-05-21T12:31:15 [WARN] Failsafe triggered: CPU too high
2026-05-21T12:31:24 [INFO] Heartbeat + Metrics
2026-05-21T12:31:33 [INFO] Heartbeat + Metrics
2026-05-21T12:31:42 [INFO] Heartbeat + Metrics
2026-05-21T12:31:50 [INFO] Heartbeat + Metrics
2026-05-21T12:31:59 [INFO] Heartbeat + Metrics
2026-05-21T12:32:07 [INFO] Heartbeat + Metrics
2026-05-21T12:32:16 [INFO] Heartbeat + Metrics
2026-05-21T12:32:25 [INFO] Heartbeat + Metrics
2026-05-21T12:32:34 [INFO] Heartbeat + Metrics
2026-05-21T12:32:43 [INFO] Heartbeat + Metrics
2026-05-21T12:32:51 [INFO] Heartbeat + Metrics
2026-05-21T12:33:00 [INFO] Heartbeat + Metrics
2026-05-21T12:33:09 [INFO] Heartbeat + Metrics
2026-05-21T12:33:17 [INFO] Heartbeat + Metrics
2026-05-21T12:33:26 [INFO] Heartbeat + Metrics
2026-05-21T12:33:35 [INFO] Heartbeat + Metrics
2026-05-21T12:33:43 [INFO] Heartbeat + Metrics
2026-05-21T12:33:52 [INFO] Heartbeat + Metrics
2026-05-21T12:34:01 [INFO] Heartbeat + Metrics
2026-05-21T12:34:11 [INFO] Heartbeat + Metrics
2026-05-21T12:34:20 [INFO] Heartbeat + Metrics
2026-05-21T12:34:28 [INFO] Heartbeat + Metrics
2026-05-21T12:34:37 [INFO] Heartbeat + Metrics
2026-05-21T12:34:46 [INFO] Heartbeat + Metrics
2026-05-21T12:34:46 [WARN] Failsafe triggered: CPU too high
2026-05-21T12:34:55 [INFO] Heartbeat + Metrics
2026-05-21T12:35:04 [INFO] Heartbeat + Metrics
2026-05-21T12:35:12 [INFO] Heartbeat + Metrics
2026-05-21T12:35:21 [INFO] Heartbeat + Metrics
2026-05-21T12:35:30 [INFO] Heartbeat + Metrics
2026-05-21T12:35:30 [WARN] Failsafe triggered: CPU too high
2026-05-21T12:35:40 [INFO] Heartbeat + Metrics
2026-05-21T12:35:40 [WARN] Failsafe triggered: RAM too low
2026-05-21T12:35:58 [INFO] Heartbeat + Metrics
2026-05-21T12:35:58 [WARN] Failsafe triggered: RAM too low
2026-05-21T12:36:07 [INFO] Heartbeat + Metrics
2026-05-21T12:36:07 [WARN] Failsafe triggered: CPU too high
2026-05-21T12:36:16 [INFO] Heartbeat + Metrics
2026-05-21T12:36:24 [INFO] Heartbeat + Metrics
2026-05-21T12:36:33 [INFO] Heartbeat + Metrics
2026-05-21T12:36:42 [INFO] Heartbeat + Metrics
2026-05-21T12:36:50 [INFO] Heartbeat + Metrics
2026-05-21T12:37:01 [INFO] Heartbeat + Metrics
2026-05-21T12:37:01 [WARN] Failsafe triggered: CPU too high
2026-05-21T12:37:10 [INFO] Heartbeat + Metrics
2026-05-21T12:37:10 [WARN] Failsafe triggered: CPU too high
2026-05-21T12:37:19 [INFO] Heartbeat + Metrics
2026-05-21T12:37:27 [INFO] Heartbeat + Metrics
2026-05-21T12:37:37 [INFO] Heartbeat + Metrics
2026-05-21T12:37:46 [INFO] Heartbeat + Metrics
2026-05-21T12:37:55 [INFO] Heartbeat + Metrics
2026-05-21T12:38:03 [INFO] Heartbeat + Metrics
2026-05-21T12:38:12 [INFO] Heartbeat + Metrics
2026-05-21T12:38:21 [INFO] Heartbeat + Metrics
2026-05-21T12:38:29 [INFO] Heartbeat + Metrics
2026-05-21T12:38:38 [INFO] Heartbeat + Metrics
2026-05-21T12:38:47 [INFO] Heartbeat + Metrics
2026-05-21T12:38:56 [INFO] Heartbeat + Metrics
2026-05-21T12:39:05 [INFO] Heartbeat + Metrics
2026-05-21T12:39:14 [INFO] Heartbeat + Metrics
2026-05-21T12:39:23 [INFO] Heartbeat + Metrics
2026-05-21T12:39:31 [INFO] Heartbeat + Metrics
2026-05-21T12:39:40 [INFO] Heartbeat + Metrics
2026-05-21T12:39:49 [INFO] Heartbeat + Metrics
2026-05-21T12:39:58 [INFO] Heartbeat + Metrics
2026-05-21T12:39:58 [WARN] Failsafe triggered: CPU too high
2026-05-21T12:40:06 [INFO] Heartbeat + Metrics
2026-05-21T12:40:15 [INFO] Heartbeat + Metrics
2026-05-21T12:40:24 [INFO] Heartbeat + Metrics
2026-05-21T12:40:35 [INFO] Heartbeat + Metrics
2026-05-21T12:40:45 [INFO] Heartbeat + Metrics
2026-05-21T12:40:45 [WARN] Failsafe triggered: CPU too high
2026-05-21T12:40:54 [INFO] Heartbeat + Metrics
2026-05-21T12:40:54 [WARN] Failsafe triggered: CPU too high
2026-05-21T12:41:04 [INFO] Heartbeat + Metrics
2026-05-21T12:41:04 [WARN] Failsafe triggered: CPU too high
2026-05-21T12:41:13 [INFO] Heartbeat + Metrics
2026-05-21T12:41:22 [INFO] Heartbeat + Metrics
2026-05-21T12:41:31 [INFO] Heartbeat + Metrics
2026-05-21T12:41:40 [INFO] Heartbeat + Metrics
2026-05-21T12:41:49 [INFO] Heartbeat + Metrics
2026-05-21T12:41:49 [WARN] Failsafe triggered: RAM too low
2026-05-21T12:41:58 [INFO] Heartbeat + Metrics
2026-05-21T12:42:07 [INFO] Heartbeat + Metrics
2026-05-21T12:42:07 [WARN] Desired process no longer exists (PID 5620)
2026-05-21T12:42:07 [WARN] Desired process no longer exists (PID 3344)
2026-05-21T12:42:17 [INFO] Heartbeat + Metrics
2026-05-21T12:42:17 [WARN] Failsafe triggered: CPU too high
2026-05-21T12:42:17 [WARN] Failsafe triggered: RAM too low
2026-05-21T12:42:27 [INFO] Heartbeat + Metrics
2026-05-21T12:42:27 [WARN] Failsafe triggered: RAM too low
2026-05-21T12:42:36 [INFO] Heartbeat + Metrics
2026-05-21T12:42:36 [WARN] Failsafe triggered: RAM too low
2026-05-21T12:42:45 [INFO] Heartbeat + Metrics
2026-05-21T12:42:45 [WARN] Failsafe triggered: CPU too high
2026-05-21T12:42:54 [INFO] Heartbeat + Metrics
2026-05-21T12:42:54 [WARN] Desired process no longer exists (PID 5620)
2026-05-21T12:42:54 [WARN] Desired process no longer exists (PID 3344)
2026-05-21T12:43:03 [INFO] Heartbeat + Metrics
2026-05-21T12:43:04 [WARN] Desired process no longer exists (PID 5620)
2026-05-21T12:43:04 [WARN] Desired process no longer exists (PID 3344)
2026-05-21T12:43:13 [INFO] Heartbeat + Metrics
2026-05-21T12:43:13 [WARN] Desired process no longer exists (PID 5620)
2026-05-21T12:43:13 [WARN] Desired process no longer exists (PID 3344)
2026-05-21T12:43:22 [INFO] Heartbeat + Metrics
2026-05-21T12:43:22 [WARN] Failsafe triggered: RAM too low
2026-05-21T12:43:30 [INFO] Heartbeat + Metrics
2026-05-21T12:43:31 [WARN] Desired process no longer exists (PID 5620)
2026-05-21T12:43:31 [WARN] Desired process no longer exists (PID 3344)
2026-05-21T12:43:40 [INFO] Heartbeat + Metrics
2026-05-21T12:43:40 [WARN] Desired process no longer exists (PID 5620)
2026-05-21T12:43:40 [WARN] Desired process no longer exists (PID 3344)
2026-05-21T12:43:49 [INFO] Heartbeat + Metrics
2026-05-21T12:43:49 [WARN] Failsafe triggered: RAM too low
2026-05-21T12:43:59 [INFO] Heartbeat + Metrics
2026-05-21T12:43:59 [WARN] Failsafe triggered: CPU too high
2026-05-21T12:43:59 [WARN] Failsafe triggered: RAM too low
2026-05-21T12:44:09 [INFO] Heartbeat + Metrics
2026-05-21T12:44:09 [WARN] Failsafe triggered: CPU too high
2026-05-21T12:44:18 [INFO] Heartbeat + Metrics
2026-05-21T12:44:18 [WARN] Failsafe triggered: CPU too high
2026-05-21T12:44:26 [INFO] Heartbeat + Metrics
2026-05-21T12:44:27 [WARN] Desired process no longer exists (PID 5620)
2026-05-21T12:44:27 [WARN] Desired process no longer exists (PID 3344)
2026-05-21T12:44:35 [INFO] Heartbeat + Metrics
2026-05-21T12:44:35 [WARN] Desired process no longer exists (PID 5620)
2026-05-21T12:44:36 [WARN] Desired process no longer exists (PID 3344)
2026-05-21T12:44:44 [INFO] Heartbeat + Metrics
2026-05-21T12:44:44 [WARN] Desired process no longer exists (PID 5620)
2026-05-21T12:44:44 [WARN] Desired process no longer exists (PID 3344)
2026-05-21T12:44:53 [INFO] Heartbeat + Metrics
2026-05-21T12:44:53 [WARN] Desired process no longer exists (PID 5620)
2026-05-21T12:44:53 [WARN] Desired process no longer exists (PID 3344)
2026-05-21T12:45:02 [INFO] Heartbeat + Metrics
2026-05-21T12:45:02 [WARN] Failsafe triggered: CPU too high
2026-05-21T12:45:11 [INFO] Heartbeat + Metrics
2026-05-21T12:45:11 [WARN] Desired process no longer exists (PID 5620)
2026-05-21T12:45:11 [WARN] Desired process no longer exists (PID 3344)
2026-05-21T12:45:20 [INFO] Heartbeat + Metrics
2026-05-21T12:45:20 [WARN] Desired process no longer exists (PID 5620)
2026-05-21T12:45:21 [WARN] Desired process no longer exists (PID 3344)
2026-05-21T12:45:30 [INFO] Heartbeat + Metrics
2026-05-21T12:45:30 [WARN] Desired process no longer exists (PID 5620)
2026-05-21T12:45:30 [WARN] Desired process no longer exists (PID 3344)
2026-05-21T12:45:39 [INFO] Heartbeat + Metrics
2026-05-21T12:45:39 [WARN] Desired process no longer exists (PID 5620)
2026-05-21T12:45:39 [WARN] Desired process no longer exists (PID 3344)
2026-05-21T12:45:48 [INFO] Heartbeat + Metrics
2026-05-21T12:45:57 [INFO] Heartbeat + Metrics
2026-05-21T12:45:57 [WARN] Failsafe triggered: CPU too high
2026-05-21T12:46:06 [INFO] Heartbeat + Metrics
2026-05-21T12:46:06 [WARN] Failsafe triggered: CPU too high
2026-05-21T12:46:06 [WARN] Failsafe triggered: RAM too low
2026-05-21T12:46:15 [INFO] Heartbeat + Metrics
2026-05-21T12:46:15 [WARN] Desired process no longer exists (PID 5620)
2026-05-21T12:46:15 [WARN] Desired process no longer exists (PID 3344)
2026-05-21T12:46:24 [INFO] Heartbeat + Metrics
2026-05-21T12:46:24 [WARN] Desired process no longer exists (PID 5620)
2026-05-21T12:46:24 [WARN] Desired process no longer exists (PID 3344)
2026-05-21T12:46:33 [INFO] Heartbeat + Metrics
2026-05-21T12:46:33 [WARN] Desired process no longer exists (PID 5620)
2026-05-21T12:46:33 [WARN] Desired process no longer exists (PID 3344)
2026-05-21T12:46:43 [INFO] Heartbeat + Metrics
2026-05-21T12:46:53 [INFO] Heartbeat + Metrics
2026-05-21T12:46:53 [WARN] Failsafe triggered: CPU too high
2026-05-21T12:47:02 [INFO] Heartbeat + Metrics
2026-05-21T12:47:12 [INFO] Heartbeat + Metrics
2026-05-21T12:47:12 [WARN] Failsafe triggered: RAM too low
2026-05-21T12:47:21 [INFO] Heartbeat + Metrics
2026-05-21T12:47:21 [WARN] Failsafe triggered: CPU too high
2026-05-21T12:47:21 [WARN] Failsafe triggered: RAM too low
2026-05-21T12:47:30 [INFO] Heartbeat + Metrics
2026-05-21T12:47:30 [WARN] Failsafe triggered: RAM too low
2026-05-21T12:47:39 [INFO] Heartbeat + Metrics
2026-05-21T12:47:41 [WARN] Desired process no longer exists (PID 5620)
2026-05-21T12:47:41 [WARN] Desired process no longer exists (PID 3344)
2026-05-21T12:47:51 [INFO] Heartbeat + Metrics
2026-05-21T12:47:51 [WARN] Desired process no longer exists (PID 5620)
2026-05-21T12:47:51 [WARN] Desired process no longer exists (PID 3344)
2026-05-21T12:48:00 [INFO] Heartbeat + Metrics
2026-05-21T12:48:00 [WARN] Desired process no longer exists (PID 5620)
2026-05-21T12:48:01 [WARN] Desired process no longer exists (PID 3344)
2026-05-21T12:48:09 [INFO] Heartbeat + Metrics
2026-05-21T12:48:10 [WARN] Desired process no longer exists (PID 5620)
2026-05-21T12:48:10 [WARN] Desired process no longer exists (PID 3344)
2026-05-21T12:48:19 [INFO] Heartbeat + Metrics
2026-05-21T12:48:19 [WARN] Desired process no longer exists (PID 5620)
2026-05-21T12:48:19 [WARN] Desired process no longer exists (PID 3344)
2026-05-21T12:48:27 [INFO] Heartbeat + Metrics
2026-05-21T12:48:27 [WARN] Failsafe triggered: CPU too high
2026-05-21T12:48:36 [INFO] Heartbeat + Metrics
2026-05-21T12:48:36 [WARN] Failsafe triggered: CPU too high
2026-05-21T12:48:45 [INFO] Heartbeat + Metrics
2026-05-21T12:48:45 [WARN] Desired process no longer exists (PID 5620)
2026-05-21T12:48:45 [WARN] Desired process no longer exists (PID 3344)
2026-05-21T12:48:54 [INFO] Heartbeat + Metrics
2026-05-21T12:48:54 [WARN] Desired process no longer exists (PID 5620)
2026-05-21T12:48:54 [WARN] Desired process no longer exists (PID 3344)
2026-05-21T12:49:03 [INFO] Heartbeat + Metrics
2026-05-21T12:49:12 [INFO] Heartbeat + Metrics
2026-05-21T12:49:12 [WARN] Desired process no longer exists (PID 5620)
2026-05-21T12:49:12 [WARN] Desired process no longer exists (PID 3344)
2026-05-21T12:49:22 [INFO] Heartbeat + Metrics
2026-05-21T12:49:22 [WARN] Desired process no longer exists (PID 5620)
2026-05-21T12:49:22 [WARN] Desired process no longer exists (PID 3344)
2026-05-21T12:49:31 [INFO] Heartbeat + Metrics
2026-05-21T12:49:31 [WARN] Failsafe triggered: RAM too low
2026-05-21T12:49:39 [INFO] Heartbeat + Metrics
2026-05-21T12:49:40 [WARN] Desired process no longer exists (PID 5620)
2026-05-21T12:49:40 [WARN] Desired process no longer exists (PID 3344)
2026-05-21T12:49:49 [INFO] Heartbeat + Metrics
2026-05-21T12:49:49 [WARN] Desired process no longer exists (PID 5620)
2026-05-21T12:49:49 [WARN] Desired process no longer exists (PID 3344)
2026-05-21T12:49:58 [INFO] Heartbeat + Metrics
2026-05-21T12:49:58 [WARN] Desired process no longer exists (PID 5620)
2026-05-21T12:49:58 [WARN] Desired process no longer exists (PID 3344)
2026-05-21T12:50:07 [INFO] Heartbeat + Metrics
2026-05-21T12:50:08 [WARN] Desired process no longer exists (PID 5620)
2026-05-21T12:50:08 [WARN] Desired process no longer exists (PID 3344)
2026-05-21T12:50:16 [INFO] Heartbeat + Metrics
2026-05-21T12:50:16 [WARN] Desired process no longer exists (PID 5620)
2026-05-21T12:50:16 [WARN] Desired process no longer exists (PID 3344)
2026-05-21T12:50:25 [INFO] Heartbeat + Metrics
2026-05-21T12:50:25 [WARN] Desired process no longer exists (PID 5620)
2026-05-21T12:50:25 [WARN] Desired process no longer exists (PID 3344)
2026-05-21T12:50:34 [INFO] Heartbeat + Metrics
2026-05-21T12:50:34 [WARN] Desired process no longer exists (PID 5620)
2026-05-21T12:50:34 [WARN] Desired process no longer exists (PID 3344)
2026-05-21T12:50:43 [INFO] Heartbeat + Metrics
2026-05-21T12:50:43 [WARN] Desired process no longer exists (PID 5620)
2026-05-21T12:50:43 [WARN] Desired process no longer exists (PID 3344)
2026-05-21T12:50:52 [INFO] Heartbeat + Metrics
2026-05-21T12:50:52 [WARN] Failsafe triggered: CPU too high
2026-05-21T12:51:02 [INFO] Heartbeat + Metrics
2026-05-21T12:51:02 [WARN] Failsafe triggered: RAM too low
2026-05-21T12:51:12 [INFO] Heartbeat + Metrics
2026-05-21T12:51:12 [WARN] Failsafe triggered: RAM too low
2026-05-21T12:51:21 [INFO] Heartbeat + Metrics
2026-05-21T12:51:21 [WARN] Failsafe triggered: CPU too high
2026-05-21T12:51:21 [WARN] Failsafe triggered: RAM too low
2026-05-21T12:51:30 [INFO] Heartbeat + Metrics
2026-05-21T12:51:30 [WARN] Failsafe triggered: CPU too high
2026-05-21T12:51:40 [INFO] Heartbeat + Metrics
2026-05-21T12:51:40 [WARN] Failsafe triggered: CPU too high
2026-05-21T12:51:50 [INFO] Heartbeat + Metrics
2026-05-21T12:51:50 [WARN] Failsafe triggered: CPU too high
2026-05-21T12:51:50 [WARN] Failsafe triggered: RAM too low
2026-05-21T12:52:07 [INFO] Heartbeat + Metrics
2026-05-21T12:52:07 [WARN] Failsafe triggered: CPU too high
2026-05-21T12:52:08 [WARN] Failsafe triggered: RAM too low
2026-05-21T12:52:30 [INFO] Heartbeat + Metrics
2026-05-21T12:52:31 [WARN] Failsafe triggered: CPU too high
2026-05-21T12:52:32 [WARN] Failsafe triggered: RAM too low
2026-05-21T12:52:46 [INFO] Heartbeat + Metrics
2026-05-21T12:52:46 [WARN] Failsafe triggered: CPU too high
2026-05-21T12:52:46 [WARN] Failsafe triggered: RAM too low
2026-05-21T12:52:57 [INFO] Heartbeat + Metrics
2026-05-21T12:52:57 [WARN] Failsafe triggered: CPU too high
2026-05-21T12:53:05 [INFO] Heartbeat + Metrics
2026-05-21T12:53:05 [WARN] Failsafe triggered: CPU too high
2026-05-21T12:53:15 [INFO] Heartbeat + Metrics
2026-05-21T12:53:15 [WARN] Failsafe triggered: CPU too high
2026-05-21T12:53:24 [INFO] Heartbeat + Metrics
2026-05-21T12:53:24 [WARN] Failsafe triggered: CPU too high
2026-05-21T12:53:24 [WARN] Failsafe triggered: RAM too low
2026-05-21T12:53:34 [INFO] Heartbeat + Metrics
2026-05-21T12:53:34 [WARN] Failsafe triggered: RAM too low
2026-05-21T12:53:43 [INFO] Heartbeat + Metrics
2026-05-21T12:53:43 [WARN] Failsafe triggered: RAM too low
2026-05-21T12:53:54 [INFO] Heartbeat + Metrics
2026-05-21T12:53:54 [WARN] Failsafe triggered: CPU too high
2026-05-21T12:53:55 [WARN] Failsafe triggered: RAM too low
2026-05-21T12:54:04 [INFO] Heartbeat + Metrics
2026-05-21T12:54:04 [WARN] Failsafe triggered: CPU too high
2026-05-21T12:54:04 [WARN] Failsafe triggered: RAM too low
2026-05-21T12:54:14 [INFO] Heartbeat + Metrics
2026-05-21T12:54:14 [WARN] Failsafe triggered: RAM too low
2026-05-21T12:54:25 [INFO] Heartbeat + Metrics
2026-05-21T12:54:25 [WARN] Failsafe triggered: CPU too high
2026-05-21T12:54:40 [INFO] Heartbeat + Metrics
2026-05-21T12:54:41 [WARN] Failsafe triggered: CPU too high
2026-05-21T12:54:41 [WARN] Failsafe triggered: RAM too low
2026-05-21T12:54:52 [INFO] Heartbeat + Metrics
2026-05-21T12:54:52 [WARN] Failsafe triggered: CPU too high
2026-05-21T12:55:03 [INFO] Heartbeat + Metrics
2026-05-21T12:55:03 [WARN] Failsafe triggered: CPU too high
2026-05-21T12:55:03 [WARN] Failsafe triggered: RAM too low
2026-05-21T12:55:14 [INFO] Heartbeat + Metrics
2026-05-21T12:55:15 [WARN] Failsafe triggered: CPU too high
2026-05-21T12:55:15 [WARN] Failsafe triggered: RAM too low
2026-05-21T12:55:25 [INFO] Heartbeat + Metrics
2026-05-21T12:55:25 [WARN] Failsafe triggered: RAM too low
2026-05-21T12:55:37 [INFO] Heartbeat + Metrics
2026-05-21T12:55:37 [WARN] Failsafe triggered: RAM too low
2026-05-21T12:55:50 [INFO] Heartbeat + Metrics
2026-05-21T12:55:51 [WARN] Failsafe triggered: RAM too low
2026-05-21T12:56:03 [INFO] Heartbeat + Metrics
2026-05-21T12:56:03 [WARN] Failsafe triggered: RAM too low
2026-05-21T12:56:13 [INFO] Heartbeat + Metrics
2026-05-21T12:56:13 [WARN] Failsafe triggered: CPU too high
2026-05-21T12:56:13 [WARN] Failsafe triggered: RAM too low
2026-05-21T12:56:23 [INFO] Heartbeat + Metrics
2026-05-21T12:56:23 [WARN] Failsafe triggered: RAM too low
2026-05-21T12:56:34 [INFO] Heartbeat + Metrics
2026-05-21T12:56:34 [WARN] Failsafe triggered: RAM too low
2026-05-21T12:56:44 [INFO] Heartbeat + Metrics
2026-05-21T12:56:44 [WARN] Failsafe triggered: RAM too low
2026-05-21T12:56:53 [INFO] Heartbeat + Metrics
2026-05-21T12:57:02 [INFO] Heartbeat + Metrics
2026-05-21T12:57:12 [INFO] Heartbeat + Metrics
2026-05-21T12:57:12 [WARN] Failsafe triggered: CPU too high
2026-05-21T12:57:12 [WARN] Failsafe triggered: RAM too low
2026-05-21T12:57:25 [INFO] Heartbeat + Metrics
2026-05-21T12:57:25 [WARN] Failsafe triggered: RAM too low
2026-05-21T12:57:36 [INFO] Heartbeat + Metrics
2026-05-21T12:57:46 [INFO] Heartbeat + Metrics
2026-05-21T12:57:56 [INFO] Heartbeat + Metrics
2026-05-21T12:58:05 [INFO] Heartbeat + Metrics
2026-05-21T12:58:05 [WARN] Failsafe triggered: CPU too high
2026-05-21T12:58:05 [WARN] Failsafe triggered: RAM too low
2026-05-21T12:58:15 [INFO] Heartbeat + Metrics
2026-05-21T12:58:15 [WARN] Failsafe triggered: RAM too low
2026-05-21T12:58:25 [INFO] Heartbeat + Metrics
2026-05-21T12:58:25 [WARN] Failsafe triggered: CPU too high
2026-05-21T12:58:34 [INFO] Heartbeat + Metrics
2026-05-21T12:58:43 [INFO] Heartbeat + Metrics
2026-05-21T12:58:52 [INFO] Heartbeat + Metrics
2026-05-21T12:58:52 [WARN] Desired process no longer exists (PID 12408)
2026-05-21T12:58:52 [WARN] Desired process no longer exists (PID 3344)
2026-05-21T12:59:01 [INFO] Heartbeat + Metrics
2026-05-21T12:59:11 [INFO] Heartbeat + Metrics
2026-05-21T12:59:20 [INFO] Heartbeat + Metrics
2026-05-21T12:59:28 [INFO] Heartbeat + Metrics
2026-05-21T12:59:37 [INFO] Heartbeat + Metrics
2026-05-21T12:59:46 [INFO] Heartbeat + Metrics
2026-05-21T12:59:55 [INFO] Heartbeat + Metrics
2026-05-21T13:00:03 [INFO] Heartbeat + Metrics
2026-05-21T13:00:12 [INFO] Heartbeat + Metrics
2026-05-21T13:00:21 [INFO] Heartbeat + Metrics
2026-05-21T13:00:21 [WARN] Failsafe triggered: CPU too high
2026-05-21T13:00:21 [WARN] Failsafe triggered: RAM too low
2026-05-21T13:00:30 [INFO] Heartbeat + Metrics
2026-05-21T13:00:30 [WARN] Failsafe triggered: RAM too low
2026-05-21T13:00:39 [INFO] Heartbeat + Metrics
2026-05-21T13:00:48 [INFO] Heartbeat + Metrics
2026-05-21T13:00:57 [INFO] Heartbeat + Metrics
2026-05-21T13:01:06 [INFO] Heartbeat + Metrics
2026-05-21T13:01:14 [INFO] Heartbeat + Metrics
2026-05-21T13:01:23 [INFO] Heartbeat + Metrics
2026-05-21T13:01:32 [INFO] Heartbeat + Metrics
2026-05-21T13:01:41 [INFO] Heartbeat + Metrics
2026-05-21T13:01:51 [INFO] Heartbeat + Metrics
2026-05-21T13:02:00 [INFO] Heartbeat + Metrics
2026-05-21T13:02:09 [INFO] Heartbeat + Metrics
2026-05-21T13:02:19 [INFO] Heartbeat + Metrics
2026-05-21T13:02:19 [WARN] Failsafe triggered: CPU too high
2026-05-21T13:02:19 [WARN] Failsafe triggered: RAM too low
2026-05-21T13:02:29 [INFO] Heartbeat + Metrics
2026-05-21T13:02:29 [WARN] Failsafe triggered: CPU too high
2026-05-21T13:02:29 [WARN] Failsafe triggered: RAM too low
2026-05-21T13:02:39 [INFO] Heartbeat + Metrics
2026-05-21T13:02:40 [WARN] Desired process no longer exists (PID 12408)
2026-05-21T13:02:40 [WARN] Desired process no longer exists (PID 3344)
2026-05-21T13:02:49 [INFO] Heartbeat + Metrics
2026-05-21T13:02:58 [INFO] Heartbeat + Metrics
2026-05-21T13:03:07 [INFO] Heartbeat + Metrics
2026-05-21T13:03:16 [INFO] Heartbeat + Metrics
2026-05-21T13:03:26 [INFO] Heartbeat + Metrics
2026-05-21T13:03:26 [WARN] Failsafe triggered: CPU too high
2026-05-21T13:03:36 [INFO] Heartbeat + Metrics
2026-05-21T13:03:36 [WARN] Failsafe triggered: CPU too high
2026-05-21T13:03:36 [WARN] Failsafe triggered: RAM too low
2026-05-21T13:03:45 [INFO] Heartbeat + Metrics
2026-05-21T13:03:45 [WARN] Failsafe triggered: RAM too low
2026-05-21T13:03:54 [INFO] Heartbeat + Metrics
2026-05-21T13:04:04 [INFO] Heartbeat + Metrics
2026-05-21T13:04:04 [WARN] Failsafe triggered: CPU too high
2026-05-21T13:04:13 [INFO] Heartbeat + Metrics
2026-05-21T13:04:13 [WARN] Failsafe triggered: CPU too high
2026-05-21T13:04:13 [WARN] Failsafe triggered: RAM too low
2026-05-21T13:04:24 [INFO] Heartbeat + Metrics
2026-05-21T13:04:24 [WARN] Failsafe triggered: RAM too low
2026-05-21T13:04:34 [INFO] Heartbeat + Metrics
2026-05-21T13:04:34 [WARN] Failsafe triggered: CPU too high
2026-05-21T13:04:34 [WARN] Failsafe triggered: RAM too low
2026-05-21T13:04:43 [INFO] Heartbeat + Metrics
2026-05-21T13:04:43 [WARN] Failsafe triggered: RAM too low
2026-05-21T13:04:53 [INFO] Heartbeat + Metrics
2026-05-21T13:04:53 [WARN] Failsafe triggered: CPU too high
2026-05-21T13:05:05 [INFO] Heartbeat + Metrics
2026-05-21T13:05:06 [WARN] Failsafe triggered: CPU too high
2026-05-21T13:05:16 [INFO] Heartbeat + Metrics
2026-05-21T13:05:25 [INFO] Heartbeat + Metrics
2026-05-21T13:05:34 [INFO] Heartbeat + Metrics
2026-05-21T13:05:44 [INFO] Heartbeat + Metrics
2026-05-21T13:05:44 [WARN] Failsafe triggered: RAM too low
2026-05-21T13:05:53 [INFO] Heartbeat + Metrics
2026-05-21T13:05:53 [WARN] Failsafe triggered: RAM too low
2026-05-21T13:06:03 [INFO] Heartbeat + Metrics
2026-05-21T13:06:03 [WARN] Failsafe triggered: RAM too low
2026-05-21T13:06:12 [INFO] Heartbeat + Metrics
2026-05-21T13:06:21 [INFO] Heartbeat + Metrics
2026-05-21T13:06:29 [INFO] Heartbeat + Metrics
2026-05-21T13:06:38 [INFO] Heartbeat + Metrics
2026-05-21T13:06:48 [INFO] Heartbeat + Metrics
2026-05-21T13:06:48 [WARN] Failsafe triggered: RAM too low
2026-05-21T13:07:00 [INFO] Heartbeat + Metrics
2026-05-21T13:07:00 [WARN] Failsafe triggered: RAM too low
2026-05-21T13:07:10 [INFO] Heartbeat + Metrics
2026-05-21T13:07:10 [WARN] Failsafe triggered: RAM too low
2026-05-21T13:07:19 [INFO] Heartbeat + Metrics
2026-05-21T13:07:19 [WARN] Failsafe triggered: RAM too low
2026-05-21T13:07:28 [INFO] Heartbeat + Metrics
2026-05-21T13:07:37 [INFO] Heartbeat + Metrics
2026-05-21T13:07:46 [INFO] Heartbeat + Metrics
2026-05-21T13:07:55 [INFO] Heartbeat + Metrics
2026-05-21T13:08:03 [INFO] Heartbeat + Metrics
2026-05-21T13:08:12 [INFO] Heartbeat + Metrics
2026-05-21T13:08:21 [INFO] Heartbeat + Metrics
2026-05-21T13:08:21 [WARN] Failsafe triggered: RAM too low
2026-05-21T13:08:30 [INFO] Heartbeat + Metrics
2026-05-21T13:08:39 [INFO] Heartbeat + Metrics
2026-05-21T13:08:48 [INFO] Heartbeat + Metrics
2026-05-21T13:08:48 [WARN] Failsafe triggered: CPU too high
2026-05-21T13:08:56 [INFO] Heartbeat + Metrics
2026-05-21T13:09:05 [INFO] Heartbeat + Metrics
2026-05-21T13:09:14 [INFO] Heartbeat + Metrics
2026-05-21T13:09:22 [INFO] Heartbeat + Metrics
2026-05-21T13:09:32 [INFO] Heartbeat + Metrics
2026-05-21T13:09:32 [WARN] Failsafe triggered: CPU too high
2026-05-21T13:09:41 [INFO] Heartbeat + Metrics
2026-05-21T13:09:41 [WARN] Failsafe triggered: RAM too low
2026-05-21T13:09:50 [INFO] Heartbeat + Metrics
2026-05-21T13:09:58 [INFO] Heartbeat + Metrics
2026-05-21T13:10:07 [INFO] Heartbeat + Metrics
2026-05-21T13:10:16 [INFO] Heartbeat + Metrics
2026-05-21T13:10:24 [INFO] Heartbeat + Metrics
2026-05-21T13:10:33 [INFO] Heartbeat + Metrics
2026-05-21T13:10:42 [INFO] Heartbeat + Metrics
2026-05-21T13:10:51 [INFO] Heartbeat + Metrics
2026-05-21T13:10:59 [INFO] Heartbeat + Metrics
2026-05-21T13:11:09 [INFO] Heartbeat + Metrics
2026-05-21T13:11:18 [INFO] Heartbeat + Metrics
2026-05-21T13:11:26 [INFO] Heartbeat + Metrics
2026-05-21T13:11:35 [INFO] Heartbeat + Metrics
2026-05-21T13:11:44 [INFO] Heartbeat + Metrics
2026-05-21T13:11:53 [INFO] Heartbeat + Metrics
2026-05-21T13:11:53 [WARN] Desired process no longer exists (PID 5620)
2026-05-21T13:11:53 [WARN] Desired process no longer exists (PID 3344)
2026-05-21T13:12:02 [INFO] Heartbeat + Metrics
2026-05-21T13:12:02 [WARN] Failsafe triggered: RAM too low
2026-05-21T13:12:11 [INFO] Heartbeat + Metrics
2026-05-21T13:12:11 [WARN] Failsafe triggered: RAM too low
2026-05-21T13:12:22 [INFO] Heartbeat + Metrics
2026-05-21T13:12:22 [WARN] Failsafe triggered: RAM too low
2026-05-21T13:12:31 [INFO] Heartbeat + Metrics
2026-05-21T13:12:31 [WARN] Failsafe triggered: CPU too high
2026-05-21T13:12:41 [INFO] Heartbeat + Metrics
2026-05-21T13:12:50 [INFO] Heartbeat + Metrics
2026-05-21T13:13:00 [INFO] Heartbeat + Metrics
2026-05-21T13:13:00 [WARN] Failsafe triggered: RAM too low
2026-05-21T13:13:13 [INFO] Heartbeat + Metrics
2026-05-21T13:13:14 [WARN] Failsafe triggered: RAM too low
2026-05-21T13:13:28 [INFO] Heartbeat + Metrics
2026-05-21T13:13:29 [WARN] Failsafe triggered: CPU too high
2026-05-21T13:13:29 [WARN] Failsafe triggered: RAM too low
2026-05-21T13:13:42 [INFO] Heartbeat + Metrics
2026-05-21T13:13:43 [WARN] Failsafe triggered: CPU too high
2026-05-21T13:13:43 [WARN] Failsafe triggered: RAM too low
2026-05-21T13:13:55 [INFO] Heartbeat + Metrics
2026-05-21T13:13:55 [WARN] Failsafe triggered: RAM too low
2026-05-21T13:14:09 [INFO] Heartbeat + Metrics
2026-05-21T13:14:10 [WARN] Failsafe triggered: CPU too high
2026-05-21T13:14:10 [WARN] Failsafe triggered: RAM too low
2026-05-21T13:14:21 [INFO] Heartbeat + Metrics
2026-05-21T13:14:22 [WARN] Failsafe triggered: CPU too high
2026-05-21T13:14:22 [WARN] Failsafe triggered: RAM too low
2026-05-21T13:14:34 [INFO] Heartbeat + Metrics
2026-05-21T13:14:35 [WARN] Failsafe triggered: RAM too low
2026-05-21T13:14:46 [INFO] Heartbeat + Metrics
2026-05-21T13:14:46 [WARN] Failsafe triggered: CPU too high
2026-05-21T13:14:57 [INFO] Heartbeat + Metrics
2026-05-21T13:14:57 [WARN] Failsafe triggered: RAM too low
2026-05-21T13:15:08 [INFO] Heartbeat + Metrics
2026-05-21T13:15:09 [WARN] Failsafe triggered: CPU too high
2026-05-21T13:15:09 [WARN] Failsafe triggered: RAM too low
2026-05-21T13:15:23 [INFO] Heartbeat + Metrics
2026-05-21T13:15:25 [WARN] Failsafe triggered: RAM too low
2026-05-21T13:15:35 [INFO] Heartbeat + Metrics
2026-05-21T13:15:36 [WARN] Failsafe triggered: CPU too high
2026-05-21T13:15:36 [WARN] Failsafe triggered: RAM too low
2026-05-21T13:15:49 [INFO] Heartbeat + Metrics
2026-05-21T13:15:49 [WARN] Failsafe triggered: CPU too high
2026-05-21T13:15:49 [WARN] Failsafe triggered: RAM too low
2026-05-21T13:16:04 [INFO] Heartbeat + Metrics
2026-05-21T13:16:04 [WARN] Failsafe triggered: CPU too high
2026-05-21T13:16:04 [WARN] Failsafe triggered: RAM too low
2026-05-21T13:16:15 [INFO] Heartbeat + Metrics
2026-05-21T13:16:15 [WARN] Failsafe triggered: CPU too high
2026-05-21T13:16:15 [WARN] Failsafe triggered: RAM too low
2026-05-21T13:16:25 [INFO] Heartbeat + Metrics
2026-05-21T13:16:25 [WARN] Failsafe triggered: CPU too high
2026-05-21T13:16:35 [INFO] Heartbeat + Metrics
2026-05-21T13:16:35 [WARN] Failsafe triggered: RAM too low
2026-05-21T13:16:46 [INFO] Heartbeat + Metrics
2026-05-21T13:16:46 [WARN] Failsafe triggered: RAM too low
2026-05-21T13:16:56 [INFO] Heartbeat + Metrics
2026-05-21T13:16:57 [WARN] Failsafe triggered: RAM too low
2026-05-21T13:17:08 [INFO] Heartbeat + Metrics
2026-05-21T13:17:08 [WARN] Failsafe triggered: CPU too high
2026-05-21T13:17:08 [WARN] Failsafe triggered: RAM too low
2026-05-21T13:17:20 [INFO] Heartbeat + Metrics
2026-05-21T13:17:20 [WARN] Failsafe triggered: RAM too low
2026-05-21T13:17:30 [INFO] Heartbeat + Metrics
2026-05-21T13:17:30 [WARN] Failsafe triggered: CPU too high
2026-05-21T13:17:30 [WARN] Failsafe triggered: RAM too low
2026-05-21T13:17:39 [INFO] Heartbeat + Metrics
2026-05-21T13:17:39 [WARN] Failsafe triggered: RAM too low
2026-05-21T13:17:49 [INFO] Heartbeat + Metrics
2026-05-21T13:17:58 [INFO] Heartbeat + Metrics
2026-05-21T13:18:07 [INFO] Heartbeat + Metrics
2026-05-21T13:18:07 [WARN] Failsafe triggered: CPU too high
2026-05-21T13:18:16 [INFO] Heartbeat + Metrics
2026-05-21T13:18:16 [WARN] Failsafe triggered: RAM too low
2026-05-21T13:18:26 [INFO] Heartbeat + Metrics
2026-05-21T13:18:26 [WARN] Failsafe triggered: CPU too high
2026-05-21T13:18:36 [INFO] Heartbeat + Metrics
2026-05-21T13:18:36 [WARN] Failsafe triggered: RAM too low
2026-05-21T13:18:49 [INFO] Heartbeat + Metrics
2026-05-21T13:18:49 [WARN] Failsafe triggered: RAM too low
2026-05-21T13:19:02 [INFO] Heartbeat + Metrics
2026-05-21T13:19:03 [WARN] Failsafe triggered: CPU too high
2026-05-21T13:19:03 [WARN] Failsafe triggered: RAM too low
2026-05-21T13:19:15 [INFO] Heartbeat + Metrics
2026-05-21T13:19:25 [INFO] Heartbeat + Metrics
2026-05-21T13:19:25 [WARN] Failsafe triggered: CPU too high
2026-05-21T13:19:25 [WARN] Failsafe triggered: RAM too low
2026-05-21T13:19:35 [INFO] Heartbeat + Metrics
2026-05-21T13:19:35 [WARN] Failsafe triggered: RAM too low
2026-05-21T13:19:45 [INFO] Heartbeat + Metrics
2026-05-21T13:19:45 [WARN] Failsafe triggered: RAM too low
2026-05-21T13:19:55 [INFO] Heartbeat + Metrics
2026-05-21T13:19:55 [WARN] Failsafe triggered: CPU too high
2026-05-21T13:20:05 [INFO] Heartbeat + Metrics
2026-05-21T13:20:06 [WARN] Failsafe triggered: CPU too high
2026-05-21T13:20:17 [INFO] Heartbeat + Metrics
2026-05-21T13:20:17 [WARN] Failsafe triggered: CPU too high
2026-05-21T13:20:17 [WARN] Failsafe triggered: RAM too low
2026-05-21T13:20:29 [INFO] Heartbeat + Metrics
2026-05-21T13:20:29 [WARN] Failsafe triggered: CPU too high
2026-05-21T13:20:29 [WARN] Failsafe triggered: RAM too low
2026-05-21T13:20:38 [INFO] Heartbeat + Metrics
2026-05-21T13:20:38 [WARN] Failsafe triggered: RAM too low
2026-05-21T13:20:47 [INFO] Heartbeat + Metrics
2026-05-21T13:20:47 [WARN] Failsafe triggered: CPU too high
2026-05-21T13:20:56 [INFO] Heartbeat + Metrics
2026-05-21T13:20:56 [WARN] Failsafe triggered: CPU too high
2026-05-21T13:21:05 [INFO] Heartbeat + Metrics
2026-05-21T13:21:06 [WARN] Failsafe triggered: CPU too high
2026-05-21T13:21:15 [INFO] Heartbeat + Metrics
2026-05-21T13:21:15 [WARN] Failsafe triggered: CPU too high
2026-05-21T13:21:15 [WARN] Failsafe triggered: RAM too low
2026-05-21T13:21:25 [INFO] Heartbeat + Metrics
2026-05-21T13:21:25 [WARN] Failsafe triggered: CPU too high
2026-05-21T13:21:25 [WARN] Failsafe triggered: RAM too low
2026-05-21T13:21:34 [INFO] Heartbeat + Metrics
2026-05-21T13:21:46 [INFO] Heartbeat + Metrics
2026-05-21T13:21:56 [INFO] Heartbeat + Metrics
2026-05-21T13:21:56 [WARN] Failsafe triggered: CPU too high
2026-05-21T13:22:06 [INFO] Heartbeat + Metrics
2026-05-21T13:22:06 [WARN] Failsafe triggered: RAM too low
2026-05-21T13:22:16 [INFO] Heartbeat + Metrics
2026-05-21T13:22:25 [INFO] Heartbeat + Metrics
2026-05-21T13:22:35 [INFO] Heartbeat + Metrics
2026-05-21T13:22:45 [INFO] Heartbeat + Metrics
2026-05-21T13:22:45 [WARN] Failsafe triggered: CPU too high
2026-05-21T13:22:54 [INFO] Heartbeat + Metrics
2026-05-21T13:22:54 [WARN] Failsafe triggered: RAM too low
2026-05-21T13:23:03 [INFO] Heartbeat + Metrics
2026-05-21T13:23:03 [WARN] Failsafe triggered: RAM too low
2026-05-21T13:23:12 [INFO] Heartbeat + Metrics
2026-05-21T13:23:21 [INFO] Heartbeat + Metrics
2026-05-21T13:23:30 [INFO] Heartbeat + Metrics
2026-05-21T13:23:39 [INFO] Heartbeat + Metrics
2026-05-21T13:23:47 [INFO] Heartbeat + Metrics
2026-05-21T13:23:56 [INFO] Heartbeat + Metrics
2026-05-21T13:24:05 [INFO] Heartbeat + Metrics
2026-05-21T13:24:14 [INFO] Heartbeat + Metrics
2026-05-21T13:24:22 [INFO] Heartbeat + Metrics
2026-05-21T13:24:31 [INFO] Heartbeat + Metrics
2026-05-21T13:24:40 [INFO] Heartbeat + Metrics
2026-05-21T13:24:48 [INFO] Heartbeat + Metrics
2026-05-21T13:24:57 [INFO] Heartbeat + Metrics
2026-05-21T13:25:06 [INFO] Heartbeat + Metrics
2026-05-21T13:25:15 [INFO] Heartbeat + Metrics
2026-05-21T13:25:15 [WARN] Failsafe triggered: RAM too low
2026-05-21T13:25:25 [INFO] Heartbeat + Metrics
2026-05-21T13:25:25 [WARN] Failsafe triggered: RAM too low
2026-05-21T13:25:35 [INFO] Heartbeat + Metrics
2026-05-21T13:25:35 [WARN] Failsafe triggered: RAM too low
2026-05-21T13:25:43 [INFO] Heartbeat + Metrics
2026-05-21T13:25:53 [INFO] Heartbeat + Metrics
2026-05-21T13:26:01 [INFO] Heartbeat + Metrics
2026-05-21T13:26:11 [INFO] Heartbeat + Metrics
2026-05-21T13:26:11 [WARN] Failsafe triggered: CPU too high
2026-05-21T13:26:11 [WARN] Failsafe triggered: RAM too low
2026-05-21T13:26:21 [INFO] Heartbeat + Metrics
2026-05-21T13:26:21 [WARN] Failsafe triggered: CPU too high
2026-05-21T13:26:33 [INFO] Heartbeat + Metrics
2026-05-21T13:26:33 [WARN] Failsafe triggered: RAM too low
2026-05-21T13:26:45 [INFO] Heartbeat + Metrics
2026-05-21T13:26:45 [WARN] Failsafe triggered: RAM too low
2026-05-21T13:26:54 [INFO] Heartbeat + Metrics
2026-05-21T13:26:55 [WARN] Failsafe triggered: RAM too low
2026-05-21T13:27:04 [INFO] Heartbeat + Metrics
2026-05-21T13:27:13 [INFO] Heartbeat + Metrics
2026-05-21T13:27:21 [INFO] Heartbeat + Metrics
2026-05-21T13:27:30 [INFO] Heartbeat + Metrics
2026-05-21T13:27:39 [INFO] Heartbeat + Metrics
2026-05-21T13:27:47 [INFO] Heartbeat + Metrics
2026-05-21T13:27:56 [INFO] Heartbeat + Metrics
2026-05-21T13:28:05 [INFO] Heartbeat + Metrics
2026-05-21T13:28:14 [INFO] Heartbeat + Metrics
2026-05-21T13:28:22 [INFO] Heartbeat + Metrics
2026-05-21T13:28:31 [INFO] Heartbeat + Metrics
2026-05-21T13:28:40 [INFO] Heartbeat + Metrics
2026-05-21T13:28:48 [INFO] Heartbeat + Metrics
2026-05-21T13:28:48 [WARN] Failsafe triggered: RAM too low
2026-05-21T13:28:59 [INFO] Heartbeat + Metrics
2026-05-21T13:29:08 [INFO] Heartbeat + Metrics
2026-05-21T13:29:17 [INFO] Heartbeat + Metrics
2026-05-21T13:29:26 [INFO] Heartbeat + Metrics
2026-05-21T13:29:34 [INFO] Heartbeat + Metrics
2026-05-21T13:29:43 [INFO] Heartbeat + Metrics
2026-05-21T13:29:52 [INFO] Heartbeat + Metrics
2026-05-21T13:30:03 [INFO] Heartbeat + Metrics
2026-05-21T13:30:03 [WARN] Failsafe triggered: CPU too high
2026-05-21T13:30:03 [WARN] Failsafe triggered: RAM too low
2026-05-21T13:30:14 [INFO] Heartbeat + Metrics
2026-05-21T13:30:14 [WARN] Failsafe triggered: RAM too low
2026-05-21T13:30:23 [INFO] Heartbeat + Metrics
2026-05-21T13:30:32 [INFO] Heartbeat + Metrics
2026-05-21T13:30:41 [INFO] Heartbeat + Metrics
2026-05-21T13:30:50 [INFO] Heartbeat + Metrics
2026-05-21T13:30:59 [INFO] Heartbeat + Metrics
2026-05-21T13:30:59 [WARN] Failsafe triggered: RAM too low
2026-05-21T13:31:09 [INFO] Heartbeat + Metrics
2026-05-21T13:31:09 [WARN] Failsafe triggered: RAM too low
2026-05-21T13:31:19 [INFO] Heartbeat + Metrics
2026-05-21T13:31:29 [INFO] Heartbeat + Metrics
2026-05-21T13:31:29 [WARN] Failsafe triggered: RAM too low
2026-05-21T13:31:38 [INFO] Heartbeat + Metrics
2026-05-21T13:31:48 [INFO] Heartbeat + Metrics
2026-05-21T13:31:57 [INFO] Heartbeat + Metrics
2026-05-21T13:31:57 [WARN] Failsafe triggered: RAM too low
2026-05-21T13:32:07 [INFO] Heartbeat + Metrics
2026-05-21T13:32:07 [WARN] Failsafe triggered: RAM too low
2026-05-21T13:32:18 [INFO] Heartbeat + Metrics
2026-05-21T13:32:19 [WARN] Desired process no longer exists (PID 5620)
2026-05-21T13:32:19 [WARN] Desired process no longer exists (PID 3344)
2026-05-21T13:32:28 [INFO] Heartbeat + Metrics
2026-05-21T13:32:28 [WARN] Desired process no longer exists (PID 5620)
2026-05-21T13:32:28 [WARN] Desired process no longer exists (PID 3344)
2026-05-21T13:32:36 [INFO] Heartbeat + Metrics
2026-05-21T13:32:36 [WARN] Desired process no longer exists (PID 5620)
2026-05-21T13:32:36 [WARN] Desired process no longer exists (PID 3344)
2026-05-21T13:32:52 [INFO] Heartbeat + Metrics
2026-05-21T13:32:52 [WARN] Failsafe triggered: CPU too high
2026-05-21T13:32:52 [WARN] Failsafe triggered: RAM too low
2026-05-21T13:33:03 [INFO] Heartbeat + Metrics
2026-05-21T13:33:03 [WARN] Failsafe triggered: CPU too high
2026-05-21T13:33:03 [WARN] Failsafe triggered: RAM too low
2026-05-21T13:33:13 [INFO] Heartbeat + Metrics
2026-05-21T13:33:13 [WARN] Failsafe triggered: RAM too low
2026-05-21T13:33:22 [INFO] Heartbeat + Metrics
2026-05-21T13:33:23 [WARN] Failsafe triggered: RAM too low
2026-05-21T13:33:31 [INFO] Heartbeat + Metrics
2026-05-21T13:33:31 [WARN] Failsafe triggered: RAM too low
2026-05-21T13:33:40 [INFO] Heartbeat + Metrics
2026-05-21T13:33:50 [INFO] Heartbeat + Metrics
2026-05-21T13:33:50 [WARN] Failsafe triggered: CPU too high
2026-05-21T13:33:58 [INFO] Heartbeat + Metrics
2026-05-21T13:34:08 [INFO] Heartbeat + Metrics
2026-05-21T13:34:17 [INFO] Heartbeat + Metrics
2026-05-21T13:34:26 [INFO] Heartbeat + Metrics
2026-05-21T13:34:35 [INFO] Heartbeat + Metrics
2026-05-21T13:34:43 [INFO] Heartbeat + Metrics
2026-05-21T13:34:52 [INFO] Heartbeat + Metrics
2026-05-21T13:35:01 [INFO] Heartbeat + Metrics
2026-05-21T13:35:10 [INFO] Heartbeat + Metrics
2026-05-21T13:35:10 [WARN] Failsafe triggered: CPU too high
2026-05-21T13:35:19 [INFO] Heartbeat + Metrics
2026-05-21T13:35:28 [INFO] Heartbeat + Metrics
2026-05-21T13:35:38 [INFO] Heartbeat + Metrics
2026-05-21T13:35:41 [WARN] Desired process no longer exists (PID 5620)
2026-05-21T13:35:42 [WARN] Desired process no longer exists (PID 3344)
2026-05-21T13:35:52 [INFO] Heartbeat + Metrics
2026-05-21T13:35:52 [WARN] Failsafe triggered: CPU too high
2026-05-21T13:36:01 [INFO] Heartbeat + Metrics
2026-05-21T13:36:01 [WARN] Failsafe triggered: CPU too high
2026-05-21T13:36:10 [INFO] Heartbeat + Metrics
2026-05-21T13:36:11 [WARN] Desired process no longer exists (PID 5620)
2026-05-21T13:36:11 [WARN] Desired process no longer exists (PID 3344)
2026-05-21T13:36:26 [INFO] Heartbeat + Metrics
2026-05-21T13:36:26 [WARN] Failsafe triggered: RAM too low
2026-05-21T13:36:37 [INFO] Heartbeat + Metrics
2026-05-21T13:36:37 [WARN] Failsafe triggered: RAM too low
2026-05-21T13:36:46 [INFO] Heartbeat + Metrics
2026-05-21T13:36:46 [WARN] Failsafe triggered: RAM too low
2026-05-21T13:36:55 [INFO] Heartbeat + Metrics
2026-05-21T13:37:04 [INFO] Heartbeat + Metrics
2026-05-21T13:37:12 [INFO] Heartbeat + Metrics
2026-05-21T13:37:21 [INFO] Heartbeat + Metrics
2026-05-21T13:37:30 [INFO] Heartbeat + Metrics
2026-05-21T13:37:39 [INFO] Heartbeat + Metrics
2026-05-21T13:37:47 [INFO] Heartbeat + Metrics
2026-05-21T13:37:56 [INFO] Heartbeat + Metrics
2026-05-21T13:38:05 [INFO] Heartbeat + Metrics
2026-05-21T13:38:05 [WARN] Failsafe triggered: RAM too low
2026-05-21T13:38:14 [INFO] Heartbeat + Metrics
2026-05-21T13:38:23 [INFO] Heartbeat + Metrics
2026-05-21T13:38:32 [INFO] Heartbeat + Metrics
2026-05-21T13:38:40 [INFO] Heartbeat + Metrics
2026-05-21T13:38:49 [INFO] Heartbeat + Metrics
2026-05-21T13:38:58 [INFO] Heartbeat + Metrics
2026-05-21T13:39:06 [INFO] Heartbeat + Metrics
2026-05-21T13:39:15 [INFO] Heartbeat + Metrics
2026-05-21T13:39:24 [INFO] Heartbeat + Metrics
2026-05-21T13:39:32 [INFO] Heartbeat + Metrics
2026-05-21T13:39:41 [INFO] Heartbeat + Metrics
2026-05-21T13:39:49 [INFO] Heartbeat + Metrics
2026-05-21T13:39:58 [INFO] Heartbeat + Metrics
2026-05-21T13:40:07 [INFO] Heartbeat + Metrics
2026-05-21T13:40:15 [INFO] Heartbeat + Metrics
2026-05-21T13:40:24 [INFO] Heartbeat + Metrics
2026-05-21T13:40:33 [INFO] Heartbeat + Metrics
2026-05-21T13:40:41 [INFO] Heartbeat + Metrics
2026-05-21T13:40:50 [INFO] Heartbeat + Metrics
2026-05-21T13:40:58 [INFO] Heartbeat + Metrics
2026-05-21T13:41:07 [INFO] Heartbeat + Metrics
2026-05-21T13:41:16 [INFO] Heartbeat + Metrics
2026-05-21T13:41:24 [INFO] Heartbeat + Metrics
2026-05-21T13:41:33 [INFO] Heartbeat + Metrics
2026-05-21T13:41:41 [INFO] Heartbeat + Metrics
2026-05-21T13:41:50 [INFO] Heartbeat + Metrics
2026-05-21T13:41:59 [INFO] Heartbeat + Metrics
2026-05-21T13:42:07 [INFO] Heartbeat + Metrics
2026-05-21T13:42:16 [INFO] Heartbeat + Metrics
2026-05-21T13:42:25 [INFO] Heartbeat + Metrics
2026-05-21T13:42:33 [INFO] Heartbeat + Metrics
2026-05-21T13:42:42 [INFO] Heartbeat + Metrics
2026-05-21T13:42:51 [INFO] Heartbeat + Metrics
2026-05-21T13:42:59 [INFO] Heartbeat + Metrics
2026-05-21T13:43:08 [INFO] Heartbeat + Metrics
2026-05-21T13:43:16 [INFO] Heartbeat + Metrics
2026-05-21T13:43:25 [INFO] Heartbeat + Metrics
2026-05-21T13:43:34 [INFO] Heartbeat + Metrics
2026-05-21T13:43:42 [INFO] Heartbeat + Metrics
2026-05-21T13:43:51 [INFO] Heartbeat + Metrics
2026-05-21T13:44:00 [INFO] Heartbeat + Metrics
2026-05-21T13:44:08 [INFO] Heartbeat + Metrics
2026-05-21T13:44:17 [INFO] Heartbeat + Metrics
2026-05-21T13:44:25 [INFO] Heartbeat + Metrics
2026-05-21T13:44:34 [INFO] Heartbeat + Metrics
2026-05-21T13:44:43 [INFO] Heartbeat + Metrics
2026-05-21T13:44:51 [INFO] Heartbeat + Metrics
2026-05-21T13:45:00 [INFO] Heartbeat + Metrics
2026-05-21T13:45:08 [INFO] Heartbeat + Metrics
2026-05-21T13:45:17 [INFO] Heartbeat + Metrics
2026-05-21T13:45:26 [INFO] Heartbeat + Metrics
2026-05-21T13:45:34 [INFO] Heartbeat + Metrics
2026-05-21T13:45:43 [INFO] Heartbeat + Metrics
2026-05-21T13:45:55 [INFO] Heartbeat + Metrics
2026-05-21T13:46:04 [INFO] Heartbeat + Metrics
2026-05-21T13:46:04 [WARN] Failsafe triggered: CPU too high
2026-05-21T13:46:15 [INFO] Heartbeat + Metrics
2026-05-21T13:46:15 [WARN] Failsafe triggered: CPU too high
2026-05-21T13:46:31 [INFO] Heartbeat + Metrics
2026-05-21T13:46:31 [WARN] Failsafe triggered: CPU too high
2026-05-21T13:46:40 [INFO] Heartbeat + Metrics
2026-05-21T13:46:40 [WARN] Failsafe triggered: CPU too high
2026-05-21T13:46:51 [INFO] Heartbeat + Metrics
2026-05-21T13:46:51 [WARN] Failsafe triggered: CPU too high
2026-05-21T13:46:51 [WARN] Failsafe triggered: RAM too low
2026-05-21T13:47:02 [INFO] Heartbeat + Metrics
2026-05-21T13:47:03 [WARN] Desired process no longer exists (PID 5620)
2026-05-21T13:47:03 [WARN] Desired process no longer exists (PID 3344)
2026-05-21T13:47:11 [INFO] Heartbeat + Metrics
2026-05-21T13:47:11 [WARN] Desired process no longer exists (PID 5620)
2026-05-21T13:47:12 [WARN] Desired process no longer exists (PID 3344)
2026-05-21T13:47:20 [INFO] Heartbeat + Metrics
2026-05-21T13:47:20 [WARN] Desired process no longer exists (PID 5620)
2026-05-21T13:47:20 [WARN] Desired process no longer exists (PID 3344)
2026-05-21T13:47:31 [INFO] Heartbeat + Metrics
2026-05-21T13:47:32 [WARN] Desired process no longer exists (PID 5620)
2026-05-21T13:47:32 [WARN] Desired process no longer exists (PID 3344)
2026-05-21T13:47:42 [INFO] Heartbeat + Metrics
2026-05-21T13:47:42 [WARN] Failsafe triggered: CPU too high
2026-05-21T13:47:42 [WARN] Failsafe triggered: RAM too low
2026-05-21T13:47:51 [INFO] Heartbeat + Metrics
2026-05-21T13:47:51 [WARN] Desired process no longer exists (PID 5620)
2026-05-21T13:47:51 [WARN] Desired process no longer exists (PID 3344)
2026-05-21T13:48:00 [INFO] Heartbeat + Metrics
2026-05-21T13:48:00 [WARN] Desired process no longer exists (PID 5620)
2026-05-21T13:48:00 [WARN] Desired process no longer exists (PID 3344)
2026-05-21T13:48:09 [INFO] Heartbeat + Metrics
2026-05-21T13:48:09 [WARN] Desired process no longer exists (PID 5620)
2026-05-21T13:48:09 [WARN] Desired process no longer exists (PID 3344)
2026-05-21T13:48:18 [INFO] Heartbeat + Metrics
2026-05-21T13:48:18 [WARN] Desired process no longer exists (PID 5620)
2026-05-21T13:48:18 [WARN] Desired process no longer exists (PID 3344)
2026-05-21T13:48:26 [INFO] Heartbeat + Metrics
2026-05-21T13:48:27 [WARN] Desired process no longer exists (PID 5620)
2026-05-21T13:48:27 [WARN] Desired process no longer exists (PID 3344)
2026-05-21T13:48:35 [INFO] Heartbeat + Metrics
2026-05-21T13:48:35 [WARN] Desired process no longer exists (PID 5620)
2026-05-21T13:48:35 [WARN] Desired process no longer exists (PID 3344)
2026-05-21T13:48:45 [INFO] Heartbeat + Metrics
2026-05-21T13:48:45 [WARN] Desired process no longer exists (PID 5620)
2026-05-21T13:48:45 [WARN] Desired process no longer exists (PID 3344)
2026-05-21T13:48:54 [INFO] Heartbeat + Metrics
2026-05-21T13:48:54 [WARN] Desired process no longer exists (PID 5620)
2026-05-21T13:48:54 [WARN] Desired process no longer exists (PID 3344)
2026-05-21T13:49:03 [INFO] Heartbeat + Metrics
2026-05-21T13:49:03 [WARN] Desired process no longer exists (PID 5620)
2026-05-21T13:49:03 [WARN] Desired process no longer exists (PID 3344)
2026-05-21T13:49:12 [INFO] Heartbeat + Metrics
2026-05-21T13:49:22 [INFO] Heartbeat + Metrics
2026-05-21T13:49:22 [WARN] Failsafe triggered: CPU too high
2026-05-21T13:49:22 [WARN] Failsafe triggered: RAM too low
2026-05-21T13:49:31 [INFO] Heartbeat + Metrics
2026-05-21T13:49:32 [WARN] Desired process no longer exists (PID 5620)
2026-05-21T13:49:32 [WARN] Desired process no longer exists (PID 3344)
2026-05-21T13:49:40 [INFO] Heartbeat + Metrics
2026-05-21T13:49:41 [WARN] Desired process no longer exists (PID 5620)
2026-05-21T13:49:41 [WARN] Desired process no longer exists (PID 3344)
2026-05-21T13:49:49 [INFO] Heartbeat + Metrics
2026-05-21T13:49:49 [WARN] Desired process no longer exists (PID 5620)
2026-05-21T13:49:49 [WARN] Desired process no longer exists (PID 3344)
2026-05-21T13:49:59 [INFO] Heartbeat + Metrics
2026-05-21T13:49:59 [WARN] Failsafe triggered: CPU too high
2026-05-21T13:49:59 [WARN] Failsafe triggered: RAM too low
2026-05-21T13:50:09 [INFO] Heartbeat + Metrics
2026-05-21T13:50:09 [WARN] Failsafe triggered: CPU too high
2026-05-21T13:50:09 [WARN] Failsafe triggered: RAM too low
2026-05-21T13:50:18 [INFO] Heartbeat + Metrics
2026-05-21T13:50:18 [WARN] Desired process no longer exists (PID 5620)
2026-05-21T13:50:18 [WARN] Desired process no longer exists (PID 3344)
2026-05-21T13:50:27 [INFO] Heartbeat + Metrics
2026-05-21T13:50:27 [WARN] Desired process no longer exists (PID 5620)
2026-05-21T13:50:27 [WARN] Desired process no longer exists (PID 3344)
2026-05-21T13:50:36 [INFO] Heartbeat + Metrics
2026-05-21T13:50:46 [INFO] Heartbeat + Metrics
2026-05-21T13:50:46 [WARN] Failsafe triggered: CPU too high
2026-05-21T13:50:47 [WARN] Failsafe triggered: RAM too low
2026-05-21T13:50:56 [INFO] Heartbeat + Metrics
2026-05-21T13:50:56 [WARN] Failsafe triggered: CPU too high
2026-05-21T13:50:56 [WARN] Failsafe triggered: RAM too low
2026-05-21T13:51:05 [INFO] Heartbeat + Metrics
2026-05-21T13:51:05 [WARN] Desired process no longer exists (PID 5620)
2026-05-21T13:51:05 [WARN] Desired process no longer exists (PID 3344)
2026-05-21T13:51:14 [INFO] Heartbeat + Metrics
2026-05-21T13:51:14 [WARN] Desired process no longer exists (PID 5620)
2026-05-21T13:51:14 [WARN] Desired process no longer exists (PID 3344)
2026-05-21T13:51:22 [INFO] Heartbeat + Metrics
2026-05-21T13:51:22 [WARN] Desired process no longer exists (PID 5620)
2026-05-21T13:51:22 [WARN] Desired process no longer exists (PID 3344)
2026-05-21T13:51:31 [INFO] Heartbeat + Metrics
2026-05-21T13:51:31 [WARN] Desired process no longer exists (PID 5620)
2026-05-21T13:51:31 [WARN] Desired process no longer exists (PID 3344)
2026-05-21T13:51:40 [INFO] Heartbeat + Metrics
2026-05-21T13:51:40 [WARN] Desired process no longer exists (PID 5620)
2026-05-21T13:51:40 [WARN] Desired process no longer exists (PID 3344)
2026-05-21T13:51:49 [INFO] Heartbeat + Metrics
2026-05-21T13:51:49 [WARN] Desired process no longer exists (PID 5620)
2026-05-21T13:51:49 [WARN] Desired process no longer exists (PID 3344)
2026-05-21T13:51:57 [INFO] Heartbeat + Metrics
2026-05-21T13:51:58 [WARN] Desired process no longer exists (PID 5620)
2026-05-21T13:51:58 [WARN] Desired process no longer exists (PID 3344)
2026-05-21T13:52:06 [INFO] Heartbeat + Metrics
2026-05-21T13:52:06 [WARN] Desired process no longer exists (PID 5620)
2026-05-21T13:52:06 [WARN] Desired process no longer exists (PID 3344)
2026-05-21T13:52:15 [INFO] Heartbeat + Metrics
2026-05-21T13:52:15 [WARN] Desired process no longer exists (PID 5620)
2026-05-21T13:52:15 [WARN] Desired process no longer exists (PID 3344)
2026-05-21T13:52:24 [INFO] Heartbeat + Metrics
2026-05-21T13:52:24 [WARN] Desired process no longer exists (PID 5620)
2026-05-21T13:52:24 [WARN] Desired process no longer exists (PID 3344)
2026-05-21T13:52:32 [INFO] Heartbeat + Metrics
2026-05-21T13:52:32 [WARN] Desired process no longer exists (PID 5620)
2026-05-21T13:52:33 [WARN] Desired process no longer exists (PID 3344)
2026-05-21T13:52:41 [INFO] Heartbeat + Metrics
2026-05-21T13:52:41 [WARN] Desired process no longer exists (PID 5620)
2026-05-21T13:52:41 [WARN] Desired process no longer exists (PID 3344)
2026-05-21T13:52:50 [INFO] Heartbeat + Metrics
2026-05-21T13:52:50 [WARN] Desired process no longer exists (PID 5620)
2026-05-21T13:52:50 [WARN] Desired process no longer exists (PID 3344)
2026-05-21T13:52:59 [INFO] Heartbeat + Metrics
2026-05-21T13:52:59 [WARN] Desired process no longer exists (PID 5620)
2026-05-21T13:52:59 [WARN] Desired process no longer exists (PID 3344)
2026-05-21T13:53:08 [INFO] Heartbeat + Metrics
2026-05-21T13:53:18 [INFO] Heartbeat + Metrics
2026-05-21T13:53:18 [WARN] Desired process no longer exists (PID 5620)
2026-05-21T13:53:18 [WARN] Desired process no longer exists (PID 3344)
2026-05-21T13:53:27 [INFO] Heartbeat + Metrics
2026-05-21T13:53:27 [WARN] Desired process no longer exists (PID 5620)
2026-05-21T13:53:27 [WARN] Desired process no longer exists (PID 3344)
2026-05-21T13:53:36 [INFO] Heartbeat + Metrics
2026-05-21T13:53:36 [WARN] Desired process no longer exists (PID 5620)
2026-05-21T13:53:36 [WARN] Desired process no longer exists (PID 3344)
2026-05-21T13:53:45 [INFO] Heartbeat + Metrics
2026-05-21T13:53:45 [WARN] Desired process no longer exists (PID 5620)
2026-05-21T13:53:45 [WARN] Desired process no longer exists (PID 3344)
2026-05-21T13:53:54 [INFO] Heartbeat + Metrics
2026-05-21T13:53:54 [WARN] Desired process no longer exists (PID 5620)
2026-05-21T13:53:54 [WARN] Desired process no longer exists (PID 3344)
2026-05-21T13:54:03 [INFO] Heartbeat + Metrics
2026-05-21T13:54:03 [WARN] Desired process no longer exists (PID 5620)
2026-05-21T13:54:03 [WARN] Desired process no longer exists (PID 3344)
2026-05-21T13:54:12 [INFO] Heartbeat + Metrics
2026-05-21T13:54:12 [WARN] Desired process no longer exists (PID 5620)
2026-05-21T13:54:12 [WARN] Desired process no longer exists (PID 3344)
2026-05-21T13:54:21 [INFO] Heartbeat + Metrics
2026-05-21T13:54:21 [WARN] Desired process no longer exists (PID 5620)
2026-05-21T13:54:21 [WARN] Desired process no longer exists (PID 3344)
2026-05-21T13:54:30 [INFO] Heartbeat + Metrics
2026-05-21T13:54:30 [WARN] Failsafe triggered: CPU too high
2026-05-21T13:54:39 [INFO] Heartbeat + Metrics
2026-05-21T13:54:39 [WARN] Desired process no longer exists (PID 5620)
2026-05-21T13:54:39 [WARN] Desired process no longer exists (PID 3344)
2026-05-21T13:54:48 [INFO] Heartbeat + Metrics
2026-05-21T13:54:48 [WARN] Desired process no longer exists (PID 5620)
2026-05-21T13:54:48 [WARN] Desired process no longer exists (PID 3344)
2026-05-21T13:54:57 [INFO] Heartbeat + Metrics
2026-05-21T13:54:57 [WARN] Desired process no longer exists (PID 5620)
2026-05-21T13:54:57 [WARN] Desired process no longer exists (PID 3344)
2026-05-21T13:55:05 [INFO] Heartbeat + Metrics
2026-05-21T13:55:06 [WARN] Desired process no longer exists (PID 5620)
2026-05-21T13:55:06 [WARN] Desired process no longer exists (PID 3344)
2026-05-21T13:55:14 [INFO] Heartbeat + Metrics
2026-05-21T13:55:14 [WARN] Desired process no longer exists (PID 5620)
2026-05-21T13:55:14 [WARN] Desired process no longer exists (PID 3344)
2026-05-21T13:55:23 [INFO] Heartbeat + Metrics
2026-05-21T13:55:23 [WARN] Desired process no longer exists (PID 5620)
2026-05-21T13:55:23 [WARN] Desired process no longer exists (PID 3344)
2026-05-21T13:55:32 [INFO] Heartbeat + Metrics
2026-05-21T13:55:32 [WARN] Desired process no longer exists (PID 5620)
2026-05-21T13:55:32 [WARN] Desired process no longer exists (PID 3344)
2026-05-21T13:55:41 [INFO] Heartbeat + Metrics
2026-05-21T13:55:41 [WARN] Desired process no longer exists (PID 5620)
2026-05-21T13:55:41 [WARN] Desired process no longer exists (PID 3344)
2026-05-21T13:55:50 [INFO] Heartbeat + Metrics
2026-05-21T13:55:50 [WARN] Desired process no longer exists (PID 5620)
2026-05-21T13:55:50 [WARN] Desired process no longer exists (PID 3344)
2026-05-21T13:55:58 [INFO] Heartbeat + Metrics
2026-05-21T13:55:58 [WARN] Desired process no longer exists (PID 5620)
2026-05-21T13:55:58 [WARN] Desired process no longer exists (PID 3344)
2026-05-21T13:56:08 [INFO] Heartbeat + Metrics
2026-05-21T13:56:08 [WARN] Failsafe triggered: CPU too high
2026-05-21T13:56:17 [INFO] Heartbeat + Metrics
2026-05-21T13:56:17 [WARN] Failsafe triggered: CPU too high
2026-05-21T13:56:26 [INFO] Heartbeat + Metrics
2026-05-21T13:56:26 [WARN] Desired process no longer exists (PID 5620)
2026-05-21T13:56:27 [WARN] Desired process no longer exists (PID 3344)
2026-05-21T13:56:35 [INFO] Heartbeat + Metrics
2026-05-21T13:56:35 [WARN] Desired process no longer exists (PID 5620)
2026-05-21T13:56:35 [WARN] Desired process no longer exists (PID 3344)
2026-05-21T13:56:44 [INFO] Heartbeat + Metrics
2026-05-21T13:56:44 [WARN] Desired process no longer exists (PID 5620)
2026-05-21T13:56:44 [WARN] Desired process no longer exists (PID 3344)
2026-05-21T13:56:54 [INFO] Heartbeat + Metrics
2026-05-21T13:56:54 [WARN] Failsafe triggered: CPU too high
2026-05-21T13:57:03 [INFO] Heartbeat + Metrics
2026-05-21T13:57:03 [WARN] Failsafe triggered: CPU too high
2026-05-21T13:57:12 [INFO] Heartbeat + Metrics
2026-05-21T13:57:12 [WARN] Failsafe triggered: CPU too high
2026-05-21T13:57:21 [INFO] Heartbeat + Metrics
2026-05-21T13:57:22 [WARN] Desired process no longer exists (PID 5620)
2026-05-21T13:57:22 [WARN] Desired process no longer exists (PID 3344)
2026-05-21T13:57:31 [INFO] Heartbeat + Metrics
2026-05-21T13:57:31 [WARN] Failsafe triggered: CPU too high
2026-05-21T13:57:40 [INFO] Heartbeat + Metrics
2026-05-21T13:57:40 [WARN] Failsafe triggered: CPU too high
2026-05-21T13:57:49 [INFO] Heartbeat + Metrics
2026-05-21T13:57:49 [WARN] Desired process no longer exists (PID 5620)
2026-05-21T13:57:49 [WARN] Desired process no longer exists (PID 3344)
2026-05-21T13:57:59 [INFO] Heartbeat + Metrics
2026-05-21T13:57:59 [WARN] Failsafe triggered: CPU too high
2026-05-21T13:58:07 [INFO] Heartbeat + Metrics
2026-05-21T13:58:08 [WARN] Desired process no longer exists (PID 5620)
2026-05-21T13:58:08 [WARN] Desired process no longer exists (PID 3344)
2026-05-21T13:58:16 [INFO] Heartbeat + Metrics
2026-05-21T13:58:16 [WARN] Desired process no longer exists (PID 5620)
2026-05-21T13:58:16 [WARN] Desired process no longer exists (PID 3344)
2026-05-21T13:58:25 [INFO] Heartbeat + Metrics
2026-05-21T13:58:25 [WARN] Desired process no longer exists (PID 5620)
2026-05-21T13:58:25 [WARN] Desired process no longer exists (PID 3344)
2026-05-21T13:58:34 [INFO] Heartbeat + Metrics
2026-05-21T13:58:34 [WARN] Desired process no longer exists (PID 5620)
2026-05-21T13:58:34 [WARN] Desired process no longer exists (PID 3344)
2026-05-21T13:58:44 [INFO] Heartbeat + Metrics
2026-05-21T13:58:44 [WARN] Desired process no longer exists (PID 5620)
2026-05-21T13:58:44 [WARN] Desired process no longer exists (PID 3344)
2026-05-21T13:58:54 [INFO] Heartbeat + Metrics
2026-05-21T13:58:54 [WARN] Failsafe triggered: CPU too high
2026-05-21T13:59:03 [INFO] Heartbeat + Metrics
2026-05-21T13:59:03 [WARN] Failsafe triggered: RAM too low
2026-05-21T13:59:12 [INFO] Heartbeat + Metrics
2026-05-21T13:59:12 [WARN] Failsafe triggered: RAM too low
2026-05-21T13:59:21 [INFO] Heartbeat + Metrics
2026-05-21T13:59:21 [WARN] Desired process no longer exists (PID 5620)
2026-05-21T13:59:21 [WARN] Desired process no longer exists (PID 3344)
2026-05-21T13:59:30 [INFO] Heartbeat + Metrics
2026-05-21T13:59:30 [WARN] Desired process no longer exists (PID 5620)
2026-05-21T13:59:30 [WARN] Desired process no longer exists (PID 3344)
2026-05-21T13:59:39 [INFO] Heartbeat + Metrics
2026-05-21T13:59:39 [WARN] Desired process no longer exists (PID 5620)
2026-05-21T13:59:39 [WARN] Desired process no longer exists (PID 3344)
2026-05-21T13:59:48 [INFO] Heartbeat + Metrics
2026-05-21T13:59:48 [WARN] Desired process no longer exists (PID 5620)
2026-05-21T13:59:48 [WARN] Desired process no longer exists (PID 3344)
2026-05-21T13:59:57 [INFO] Heartbeat + Metrics
2026-05-21T13:59:57 [WARN] Desired process no longer exists (PID 5620)
2026-05-21T13:59:57 [WARN] Desired process no longer exists (PID 3344)
2026-05-21T14:00:07 [INFO] Heartbeat + Metrics
2026-05-21T14:00:07 [WARN] Failsafe triggered: RAM too low
2026-05-21T14:00:16 [INFO] Heartbeat + Metrics
2026-05-21T14:00:16 [WARN] Failsafe triggered: CPU too high
2026-05-21T14:00:25 [INFO] Heartbeat + Metrics
2026-05-21T14:00:25 [WARN] Failsafe triggered: CPU too high
2026-05-21T14:00:34 [INFO] Heartbeat + Metrics
2026-05-21T14:00:35 [WARN] Failsafe triggered: RAM too low
2026-05-21T14:00:45 [INFO] Heartbeat + Metrics
2026-05-21T14:00:45 [WARN] Failsafe triggered: CPU too high
2026-05-21T14:00:54 [INFO] Heartbeat + Metrics
2026-05-21T14:00:55 [WARN] Desired process no longer exists (PID 5620)
2026-05-21T14:00:55 [WARN] Desired process no longer exists (PID 3344)
2026-05-21T14:01:04 [INFO] Heartbeat + Metrics
2026-05-21T14:01:04 [WARN] Desired process no longer exists (PID 5620)
2026-05-21T14:01:04 [WARN] Desired process no longer exists (PID 3344)
2026-05-21T14:01:13 [INFO] Heartbeat + Metrics
2026-05-21T14:01:13 [WARN] Desired process no longer exists (PID 5620)
2026-05-21T14:01:13 [WARN] Desired process no longer exists (PID 3344)
2026-05-21T14:01:22 [INFO] Heartbeat + Metrics
2026-05-21T14:01:22 [WARN] Desired process no longer exists (PID 5620)
2026-05-21T14:01:22 [WARN] Desired process no longer exists (PID 3344)
2026-05-21T14:01:31 [INFO] Heartbeat + Metrics
2026-05-21T14:01:31 [WARN] Desired process no longer exists (PID 5620)
2026-05-21T14:01:31 [WARN] Desired process no longer exists (PID 3344)
2026-05-21T14:01:40 [INFO] Heartbeat + Metrics
2026-05-21T14:01:40 [WARN] Failsafe triggered: CPU too high
2026-05-21T14:01:48 [INFO] Heartbeat + Metrics
2026-05-21T14:01:49 [WARN] Desired process no longer exists (PID 5620)
2026-05-21T14:01:49 [WARN] Desired process no longer exists (PID 3344)
2026-05-21T14:01:57 [INFO] Heartbeat + Metrics
2026-05-21T14:01:57 [WARN] Desired process no longer exists (PID 5620)
2026-05-21T14:01:57 [WARN] Desired process no longer exists (PID 3344)
2026-05-21T14:02:06 [INFO] Heartbeat + Metrics
2026-05-21T14:02:06 [WARN] Desired process no longer exists (PID 5620)
2026-05-21T14:02:06 [WARN] Desired process no longer exists (PID 3344)
2026-05-21T14:02:15 [INFO] Heartbeat + Metrics
2026-05-21T14:02:15 [WARN] Desired process no longer exists (PID 5620)
2026-05-21T14:02:15 [WARN] Desired process no longer exists (PID 3344)
2026-05-21T14:02:24 [INFO] Heartbeat + Metrics
2026-05-21T14:02:24 [WARN] Desired process no longer exists (PID 5620)
2026-05-21T14:02:24 [WARN] Desired process no longer exists (PID 3344)
2026-05-21T14:02:33 [INFO] Heartbeat + Metrics
2026-05-21T14:02:33 [WARN] Desired process no longer exists (PID 5620)
2026-05-21T14:02:33 [WARN] Desired process no longer exists (PID 3344)
2026-05-21T14:02:42 [INFO] Heartbeat + Metrics
2026-05-21T14:02:42 [WARN] Desired process no longer exists (PID 5620)
2026-05-21T14:02:42 [WARN] Desired process no longer exists (PID 3344)
2026-05-21T14:02:50 [INFO] Heartbeat + Metrics
2026-05-21T14:02:50 [WARN] Failsafe triggered: RAM too low
2026-05-21T14:02:59 [INFO] Heartbeat + Metrics
2026-05-21T14:02:59 [WARN] Desired process no longer exists (PID 5620)
2026-05-21T14:02:59 [WARN] Desired process no longer exists (PID 3344)
2026-05-21T14:03:09 [INFO] Heartbeat + Metrics
2026-05-21T14:03:17 [INFO] Heartbeat + Metrics
2026-05-21T14:03:26 [INFO] Heartbeat + Metrics
2026-05-21T14:03:26 [WARN] Failsafe triggered: CPU too high
2026-05-21T14:03:35 [INFO] Heartbeat + Metrics
2026-05-21T14:03:35 [WARN] Desired process no longer exists (PID 5620)
2026-05-21T14:03:35 [WARN] Desired process no longer exists (PID 3344)
2026-05-21T14:03:44 [INFO] Heartbeat + Metrics
2026-05-21T14:03:44 [WARN] Failsafe triggered: RAM too low
2026-05-21T14:03:53 [INFO] Heartbeat + Metrics
2026-05-21T14:03:53 [WARN] Desired process no longer exists (PID 5620)
2026-05-21T14:03:53 [WARN] Desired process no longer exists (PID 3344)
2026-05-21T14:04:02 [INFO] Heartbeat + Metrics
2026-05-21T14:04:02 [WARN] Desired process no longer exists (PID 5620)
2026-05-21T14:04:02 [WARN] Desired process no longer exists (PID 3344)
2026-05-21T14:04:11 [INFO] Heartbeat + Metrics
2026-05-21T14:04:20 [INFO] Heartbeat + Metrics
2026-05-21T14:04:29 [INFO] Heartbeat + Metrics
2026-05-21T14:04:29 [WARN] Failsafe triggered: RAM too low
2026-05-21T14:04:38 [INFO] Heartbeat + Metrics
2026-05-21T14:04:38 [WARN] Desired process no longer exists (PID 5620)
2026-05-21T14:04:38 [WARN] Desired process no longer exists (PID 3344)
2026-05-21T14:04:49 [INFO] Heartbeat + Metrics
2026-05-21T14:04:49 [WARN] Desired process no longer exists (PID 5620)
2026-05-21T14:04:49 [WARN] Desired process no longer exists (PID 3344)
2026-05-21T14:04:59 [INFO] Heartbeat + Metrics
2026-05-21T14:04:59 [WARN] Desired process no longer exists (PID 5620)
2026-05-21T14:04:59 [WARN] Desired process no longer exists (PID 3344)
2026-05-21T14:05:08 [INFO] Heartbeat + Metrics
2026-05-21T14:05:08 [WARN] Desired process no longer exists (PID 5620)
2026-05-21T14:05:08 [WARN] Desired process no longer exists (PID 3344)
2026-05-21T14:05:16 [INFO] Heartbeat + Metrics
2026-05-21T14:05:17 [WARN] Desired process no longer exists (PID 5620)
2026-05-21T14:05:17 [WARN] Desired process no longer exists (PID 3344)
2026-05-21T14:05:25 [INFO] Heartbeat + Metrics
2026-05-21T14:05:25 [WARN] Desired process no longer exists (PID 5620)
2026-05-21T14:05:25 [WARN] Desired process no longer exists (PID 3344)
2026-05-21T14:05:34 [INFO] Heartbeat + Metrics
2026-05-21T14:05:34 [WARN] Desired process no longer exists (PID 5620)
2026-05-21T14:05:34 [WARN] Desired process no longer exists (PID 3344)
2026-05-21T14:05:43 [INFO] Heartbeat + Metrics
2026-05-21T14:05:43 [WARN] Desired process no longer exists (PID 5620)
2026-05-21T14:05:43 [WARN] Desired process no longer exists (PID 3344)
2026-05-21T14:05:52 [INFO] Heartbeat + Metrics
2026-05-21T14:05:52 [WARN] Desired process no longer exists (PID 5620)
2026-05-21T14:05:52 [WARN] Desired process no longer exists (PID 3344)
2026-05-21T14:06:00 [INFO] Heartbeat + Metrics
2026-05-21T14:06:00 [WARN] Desired process no longer exists (PID 5620)
2026-05-21T14:06:01 [WARN] Desired process no longer exists (PID 3344)
2026-05-21T14:06:09 [INFO] Heartbeat + Metrics
2026-05-21T14:06:09 [WARN] Desired process no longer exists (PID 5620)
2026-05-21T14:06:09 [WARN] Desired process no longer exists (PID 3344)
2026-05-21T14:06:18 [INFO] Heartbeat + Metrics
2026-05-21T14:06:27 [INFO] Heartbeat + Metrics
2026-05-21T14:06:36 [INFO] Heartbeat + Metrics
2026-05-21T14:06:36 [WARN] Failsafe triggered: CPU too high
2026-05-21T14:06:45 [INFO] Heartbeat + Metrics
2026-05-21T14:06:46 [WARN] Desired process no longer exists (PID 5620)
2026-05-21T14:06:46 [WARN] Desired process no longer exists (PID 3344)
2026-05-21T14:06:54 [INFO] Heartbeat + Metrics
2026-05-21T14:06:54 [WARN] Desired process no longer exists (PID 5620)
2026-05-21T14:06:54 [WARN] Desired process no longer exists (PID 3344)
2026-05-21T14:07:04 [INFO] Heartbeat + Metrics
2026-05-21T14:07:15 [INFO] Heartbeat + Metrics
2026-05-21T14:07:15 [WARN] Failsafe triggered: CPU too high
2026-05-21T14:07:16 [WARN] Failsafe triggered: RAM too low
2026-05-21T14:07:27 [INFO] Heartbeat + Metrics
2026-05-21T14:07:27 [WARN] Failsafe triggered: CPU too high
2026-05-21T14:07:27 [WARN] Failsafe triggered: RAM too low
2026-05-21T14:07:36 [INFO] Heartbeat + Metrics
2026-05-21T14:07:36 [WARN] Failsafe triggered: CPU too high
2026-05-21T14:07:45 [INFO] Heartbeat + Metrics
2026-05-21T14:07:45 [WARN] Failsafe triggered: CPU too high
2026-05-21T14:07:54 [INFO] Heartbeat + Metrics
2026-05-21T14:08:04 [INFO] Heartbeat + Metrics
2026-05-21T14:08:14 [INFO] Heartbeat + Metrics
2026-05-21T14:08:14 [WARN] Failsafe triggered: CPU too high
2026-05-21T14:08:14 [WARN] Failsafe triggered: RAM too low
2026-05-21T14:08:24 [INFO] Heartbeat + Metrics
2026-05-21T14:08:24 [WARN] Failsafe triggered: RAM too low
2026-05-21T14:08:33 [INFO] Heartbeat + Metrics
2026-05-21T14:08:34 [WARN] Desired process no longer exists (PID 5620)
2026-05-21T14:08:34 [WARN] Desired process no longer exists (PID 3344)
2026-05-21T14:08:42 [INFO] Heartbeat + Metrics
2026-05-21T14:08:51 [INFO] Heartbeat + Metrics
2026-05-21T14:08:51 [WARN] Desired process no longer exists (PID 12408)
2026-05-21T14:08:51 [WARN] Desired process no longer exists (PID 3344)
2026-05-21T14:09:00 [INFO] Heartbeat + Metrics
2026-05-21T14:09:09 [INFO] Heartbeat + Metrics
2026-05-21T14:09:09 [WARN] Desired process no longer exists (PID 12408)
2026-05-21T14:09:09 [WARN] Desired process no longer exists (PID 3344)
2026-05-21T14:09:18 [INFO] Heartbeat + Metrics
2026-05-21T14:09:18 [WARN] Failsafe triggered: CPU too high
2026-05-21T14:09:27 [INFO] Heartbeat + Metrics
2026-05-21T14:09:27 [WARN] Desired process no longer exists (PID 12408)
2026-05-21T14:09:27 [WARN] Desired process no longer exists (PID 3344)
2026-05-21T14:09:36 [INFO] Heartbeat + Metrics
2026-05-21T14:09:36 [WARN] Desired process no longer exists (PID 12408)
2026-05-21T14:09:36 [WARN] Desired process no longer exists (PID 3344)
2026-05-21T14:09:45 [INFO] Heartbeat + Metrics
2026-05-21T14:09:45 [WARN] Desired process no longer exists (PID 12408)
2026-05-21T14:09:45 [WARN] Desired process no longer exists (PID 3344)
2026-05-21T14:09:53 [INFO] Heartbeat + Metrics
2026-05-21T14:09:53 [WARN] Desired process no longer exists (PID 12408)
2026-05-21T14:09:53 [WARN] Desired process no longer exists (PID 3344)
2026-05-21T14:10:02 [INFO] Heartbeat + Metrics
2026-05-21T14:10:02 [WARN] Desired process no longer exists (PID 5620)
2026-05-21T14:10:02 [WARN] Desired process no longer exists (PID 3344)
2026-05-21T14:10:13 [INFO] Heartbeat + Metrics
2026-05-21T14:10:13 [WARN] Failsafe triggered: CPU too high
2026-05-21T14:10:13 [WARN] Failsafe triggered: RAM too low
2026-05-21T14:10:23 [INFO] Heartbeat + Metrics
2026-05-21T14:10:24 [WARN] Desired process no longer exists (PID 12408)
2026-05-21T14:10:24 [WARN] Desired process no longer exists (PID 3344)
2026-05-21T14:10:32 [INFO] Heartbeat + Metrics
2026-05-21T14:10:32 [WARN] Desired process no longer exists (PID 12408)
2026-05-21T14:10:33 [WARN] Desired process no longer exists (PID 3344)
2026-05-21T14:10:41 [INFO] Heartbeat + Metrics
2026-05-21T14:10:41 [WARN] Desired process no longer exists (PID 5620)
2026-05-21T14:10:41 [WARN] Desired process no longer exists (PID 3344)
2026-05-21T14:10:50 [INFO] Heartbeat + Metrics
2026-05-21T14:10:50 [WARN] Desired process no longer exists (PID 12408)
2026-05-21T14:10:50 [WARN] Desired process no longer exists (PID 3344)
2026-05-21T14:10:59 [INFO] Heartbeat + Metrics
2026-05-21T14:10:59 [WARN] Desired process no longer exists (PID 12408)
2026-05-21T14:10:59 [WARN] Desired process no longer exists (PID 3344)
2026-05-21T14:11:08 [INFO] Heartbeat + Metrics
2026-05-21T14:11:08 [WARN] Desired process no longer exists (PID 12408)
2026-05-21T14:11:08 [WARN] Desired process no longer exists (PID 3344)
2026-05-21T14:11:17 [INFO] Heartbeat + Metrics
2026-05-21T14:11:17 [WARN] Desired process no longer exists (PID 5620)
2026-05-21T14:11:17 [WARN] Desired process no longer exists (PID 3344)
2026-05-21T14:11:26 [INFO] Heartbeat + Metrics
2026-05-21T14:11:26 [WARN] Desired process no longer exists (PID 5620)
2026-05-21T14:11:26 [WARN] Desired process no longer exists (PID 3344)
2026-05-21T14:11:34 [INFO] Heartbeat + Metrics
2026-05-21T14:11:35 [WARN] Desired process no longer exists (PID 5620)
2026-05-21T14:11:35 [WARN] Desired process no longer exists (PID 3344)
2026-05-21T14:11:43 [INFO] Heartbeat + Metrics
2026-05-21T14:11:43 [WARN] Desired process no longer exists (PID 5620)
2026-05-21T14:11:43 [WARN] Desired process no longer exists (PID 3344)
2026-05-21T14:11:52 [INFO] Heartbeat + Metrics
2026-05-21T14:11:52 [WARN] Desired process no longer exists (PID 5620)
2026-05-21T14:11:52 [WARN] Desired process no longer exists (PID 3344)
2026-05-21T14:12:01 [INFO] Heartbeat + Metrics
2026-05-21T14:12:01 [WARN] Desired process no longer exists (PID 5620)
2026-05-21T14:12:01 [WARN] Desired process no longer exists (PID 3344)
2026-05-21T14:12:10 [INFO] Heartbeat + Metrics
2026-05-21T14:12:10 [WARN] Desired process no longer exists (PID 5620)
2026-05-21T14:12:10 [WARN] Desired process no longer exists (PID 3344)
2026-05-21T14:12:19 [INFO] Heartbeat + Metrics
2026-05-21T14:12:19 [WARN] Desired process no longer exists (PID 5620)
2026-05-21T14:12:19 [WARN] Desired process no longer exists (PID 3344)
2026-05-21T14:12:27 [INFO] Heartbeat + Metrics
2026-05-21T14:12:27 [WARN] Desired process no longer exists (PID 5620)
2026-05-21T14:12:27 [WARN] Desired process no longer exists (PID 3344)
2026-05-21T14:12:36 [INFO] Heartbeat + Metrics
2026-05-21T14:12:36 [WARN] Desired process no longer exists (PID 5620)
2026-05-21T14:12:36 [WARN] Desired process no longer exists (PID 3344)
2026-05-21T14:12:46 [INFO] Heartbeat + Metrics
2026-05-21T14:12:46 [WARN] Failsafe triggered: CPU too high
2026-05-21T14:12:56 [INFO] Heartbeat + Metrics
2026-05-21T14:12:57 [WARN] Desired process no longer exists (PID 5620)
2026-05-21T14:12:57 [WARN] Desired process no longer exists (PID 3344)
2026-05-21T14:13:06 [INFO] Heartbeat + Metrics
2026-05-21T14:13:07 [WARN] Desired process no longer exists (PID 5620)
2026-05-21T14:13:07 [WARN] Desired process no longer exists (PID 3344)
2026-05-21T14:13:16 [INFO] Heartbeat + Metrics
2026-05-21T14:13:16 [WARN] Desired process no longer exists (PID 5620)
2026-05-21T14:13:16 [WARN] Desired process no longer exists (PID 3344)
2026-05-21T14:13:25 [INFO] Heartbeat + Metrics
2026-05-21T14:13:33 [INFO] Heartbeat + Metrics
2026-05-21T14:13:43 [INFO] Heartbeat + Metrics
2026-05-21T14:13:43 [WARN] Failsafe triggered: RAM too low
2026-05-21T14:13:52 [INFO] Heartbeat + Metrics
2026-05-21T14:13:52 [WARN] Failsafe triggered: RAM too low
2026-05-21T14:14:01 [INFO] Heartbeat + Metrics
2026-05-21T14:14:01 [WARN] Failsafe triggered: RAM too low
2026-05-21T14:14:10 [INFO] Heartbeat + Metrics
2026-05-21T14:14:11 [WARN] Desired process no longer exists (PID 12408)
2026-05-21T14:14:11 [WARN] Desired process no longer exists (PID 3344)
2026-05-21T14:14:20 [INFO] Heartbeat + Metrics
2026-05-21T14:14:20 [WARN] Desired process no longer exists (PID 12408)
2026-05-21T14:14:20 [WARN] Desired process no longer exists (PID 3344)
2026-05-21T14:14:29 [INFO] Heartbeat + Metrics
2026-05-21T14:14:29 [WARN] Desired process no longer exists (PID 12408)
2026-05-21T14:14:29 [WARN] Desired process no longer exists (PID 3344)
2026-05-21T14:14:38 [INFO] Heartbeat + Metrics
2026-05-21T14:14:38 [WARN] Desired process no longer exists (PID 12408)
2026-05-21T14:14:38 [WARN] Desired process no longer exists (PID 3344)
2026-05-21T14:14:47 [INFO] Heartbeat + Metrics
2026-05-21T14:14:47 [WARN] Desired process no longer exists (PID 12408)
2026-05-21T14:14:47 [WARN] Desired process no longer exists (PID 3344)
2026-05-21T14:14:55 [INFO] Heartbeat + Metrics
2026-05-21T14:14:55 [WARN] Desired process no longer exists (PID 12408)
2026-05-21T14:14:55 [WARN] Desired process no longer exists (PID 3344)
2026-05-21T14:15:05 [INFO] Heartbeat + Metrics
2026-05-21T14:15:06 [WARN] Desired process no longer exists (PID 5620)
2026-05-21T14:15:06 [WARN] Desired process no longer exists (PID 3344)
2026-05-21T14:15:16 [INFO] Heartbeat + Metrics
2026-05-21T14:15:17 [WARN] Failsafe triggered: CPU too high
2026-05-21T14:15:17 [WARN] Failsafe triggered: RAM too low
2026-05-21T14:15:26 [INFO] Heartbeat + Metrics
2026-05-21T14:15:26 [WARN] Failsafe triggered: CPU too high
2026-05-21T14:15:26 [WARN] Failsafe triggered: RAM too low
2026-05-21T14:15:36 [INFO] Heartbeat + Metrics
2026-05-21T14:15:36 [WARN] Desired process no longer exists (PID 12408)
2026-05-21T14:15:36 [WARN] Desired process no longer exists (PID 3344)
2026-05-21T14:15:45 [INFO] Heartbeat + Metrics
2026-05-21T14:15:45 [WARN] Desired process no longer exists (PID 5620)
2026-05-21T14:15:45 [WARN] Desired process no longer exists (PID 3344)
2026-05-21T14:15:54 [INFO] Heartbeat + Metrics
2026-05-21T14:16:03 [INFO] Heartbeat + Metrics
2026-05-21T14:16:03 [WARN] Desired process no longer exists (PID 5620)
2026-05-21T14:16:03 [WARN] Desired process no longer exists (PID 3344)
2026-05-21T14:16:14 [INFO] Heartbeat + Metrics
2026-05-21T14:16:14 [WARN] Failsafe triggered: CPU too high
2026-05-21T14:16:24 [INFO] Heartbeat + Metrics
2026-05-21T14:16:24 [WARN] Failsafe triggered: CPU too high
2026-05-21T14:16:32 [INFO] Heartbeat + Metrics
2026-05-21T14:16:32 [WARN] Failsafe triggered: CPU too high
2026-05-21T14:16:41 [INFO] Heartbeat + Metrics
2026-05-21T14:16:41 [WARN] Desired process no longer exists (PID 5620)
2026-05-21T14:16:42 [WARN] Desired process no longer exists (PID 3344)
2026-05-21T14:16:50 [INFO] Heartbeat + Metrics
2026-05-21T14:16:50 [WARN] Desired process no longer exists (PID 5620)
2026-05-21T14:16:50 [WARN] Desired process no longer exists (PID 3344)
2026-05-21T14:16:59 [INFO] Heartbeat + Metrics
2026-05-21T14:16:59 [WARN] Desired process no longer exists (PID 5620)
2026-05-21T14:16:59 [WARN] Desired process no longer exists (PID 3344)
2026-05-21T14:17:08 [INFO] Heartbeat + Metrics
2026-05-21T14:17:08 [WARN] Desired process no longer exists (PID 5620)
2026-05-21T14:17:08 [WARN] Desired process no longer exists (PID 3344)
2026-05-21T14:17:17 [INFO] Heartbeat + Metrics
2026-05-21T14:17:17 [WARN] Failsafe triggered: RAM too low
2026-05-21T14:17:26 [INFO] Heartbeat + Metrics
2026-05-21T14:17:26 [WARN] Failsafe triggered: CPU too high
2026-05-21T14:17:35 [INFO] Heartbeat + Metrics
2026-05-21T14:17:44 [INFO] Heartbeat + Metrics
2026-05-21T14:17:44 [WARN] Failsafe triggered: CPU too high
2026-05-21T14:17:53 [INFO] Heartbeat + Metrics
2026-05-21T14:18:02 [INFO] Heartbeat + Metrics
2026-05-21T14:18:11 [INFO] Heartbeat + Metrics
2026-05-21T14:18:20 [INFO] Heartbeat + Metrics
2026-05-21T14:18:20 [WARN] Failsafe triggered: CPU too high
2026-05-21T14:18:29 [INFO] Heartbeat + Metrics
2026-05-21T14:18:38 [INFO] Heartbeat + Metrics
2026-05-21T14:18:47 [INFO] Heartbeat + Metrics
2026-05-21T14:18:47 [WARN] Failsafe triggered: CPU too high
2026-05-21T14:18:56 [INFO] Heartbeat + Metrics
2026-05-21T14:19:05 [INFO] Heartbeat + Metrics
2026-05-21T14:19:14 [INFO] Heartbeat + Metrics
2026-05-21T14:19:23 [INFO] Heartbeat + Metrics
2026-05-21T14:19:32 [INFO] Heartbeat + Metrics
2026-05-21T14:19:40 [INFO] Heartbeat + Metrics
2026-05-21T14:19:49 [INFO] Heartbeat + Metrics
2026-05-21T14:20:00 [INFO] Heartbeat + Metrics
2026-05-21T14:20:00 [WARN] Failsafe triggered: CPU too high
2026-05-21T14:20:00 [WARN] Failsafe triggered: RAM too low
2026-05-21T14:20:10 [INFO] Heartbeat + Metrics
2026-05-21T14:20:11 [WARN] Failsafe triggered: CPU too high
2026-05-21T14:20:11 [WARN] Failsafe triggered: RAM too low
2026-05-21T14:20:21 [INFO] Heartbeat + Metrics
2026-05-21T14:20:21 [WARN] Failsafe triggered: RAM too low
2026-05-21T14:20:31 [INFO] Heartbeat + Metrics
2026-05-21T14:20:31 [WARN] Failsafe triggered: CPU too high
2026-05-21T14:20:31 [WARN] Failsafe triggered: RAM too low
2026-05-21T14:20:40 [INFO] Heartbeat + Metrics
2026-05-21T14:20:41 [WARN] Failsafe triggered: RAM too low
2026-05-21T14:20:50 [INFO] Heartbeat + Metrics
2026-05-21T14:20:50 [WARN] Failsafe triggered: CPU too high
2026-05-21T14:20:58 [INFO] Heartbeat + Metrics
2026-05-21T14:20:58 [WARN] Failsafe triggered: CPU too high
2026-05-21T14:21:08 [INFO] Heartbeat + Metrics
2026-05-21T14:21:08 [WARN] Failsafe triggered: CPU too high
2026-05-21T14:21:17 [INFO] Heartbeat + Metrics
2026-05-21T14:21:17 [WARN] Failsafe triggered: CPU too high
2026-05-21T14:21:26 [INFO] Heartbeat + Metrics
2026-05-21T14:21:26 [WARN] Failsafe triggered: CPU too high
2026-05-21T14:21:26 [WARN] Failsafe triggered: RAM too low
2026-05-21T14:21:36 [INFO] Heartbeat + Metrics
2026-05-21T14:21:36 [WARN] Failsafe triggered: CPU too high
2026-05-21T14:21:45 [INFO] Heartbeat + Metrics
2026-05-21T14:21:45 [WARN] Failsafe triggered: CPU too high
2026-05-21T14:21:54 [INFO] Heartbeat + Metrics
2026-05-21T14:21:54 [WARN] Failsafe triggered: CPU too high
2026-05-21T14:22:03 [INFO] Heartbeat + Metrics
2026-05-21T14:22:03 [WARN] Failsafe triggered: CPU too high
2026-05-21T14:22:13 [INFO] Heartbeat + Metrics
2026-05-21T14:22:13 [WARN] Failsafe triggered: CPU too high
2026-05-21T14:22:23 [INFO] Heartbeat + Metrics
2026-05-21T14:22:23 [WARN] Failsafe triggered: CPU too high
2026-05-21T14:22:33 [INFO] Heartbeat + Metrics
2026-05-21T14:22:33 [WARN] Failsafe triggered: CPU too high
2026-05-21T14:22:42 [INFO] Heartbeat + Metrics
2026-05-21T14:22:42 [WARN] Failsafe triggered: CPU too high
2026-05-21T14:22:51 [INFO] Heartbeat + Metrics
2026-05-21T14:22:52 [WARN] Failsafe triggered: CPU too high
2026-05-21T14:23:02 [INFO] Heartbeat + Metrics
2026-05-21T14:23:02 [WARN] Failsafe triggered: CPU too high
2026-05-21T14:23:13 [INFO] Heartbeat + Metrics
2026-05-21T14:23:13 [WARN] Failsafe triggered: CPU too high
2026-05-21T14:23:22 [INFO] Heartbeat + Metrics
2026-05-21T14:23:22 [WARN] Failsafe triggered: CPU too high
2026-05-21T14:23:30 [INFO] Heartbeat + Metrics
2026-05-21T14:23:31 [WARN] Failsafe triggered: CPU too high
2026-05-21T14:23:40 [INFO] Heartbeat + Metrics
2026-05-21T14:23:40 [WARN] Failsafe triggered: CPU too high
2026-05-21T14:23:49 [INFO] Heartbeat + Metrics
2026-05-21T14:23:49 [WARN] Failsafe triggered: CPU too high
2026-05-21T14:23:59 [INFO] Heartbeat + Metrics
2026-05-21T14:23:59 [WARN] Failsafe triggered: CPU too high
2026-05-21T14:24:08 [INFO] Heartbeat + Metrics
2026-05-21T14:24:08 [WARN] Failsafe triggered: CPU too high
2026-05-21T14:24:17 [INFO] Heartbeat + Metrics
2026-05-21T14:24:17 [WARN] Failsafe triggered: CPU too high
2026-05-21T14:24:26 [INFO] Heartbeat + Metrics
2026-05-21T14:24:26 [WARN] Desired process no longer exists (PID 5620)
2026-05-21T14:24:26 [WARN] Desired process no longer exists (PID 3344)
2026-05-21T14:24:35 [INFO] Heartbeat + Metrics
2026-05-21T14:24:35 [WARN] Desired process no longer exists (PID 5620)
2026-05-21T14:24:35 [WARN] Desired process no longer exists (PID 3344)
2026-05-21T14:24:44 [INFO] Heartbeat + Metrics
2026-05-21T14:24:44 [WARN] Failsafe triggered: CPU too high
2026-05-21T14:24:53 [INFO] Heartbeat + Metrics
2026-05-21T14:24:53 [WARN] Desired process no longer exists (PID 5620)
2026-05-21T14:24:53 [WARN] Desired process no longer exists (PID 3344)
2026-05-21T14:25:02 [INFO] Heartbeat + Metrics
2026-05-21T14:25:02 [WARN] Desired process no longer exists (PID 5620)
2026-05-21T14:25:02 [WARN] Desired process no longer exists (PID 3344)
2026-05-21T14:25:11 [INFO] Heartbeat + Metrics
2026-05-21T14:25:20 [INFO] Heartbeat + Metrics
2026-05-21T14:25:29 [INFO] Heartbeat + Metrics
2026-05-21T14:25:38 [INFO] Heartbeat + Metrics
2026-05-21T14:25:47 [INFO] Heartbeat + Metrics
2026-05-21T14:25:47 [WARN] Failsafe triggered: RAM too low
2026-05-21T14:25:59 [INFO] Heartbeat + Metrics
2026-05-21T14:25:59 [WARN] Failsafe triggered: CPU too high
2026-05-21T14:26:08 [INFO] Heartbeat + Metrics
2026-05-21T14:26:08 [WARN] Failsafe triggered: RAM too low
2026-05-21T14:26:17 [INFO] Heartbeat + Metrics
2026-05-21T14:26:26 [INFO] Heartbeat + Metrics
2026-05-21T14:26:35 [INFO] Heartbeat + Metrics
2026-05-21T14:26:44 [INFO] Heartbeat + Metrics
2026-05-21T14:26:44 [WARN] Failsafe triggered: CPU too high
2026-05-21T14:26:52 [INFO] Heartbeat + Metrics
2026-05-21T14:27:01 [INFO] Heartbeat + Metrics
2026-05-21T14:27:10 [INFO] Heartbeat + Metrics
2026-05-21T14:27:19 [INFO] Heartbeat + Metrics
2026-05-21T14:27:28 [INFO] Heartbeat + Metrics
2026-05-21T14:27:37 [INFO] Heartbeat + Metrics
2026-05-21T14:27:45 [INFO] Heartbeat + Metrics
2026-05-21T14:27:54 [INFO] Heartbeat + Metrics
2026-05-21T14:28:03 [INFO] Heartbeat + Metrics
2026-05-21T14:28:03 [WARN] Failsafe triggered: RAM too low
2026-05-21T14:28:12 [INFO] Heartbeat + Metrics
2026-05-21T14:28:21 [INFO] Heartbeat + Metrics
2026-05-21T14:28:30 [INFO] Heartbeat + Metrics
2026-05-21T14:28:41 [INFO] Heartbeat + Metrics
2026-05-21T14:28:42 [WARN] Failsafe triggered: CPU too high
2026-05-21T14:28:42 [WARN] Failsafe triggered: RAM too low
2026-05-21T14:28:52 [INFO] Heartbeat + Metrics
2026-05-21T14:28:52 [WARN] Failsafe triggered: RAM too low
2026-05-21T14:29:01 [INFO] Heartbeat + Metrics
2026-05-21T14:29:10 [INFO] Heartbeat + Metrics
2026-05-21T14:29:10 [WARN] Failsafe triggered: CPU too high
2026-05-21T14:29:20 [INFO] Heartbeat + Metrics
2026-05-21T14:29:20 [WARN] Failsafe triggered: CPU too high
2026-05-21T14:29:29 [INFO] Heartbeat + Metrics
2026-05-21T14:29:38 [INFO] Heartbeat + Metrics
2026-05-21T14:29:47 [INFO] Heartbeat + Metrics
2026-05-21T14:29:56 [INFO] Heartbeat + Metrics
2026-05-21T14:30:08 [INFO] Heartbeat + Metrics
2026-05-21T14:30:08 [WARN] Failsafe triggered: CPU too high
2026-05-21T14:30:08 [WARN] Failsafe triggered: RAM too low
2026-05-21T14:30:19 [INFO] Heartbeat + Metrics
2026-05-21T14:30:19 [WARN] Failsafe triggered: RAM too low
2026-05-21T14:30:28 [INFO] Heartbeat + Metrics
2026-05-21T14:30:29 [WARN] Desired process no longer exists (PID 5620)
2026-05-21T14:30:29 [WARN] Desired process no longer exists (PID 3344)
2026-05-21T14:30:38 [INFO] Heartbeat + Metrics
2026-05-21T14:30:38 [WARN] Failsafe triggered: CPU too high
2026-05-21T14:30:47 [INFO] Heartbeat + Metrics
2026-05-21T14:30:47 [WARN] Desired process no longer exists (PID 5620)
2026-05-21T14:30:47 [WARN] Desired process no longer exists (PID 3344)
2026-05-21T14:30:56 [INFO] Heartbeat + Metrics
2026-05-21T14:30:56 [WARN] Desired process no longer exists (PID 5620)
2026-05-21T14:30:56 [WARN] Desired process no longer exists (PID 3344)
2026-05-21T14:31:05 [INFO] Heartbeat + Metrics
2026-05-21T14:31:05 [WARN] Desired process no longer exists (PID 5620)
2026-05-21T14:31:05 [WARN] Desired process no longer exists (PID 3344)
2026-05-21T14:31:14 [INFO] Heartbeat + Metrics
2026-05-21T14:31:14 [WARN] Failsafe triggered: RAM too low
2026-05-21T14:31:22 [INFO] Heartbeat + Metrics
2026-05-21T14:31:23 [WARN] Desired process no longer exists (PID 5620)
2026-05-21T14:31:23 [WARN] Desired process no longer exists (PID 3344)
2026-05-21T14:31:31 [INFO] Heartbeat + Metrics
2026-05-21T14:31:31 [WARN] Desired process no longer exists (PID 5620)
2026-05-21T14:31:31 [WARN] Desired process no longer exists (PID 3344)
2026-05-21T14:31:40 [INFO] Heartbeat + Metrics
2026-05-21T14:31:40 [WARN] Desired process no longer exists (PID 5620)
2026-05-21T14:31:40 [WARN] Desired process no longer exists (PID 3344)
2026-05-21T14:31:49 [INFO] Heartbeat + Metrics
2026-05-21T14:31:49 [WARN] Failsafe triggered: CPU too high
2026-05-21T14:31:58 [INFO] Heartbeat + Metrics
2026-05-21T14:31:58 [WARN] Desired process no longer exists (PID 5620)
2026-05-21T14:31:58 [WARN] Desired process no longer exists (PID 3344)
2026-05-21T14:32:07 [INFO] Heartbeat + Metrics
2026-05-21T14:32:16 [INFO] Heartbeat + Metrics
2026-05-21T14:32:17 [WARN] Desired process no longer exists (PID 5620)
2026-05-21T14:32:17 [WARN] Desired process no longer exists (PID 3344)
2026-05-21T14:32:26 [INFO] Heartbeat + Metrics
2026-05-21T14:32:34 [INFO] Heartbeat + Metrics
2026-05-21T14:32:43 [INFO] Heartbeat + Metrics
2026-05-21T14:32:55 [INFO] Heartbeat + Metrics
2026-05-21T14:33:06 [INFO] Heartbeat + Metrics
2026-05-21T14:33:07 [WARN] Failsafe triggered: CPU too high
2026-05-21T14:33:16 [INFO] Heartbeat + Metrics
2026-05-21T14:33:16 [WARN] Failsafe triggered: CPU too high
2026-05-21T14:33:24 [INFO] Heartbeat + Metrics
2026-05-21T14:33:25 [WARN] Desired process no longer exists (PID 5620)
2026-05-21T14:33:25 [WARN] Desired process no longer exists (PID 3344)
2026-05-21T14:33:33 [INFO] Heartbeat + Metrics
2026-05-21T14:33:33 [WARN] Desired process no longer exists (PID 5620)
2026-05-21T14:33:34 [WARN] Desired process no longer exists (PID 3344)
2026-05-21T14:33:42 [INFO] Heartbeat + Metrics
2026-05-21T14:33:42 [WARN] Failsafe triggered: CPU too high
2026-05-21T14:33:51 [INFO] Heartbeat + Metrics
2026-05-21T14:33:51 [WARN] Desired process no longer exists (PID 5620)
2026-05-21T14:33:51 [WARN] Desired process no longer exists (PID 3344)
2026-05-21T14:34:00 [INFO] Heartbeat + Metrics
2026-05-21T14:34:00 [WARN] Desired process no longer exists (PID 5620)
2026-05-21T14:34:00 [WARN] Desired process no longer exists (PID 3344)
2026-05-21T14:34:09 [INFO] Heartbeat + Metrics
2026-05-21T14:34:18 [INFO] Heartbeat + Metrics
2026-05-21T14:34:27 [INFO] Heartbeat + Metrics
2026-05-21T14:34:27 [WARN] Failsafe triggered: CPU too high
2026-05-21T14:34:36 [INFO] Heartbeat + Metrics
2026-05-21T14:34:36 [WARN] Desired process no longer exists (PID 5620)
2026-05-21T14:34:36 [WARN] Desired process no longer exists (PID 3344)
2026-05-21T14:34:45 [INFO] Heartbeat + Metrics
2026-05-21T14:34:45 [WARN] Desired process no longer exists (PID 5620)
2026-05-21T14:34:45 [WARN] Desired process no longer exists (PID 3344)
2026-05-21T14:34:54 [INFO] Heartbeat + Metrics
2026-05-21T14:35:05 [INFO] Heartbeat + Metrics
2026-05-21T14:35:05 [WARN] Desired process no longer exists (PID 5620)
2026-05-21T14:35:05 [WARN] Desired process no longer exists (PID 3344)
2026-05-21T14:35:16 [INFO] Heartbeat + Metrics
2026-05-21T14:35:16 [WARN] Desired process no longer exists (PID 5620)
2026-05-21T14:35:16 [WARN] Desired process no longer exists (PID 3344)
2026-05-21T14:35:25 [INFO] Heartbeat + Metrics
2026-05-21T14:35:25 [WARN] Failsafe triggered: CPU too high
2026-05-21T14:35:34 [INFO] Heartbeat + Metrics
2026-05-21T14:35:34 [WARN] Desired process no longer exists (PID 5620)
2026-05-21T14:35:34 [WARN] Desired process no longer exists (PID 3344)
2026-05-21T14:35:43 [INFO] Heartbeat + Metrics
2026-05-21T14:35:43 [WARN] Desired process no longer exists (PID 5620)
2026-05-21T14:35:43 [WARN] Desired process no longer exists (PID 3344)
2026-05-21T14:35:52 [INFO] Heartbeat + Metrics
2026-05-21T14:35:52 [WARN] Failsafe triggered: CPU too high
2026-05-21T14:36:01 [INFO] Heartbeat + Metrics
2026-05-21T14:36:01 [WARN] Failsafe triggered: CPU too high
2026-05-21T14:36:10 [INFO] Heartbeat + Metrics
2026-05-21T14:36:11 [WARN] Failsafe triggered: CPU too high
2026-05-21T14:36:20 [INFO] Heartbeat + Metrics
2026-05-21T14:36:20 [WARN] Failsafe triggered: CPU too high
2026-05-21T14:36:29 [INFO] Heartbeat + Metrics
2026-05-21T14:36:29 [WARN] Failsafe triggered: CPU too high
2026-05-21T14:36:38 [INFO] Heartbeat + Metrics
2026-05-21T14:36:38 [WARN] Failsafe triggered: CPU too high
2026-05-21T14:36:48 [INFO] Heartbeat + Metrics
2026-05-21T14:36:48 [WARN] Desired process no longer exists (PID 5620)
2026-05-21T14:36:48 [WARN] Desired process no longer exists (PID 3344)
2026-05-21T14:36:57 [INFO] Heartbeat + Metrics
2026-05-21T14:36:57 [WARN] Desired process no longer exists (PID 5620)
2026-05-21T14:36:57 [WARN] Desired process no longer exists (PID 3344)
2026-05-21T14:37:06 [INFO] Heartbeat + Metrics
2026-05-21T14:37:15 [INFO] Heartbeat + Metrics
2026-05-21T14:37:16 [WARN] Desired process no longer exists (PID 5620)
2026-05-21T14:37:16 [WARN] Desired process no longer exists (PID 3344)
2026-05-21T14:37:24 [INFO] Heartbeat + Metrics
2026-05-21T14:37:24 [WARN] Desired process no longer exists (PID 5620)
2026-05-21T14:37:25 [WARN] Desired process no longer exists (PID 3344)
2026-05-21T14:37:33 [INFO] Heartbeat + Metrics
2026-05-21T14:37:34 [WARN] Desired process no longer exists (PID 5620)
2026-05-21T14:37:34 [WARN] Desired process no longer exists (PID 3344)
2026-05-21T14:37:42 [INFO] Heartbeat + Metrics
2026-05-21T14:37:43 [WARN] Desired process no longer exists (PID 5620)
2026-05-21T14:37:43 [WARN] Desired process no longer exists (PID 3344)
2026-05-21T14:37:51 [INFO] Heartbeat + Metrics
2026-05-21T14:37:51 [WARN] Desired process no longer exists (PID 5620)
2026-05-21T14:37:52 [WARN] Desired process no longer exists (PID 3344)
2026-05-21T14:38:00 [INFO] Heartbeat + Metrics
2026-05-21T14:38:00 [WARN] Desired process no longer exists (PID 5620)
2026-05-21T14:38:00 [WARN] Desired process no longer exists (PID 3344)
2026-05-21T14:38:09 [INFO] Heartbeat + Metrics
2026-05-21T14:38:09 [WARN] Desired process no longer exists (PID 5620)
2026-05-21T14:38:09 [WARN] Desired process no longer exists (PID 3344)
2026-05-21T14:38:18 [INFO] Heartbeat + Metrics
2026-05-21T14:38:18 [WARN] Desired process no longer exists (PID 5620)
2026-05-21T14:38:18 [WARN] Desired process no longer exists (PID 3344)
2026-05-21T14:38:27 [INFO] Heartbeat + Metrics
2026-05-21T14:38:27 [WARN] Desired process no longer exists (PID 5620)
2026-05-21T14:38:27 [WARN] Desired process no longer exists (PID 3344)
2026-05-21T14:38:36 [INFO] Heartbeat + Metrics
2026-05-21T14:38:36 [WARN] Desired process no longer exists (PID 5620)
2026-05-21T14:38:36 [WARN] Desired process no longer exists (PID 3344)
2026-05-21T14:38:45 [INFO] Heartbeat + Metrics
2026-05-21T14:38:45 [WARN] Desired process no longer exists (PID 5620)
2026-05-21T14:38:45 [WARN] Desired process no longer exists (PID 3344)
2026-05-21T14:38:53 [INFO] Heartbeat + Metrics
2026-05-21T14:38:53 [WARN] Desired process no longer exists (PID 5620)
2026-05-21T14:38:53 [WARN] Desired process no longer exists (PID 3344)
2026-05-21T14:39:02 [INFO] Heartbeat + Metrics
2026-05-21T14:39:02 [WARN] Desired process no longer exists (PID 5620)
2026-05-21T14:39:02 [WARN] Desired process no longer exists (PID 3344)
2026-05-21T14:39:11 [INFO] Heartbeat + Metrics
2026-05-21T14:39:11 [WARN] Desired process no longer exists (PID 5620)
2026-05-21T14:39:11 [WARN] Desired process no longer exists (PID 3344)
2026-05-21T14:39:20 [INFO] Heartbeat + Metrics
2026-05-21T14:39:20 [WARN] Desired process no longer exists (PID 5620)
2026-05-21T14:39:20 [WARN] Desired process no longer exists (PID 3344)
2026-05-21T14:39:29 [INFO] Heartbeat + Metrics
2026-05-21T14:39:38 [INFO] Heartbeat + Metrics
2026-05-21T14:39:38 [WARN] Failsafe triggered: CPU too high
2026-05-21T14:39:47 [INFO] Heartbeat + Metrics
2026-05-21T14:39:56 [INFO] Heartbeat + Metrics
2026-05-21T14:40:05 [INFO] Heartbeat + Metrics
2026-05-21T14:40:14 [INFO] Heartbeat + Metrics
2026-05-21T14:40:23 [INFO] Heartbeat + Metrics
2026-05-21T14:40:32 [INFO] Heartbeat + Metrics
2026-05-21T14:40:41 [INFO] Heartbeat + Metrics
2026-05-21T14:40:41 [WARN] Failsafe triggered: CPU too high
2026-05-21T14:40:41 [WARN] Failsafe triggered: RAM too low
2026-05-21T14:40:50 [INFO] Heartbeat + Metrics
2026-05-21T14:40:50 [WARN] Failsafe triggered: RAM too low
2026-05-21T14:41:00 [INFO] Heartbeat + Metrics
2026-05-21T14:41:01 [WARN] Desired process no longer exists (PID 5620)
2026-05-21T14:41:01 [WARN] Desired process no longer exists (PID 3344)
2026-05-21T14:41:10 [INFO] Heartbeat + Metrics
2026-05-21T14:41:10 [WARN] Desired process no longer exists (PID 5620)
2026-05-21T14:41:10 [WARN] Desired process no longer exists (PID 3344)
2026-05-21T14:41:19 [INFO] Heartbeat + Metrics
2026-05-21T14:41:19 [WARN] Desired process no longer exists (PID 5620)
2026-05-21T14:41:19 [WARN] Desired process no longer exists (PID 3344)
2026-05-21T14:41:28 [INFO] Heartbeat + Metrics
2026-05-21T14:41:28 [WARN] Desired process no longer exists (PID 5620)
2026-05-21T14:41:28 [WARN] Desired process no longer exists (PID 3344)
2026-05-21T14:41:37 [INFO] Heartbeat + Metrics
2026-05-21T14:41:37 [WARN] Desired process no longer exists (PID 5620)
2026-05-21T14:41:37 [WARN] Desired process no longer exists (PID 3344)
2026-05-21T14:41:46 [INFO] Heartbeat + Metrics
2026-05-21T14:41:46 [WARN] Failsafe triggered: CPU too high
2026-05-21T14:41:54 [INFO] Heartbeat + Metrics
2026-05-21T14:41:55 [WARN] Desired process no longer exists (PID 5620)
2026-05-21T14:41:55 [WARN] Desired process no longer exists (PID 3344)
2026-05-21T14:42:03 [INFO] Heartbeat + Metrics
2026-05-21T14:42:03 [WARN] Desired process no longer exists (PID 5620)
2026-05-21T14:42:03 [WARN] Desired process no longer exists (PID 3344)
2026-05-21T14:42:12 [INFO] Heartbeat + Metrics
2026-05-21T14:42:12 [WARN] Desired process no longer exists (PID 5620)
2026-05-21T14:42:12 [WARN] Desired process no longer exists (PID 3344)
2026-05-21T14:42:24 [INFO] Heartbeat + Metrics
2026-05-21T14:42:25 [WARN] Failsafe triggered: CPU too high
2026-05-21T14:42:36 [INFO] Heartbeat + Metrics
2026-05-21T14:42:36 [WARN] Failsafe triggered: CPU too high
2026-05-21T14:42:50 [INFO] Heartbeat + Metrics
2026-05-21T14:42:50 [WARN] Failsafe triggered: CPU too high
2026-05-21T14:42:51 [WARN] Failsafe triggered: RAM too low
2026-05-21T14:43:11 [INFO] Heartbeat + Metrics
2026-05-21T14:43:12 [WARN] Failsafe triggered: RAM too low
2026-05-21T14:43:22 [INFO] Heartbeat + Metrics
2026-05-21T14:43:22 [WARN] Failsafe triggered: CPU too high
2026-05-21T14:43:33 [INFO] Heartbeat + Metrics
2026-05-21T14:43:34 [WARN] Failsafe triggered: RAM too low
2026-05-21T14:43:45 [INFO] Heartbeat + Metrics
2026-05-21T14:43:45 [WARN] Failsafe triggered: CPU too high
2026-05-21T14:43:45 [WARN] Failsafe triggered: RAM too low
2026-05-21T14:43:57 [INFO] Heartbeat + Metrics
2026-05-21T14:43:58 [WARN] Failsafe triggered: CPU too high
2026-05-21T14:43:58 [WARN] Failsafe triggered: RAM too low
2026-05-21T14:44:09 [INFO] Heartbeat + Metrics
2026-05-21T14:44:09 [WARN] Failsafe triggered: RAM too low
2026-05-21T14:44:19 [INFO] Heartbeat + Metrics
2026-05-21T14:44:19 [WARN] Failsafe triggered: CPU too high
2026-05-21T14:44:19 [WARN] Failsafe triggered: RAM too low
2026-05-21T14:44:29 [INFO] Heartbeat + Metrics
2026-05-21T14:44:39 [INFO] Heartbeat + Metrics
2026-05-21T14:44:39 [WARN] Failsafe triggered: CPU too high
2026-05-21T14:44:39 [WARN] Failsafe triggered: RAM too low
2026-05-21T14:44:52 [INFO] Heartbeat + Metrics
2026-05-21T14:44:53 [WARN] Failsafe triggered: RAM too low
2026-05-21T14:45:08 [INFO] Heartbeat + Metrics
2026-05-21T14:45:08 [WARN] Failsafe triggered: CPU too high
2026-05-21T14:45:17 [INFO] Heartbeat + Metrics
2026-05-21T14:45:28 [INFO] Heartbeat + Metrics
2026-05-21T14:45:28 [WARN] Failsafe triggered: CPU too high
2026-05-21T14:45:42 [INFO] Heartbeat + Metrics
2026-05-21T14:45:43 [WARN] Failsafe triggered: CPU too high
2026-05-21T14:45:52 [INFO] Heartbeat + Metrics
2026-05-21T14:45:52 [WARN] Failsafe triggered: RAM too low
2026-05-21T14:46:01 [INFO] Heartbeat + Metrics
2026-05-21T14:46:01 [WARN] Failsafe triggered: CPU too high
2026-05-21T14:46:10 [INFO] Heartbeat + Metrics
2026-05-21T14:46:19 [INFO] Heartbeat + Metrics
2026-05-21T14:46:19 [WARN] Failsafe triggered: CPU too high
2026-05-21T14:46:28 [INFO] Heartbeat + Metrics
2026-05-21T14:46:28 [WARN] Failsafe triggered: CPU too high
2026-05-21T14:46:37 [INFO] Heartbeat + Metrics
2026-05-21T14:46:37 [WARN] Failsafe triggered: RAM too low
2026-05-21T14:46:46 [INFO] Heartbeat + Metrics
2026-05-21T14:46:46 [WARN] Failsafe triggered: CPU too high
2026-05-21T14:46:56 [INFO] Heartbeat + Metrics
2026-05-21T14:46:56 [WARN] Failsafe triggered: CPU too high
2026-05-21T14:47:05 [INFO] Heartbeat + Metrics
2026-05-21T14:47:06 [WARN] Failsafe triggered: CPU too high
2026-05-21T14:47:06 [WARN] Failsafe triggered: RAM too low
2026-05-21T14:47:21 [INFO] Heartbeat + Metrics
2026-05-21T14:47:21 [WARN] Failsafe triggered: CPU too high
2026-05-21T14:47:35 [INFO] Heartbeat + Metrics
2026-05-21T14:47:36 [WARN] Failsafe triggered: CPU too high
2026-05-21T14:47:36 [WARN] Failsafe triggered: RAM too low
2026-05-21T14:47:45 [INFO] Heartbeat + Metrics
2026-05-21T14:47:45 [WARN] Failsafe triggered: CPU too high
2026-05-21T14:47:46 [WARN] Failsafe triggered: RAM too low
2026-05-21T14:47:55 [INFO] Heartbeat + Metrics
2026-05-21T14:47:55 [WARN] Desired process no longer exists (PID 5620)
2026-05-21T14:47:55 [WARN] Desired process no longer exists (PID 3344)
2026-05-21T14:48:04 [INFO] Heartbeat + Metrics
2026-05-21T14:48:13 [INFO] Heartbeat + Metrics
2026-05-21T14:48:13 [WARN] Failsafe triggered: CPU too high
2026-05-21T14:48:23 [INFO] Heartbeat + Metrics
2026-05-21T14:48:24 [WARN] Desired process no longer exists (PID 5620)
2026-05-21T14:48:24 [WARN] Desired process no longer exists (PID 3344)
2026-05-21T14:48:33 [INFO] Heartbeat + Metrics
2026-05-21T14:48:33 [WARN] Desired process no longer exists (PID 5620)
2026-05-21T14:48:33 [WARN] Desired process no longer exists (PID 3344)
2026-05-21T14:48:42 [INFO] Heartbeat + Metrics
2026-05-21T14:48:42 [WARN] Desired process no longer exists (PID 5620)
2026-05-21T14:48:42 [WARN] Desired process no longer exists (PID 3344)
2026-05-21T14:48:52 [INFO] Heartbeat + Metrics
2026-05-21T14:49:01 [INFO] Heartbeat + Metrics
2026-05-21T14:49:01 [WARN] Failsafe triggered: CPU too high
2026-05-21T14:49:10 [INFO] Heartbeat + Metrics
2026-05-21T14:49:10 [WARN] Failsafe triggered: CPU too high
2026-05-21T14:49:19 [INFO] Heartbeat + Metrics
2026-05-21T14:49:20 [WARN] Desired process no longer exists (PID 5620)
2026-05-21T14:49:20 [WARN] Desired process no longer exists (PID 3344)
2026-05-21T14:49:29 [INFO] Heartbeat + Metrics
2026-05-21T14:49:37 [INFO] Heartbeat + Metrics
2026-05-21T14:49:37 [WARN] Failsafe triggered: CPU too high
2026-05-21T14:49:46 [INFO] Heartbeat + Metrics
2026-05-21T14:49:46 [WARN] Desired process no longer exists (PID 5620)
2026-05-21T14:49:46 [WARN] Desired process no longer exists (PID 3344)
2026-05-21T14:49:56 [INFO] Heartbeat + Metrics
2026-05-21T14:49:56 [WARN] Desired process no longer exists (PID 5620)
2026-05-21T14:49:56 [WARN] Desired process no longer exists (PID 3344)
2026-05-21T14:50:04 [INFO] Heartbeat + Metrics
2026-05-21T14:50:04 [WARN] Desired process no longer exists (PID 5620)
2026-05-21T14:50:04 [WARN] Desired process no longer exists (PID 3344)
2026-05-21T14:50:13 [INFO] Heartbeat + Metrics
2026-05-21T14:50:13 [WARN] Desired process no longer exists (PID 5620)
2026-05-21T14:50:13 [WARN] Desired process no longer exists (PID 3344)
2026-05-21T14:50:22 [INFO] Heartbeat + Metrics
2026-05-21T14:50:22 [WARN] Desired process no longer exists (PID 5620)
2026-05-21T14:50:22 [WARN] Desired process no longer exists (PID 3344)
2026-05-21T14:50:31 [INFO] Heartbeat + Metrics
2026-05-21T14:50:31 [WARN] Desired process no longer exists (PID 5620)
2026-05-21T14:50:31 [WARN] Desired process no longer exists (PID 3344)
2026-05-21T14:50:40 [INFO] Heartbeat + Metrics
2026-05-21T14:50:40 [WARN] Desired process no longer exists (PID 5620)
2026-05-21T14:50:40 [WARN] Desired process no longer exists (PID 3344)
2026-05-21T14:50:48 [INFO] Heartbeat + Metrics
2026-05-21T14:50:49 [WARN] Desired process no longer exists (PID 5620)
2026-05-21T14:50:49 [WARN] Desired process no longer exists (PID 3344)
2026-05-21T14:50:57 [INFO] Heartbeat + Metrics
2026-05-21T14:50:57 [WARN] Desired process no longer exists (PID 5620)
2026-05-21T14:50:57 [WARN] Desired process no longer exists (PID 3344)
2026-05-21T14:51:06 [INFO] Heartbeat + Metrics
2026-05-21T14:51:06 [WARN] Desired process no longer exists (PID 5620)
2026-05-21T14:51:06 [WARN] Desired process no longer exists (PID 3344)
2026-05-21T14:51:15 [INFO] Heartbeat + Metrics
2026-05-21T14:51:15 [WARN] Desired process no longer exists (PID 5620)
2026-05-21T14:51:15 [WARN] Desired process no longer exists (PID 3344)
2026-05-21T14:51:24 [INFO] Heartbeat + Metrics
2026-05-21T14:51:24 [WARN] Desired process no longer exists (PID 5620)
2026-05-21T14:51:24 [WARN] Desired process no longer exists (PID 3344)
2026-05-21T14:51:32 [INFO] Heartbeat + Metrics
2026-05-21T14:51:33 [WARN] Desired process no longer exists (PID 5620)
2026-05-21T14:51:33 [WARN] Desired process no longer exists (PID 3344)
2026-05-21T14:51:41 [INFO] Heartbeat + Metrics
2026-05-21T14:51:41 [WARN] Desired process no longer exists (PID 5620)
2026-05-21T14:51:41 [WARN] Desired process no longer exists (PID 3344)
2026-05-21T14:51:50 [INFO] Heartbeat + Metrics
2026-05-21T14:51:50 [WARN] Desired process no longer exists (PID 5620)
2026-05-21T14:51:50 [WARN] Desired process no longer exists (PID 3344)
2026-05-21T14:51:59 [INFO] Heartbeat + Metrics
2026-05-21T14:51:59 [WARN] Desired process no longer exists (PID 5620)
2026-05-21T14:51:59 [WARN] Desired process no longer exists (PID 3344)
2026-05-21T14:52:07 [INFO] Heartbeat + Metrics
2026-05-21T14:52:08 [WARN] Desired process no longer exists (PID 5620)
2026-05-21T14:52:08 [WARN] Desired process no longer exists (PID 3344)
2026-05-21T14:52:16 [INFO] Heartbeat + Metrics
2026-05-21T14:52:16 [WARN] Desired process no longer exists (PID 5620)
2026-05-21T14:52:16 [WARN] Desired process no longer exists (PID 3344)
2026-05-21T14:52:25 [INFO] Heartbeat + Metrics
2026-05-21T14:52:34 [INFO] Heartbeat + Metrics
2026-05-21T14:52:35 [WARN] Desired process no longer exists (PID 5620)
2026-05-21T14:52:35 [WARN] Desired process no longer exists (PID 3344)
2026-05-21T14:52:44 [INFO] Heartbeat + Metrics
2026-05-21T14:52:44 [WARN] Desired process no longer exists (PID 5620)
2026-05-21T14:52:44 [WARN] Desired process no longer exists (PID 3344)
2026-05-21T14:52:52 [INFO] Heartbeat + Metrics
2026-05-21T14:52:52 [WARN] Failsafe triggered: CPU too high
2026-05-21T14:53:01 [INFO] Heartbeat + Metrics
2026-05-21T14:53:01 [WARN] Desired process no longer exists (PID 5620)
2026-05-21T14:53:02 [WARN] Desired process no longer exists (PID 3344)
2026-05-21T14:53:10 [INFO] Heartbeat + Metrics
2026-05-21T14:53:11 [WARN] Desired process no longer exists (PID 5620)
2026-05-21T14:53:11 [WARN] Desired process no longer exists (PID 3344)
2026-05-21T14:53:19 [INFO] Heartbeat + Metrics
2026-05-21T14:53:19 [WARN] Desired process no longer exists (PID 5620)
2026-05-21T14:53:19 [WARN] Desired process no longer exists (PID 3344)
2026-05-21T14:53:28 [INFO] Heartbeat + Metrics
2026-05-21T14:53:28 [WARN] Desired process no longer exists (PID 5620)
2026-05-21T14:53:28 [WARN] Desired process no longer exists (PID 3344)
2026-05-21T14:53:38 [INFO] Heartbeat + Metrics
2026-05-21T14:53:38 [WARN] Failsafe triggered: CPU too high
2026-05-21T14:53:47 [INFO] Heartbeat + Metrics
2026-05-21T14:53:47 [WARN] Failsafe triggered: CPU too high
2026-05-21T14:53:56 [INFO] Heartbeat + Metrics
2026-05-21T14:53:56 [WARN] Failsafe triggered: CPU too high
2026-05-21T14:54:06 [INFO] Heartbeat + Metrics
2026-05-21T14:54:06 [WARN] Failsafe triggered: CPU too high
2026-05-21T14:54:14 [INFO] Heartbeat + Metrics
2026-05-21T14:54:15 [WARN] Failsafe triggered: CPU too high
2026-05-21T14:54:25 [INFO] Heartbeat + Metrics
2026-05-21T14:54:25 [WARN] Failsafe triggered: CPU too high
2026-05-21T14:54:34 [INFO] Heartbeat + Metrics
2026-05-21T14:54:34 [WARN] Failsafe triggered: CPU too high
2026-05-21T14:54:44 [INFO] Heartbeat + Metrics
2026-05-21T14:54:44 [WARN] Failsafe triggered: CPU too high
2026-05-21T14:54:53 [INFO] Heartbeat + Metrics
2026-05-21T14:54:53 [WARN] Failsafe triggered: CPU too high
2026-05-21T14:55:02 [INFO] Heartbeat + Metrics
2026-05-21T14:55:02 [WARN] Failsafe triggered: CPU too high
2026-05-21T14:55:12 [INFO] Heartbeat + Metrics
2026-05-21T14:55:12 [WARN] Failsafe triggered: CPU too high
2026-05-21T14:55:12 [WARN] Failsafe triggered: RAM too low
2026-05-21T14:55:23 [INFO] Heartbeat + Metrics
2026-05-21T14:55:24 [WARN] Desired process no longer exists (PID 5620)
2026-05-21T14:55:25 [WARN] Desired process no longer exists (PID 3344)
2026-05-21T14:55:35 [INFO] Heartbeat + Metrics
2026-05-21T14:55:35 [WARN] Failsafe triggered: CPU too high
2026-05-21T14:55:35 [WARN] Failsafe triggered: RAM too low
2026-05-21T14:55:45 [INFO] Heartbeat + Metrics
2026-05-21T14:55:45 [WARN] Failsafe triggered: RAM too low
2026-05-21T14:55:57 [INFO] Heartbeat + Metrics
2026-05-21T14:55:57 [WARN] Failsafe triggered: CPU too high
2026-05-21T14:55:57 [WARN] Failsafe triggered: RAM too low
2026-05-21T14:56:09 [INFO] Heartbeat + Metrics
2026-05-21T14:56:09 [WARN] Failsafe triggered: RAM too low
2026-05-21T14:56:18 [INFO] Heartbeat + Metrics
2026-05-21T14:56:18 [WARN] Failsafe triggered: CPU too high
2026-05-21T14:56:30 [INFO] Heartbeat + Metrics
2026-05-21T14:56:30 [WARN] Failsafe triggered: CPU too high
2026-05-21T14:56:39 [INFO] Heartbeat + Metrics
2026-05-21T14:56:39 [WARN] Failsafe triggered: CPU too high
2026-05-21T14:56:52 [INFO] Heartbeat + Metrics
2026-05-21T14:56:53 [WARN] Failsafe triggered: CPU too high
2026-05-21T14:56:53 [WARN] Failsafe triggered: RAM too low
2026-05-21T14:57:03 [INFO] Heartbeat + Metrics
2026-05-21T14:57:03 [WARN] Failsafe triggered: CPU too high
2026-05-21T14:57:14 [INFO] Heartbeat + Metrics
2026-05-21T14:57:14 [WARN] Failsafe triggered: CPU too high
2026-05-21T14:57:14 [WARN] Failsafe triggered: RAM too low
2026-05-21T14:57:23 [INFO] Heartbeat + Metrics
2026-05-21T14:57:23 [WARN] Failsafe triggered: CPU too high
2026-05-21T14:57:23 [WARN] Failsafe triggered: RAM too low
2026-05-21T14:57:32 [INFO] Heartbeat + Metrics
2026-05-21T14:57:32 [WARN] Failsafe triggered: CPU too high
2026-05-21T14:57:32 [WARN] Failsafe triggered: RAM too low
2026-05-21T14:57:42 [INFO] Heartbeat + Metrics
2026-05-21T14:57:42 [WARN] Failsafe triggered: CPU too high
2026-05-21T14:57:52 [INFO] Heartbeat + Metrics
2026-05-21T14:57:52 [WARN] Failsafe triggered: CPU too high
2026-05-21T14:57:52 [WARN] Failsafe triggered: RAM too low
2026-05-21T14:58:01 [INFO] Heartbeat + Metrics
2026-05-21T14:58:01 [WARN] Failsafe triggered: CPU too high
2026-05-21T14:58:18 [INFO] Heartbeat + Metrics
2026-05-21T14:58:19 [WARN] Failsafe triggered: CPU too high
2026-05-21T14:58:19 [WARN] Failsafe triggered: RAM too low
2026-05-21T14:58:30 [INFO] Heartbeat + Metrics
2026-05-21T14:58:30 [WARN] Failsafe triggered: CPU too high
2026-05-21T14:58:40 [INFO] Heartbeat + Metrics
2026-05-21T14:58:43 [WARN] Failsafe triggered: CPU too high
2026-05-21T14:58:43 [WARN] Failsafe triggered: RAM too low
2026-05-21T14:58:53 [INFO] Heartbeat + Metrics
2026-05-21T14:58:53 [WARN] Failsafe triggered: CPU too high
2026-05-21T14:59:03 [INFO] Heartbeat + Metrics
2026-05-21T14:59:03 [WARN] Failsafe triggered: CPU too high
2026-05-21T14:59:03 [WARN] Failsafe triggered: RAM too low
2026-05-21T14:59:13 [INFO] Heartbeat + Metrics
2026-05-21T14:59:13 [WARN] Failsafe triggered: CPU too high
2026-05-21T14:59:24 [INFO] Heartbeat + Metrics
2026-05-21T14:59:24 [WARN] Failsafe triggered: RAM too low
2026-05-21T14:59:33 [INFO] Heartbeat + Metrics
2026-05-21T14:59:33 [WARN] Failsafe triggered: CPU too high
2026-05-21T14:59:43 [INFO] Heartbeat + Metrics
2026-05-21T14:59:43 [WARN] Failsafe triggered: CPU too high
2026-05-21T14:59:52 [INFO] Heartbeat + Metrics
2026-05-21T14:59:52 [WARN] Failsafe triggered: CPU too high
2026-05-21T15:00:01 [INFO] Heartbeat + Metrics
2026-05-21T15:00:01 [WARN] Failsafe triggered: CPU too high
2026-05-21T15:00:10 [INFO] Heartbeat + Metrics
2026-05-21T15:00:10 [WARN] Failsafe triggered: CPU too high
2026-05-21T15:00:20 [INFO] Heartbeat + Metrics
2026-05-21T15:00:20 [WARN] Failsafe triggered: CPU too high
2026-05-21T15:00:29 [INFO] Heartbeat + Metrics
2026-05-21T15:00:29 [WARN] Failsafe triggered: CPU too high
2026-05-21T15:00:40 [INFO] Heartbeat + Metrics
2026-05-21T15:00:40 [WARN] Failsafe triggered: CPU too high
2026-05-21T15:00:40 [WARN] Failsafe triggered: RAM too low
2026-05-21T15:00:49 [INFO] Heartbeat + Metrics
2026-05-21T15:00:49 [WARN] Failsafe triggered: CPU too high
2026-05-21T15:00:58 [INFO] Heartbeat + Metrics
2026-05-21T15:00:58 [WARN] Failsafe triggered: CPU too high
2026-05-21T15:01:07 [INFO] Heartbeat + Metrics
2026-05-21T15:01:07 [WARN] Failsafe triggered: CPU too high
2026-05-21T15:01:16 [INFO] Heartbeat + Metrics
2026-05-21T15:01:16 [WARN] Failsafe triggered: CPU too high
2026-05-21T15:01:26 [INFO] Heartbeat + Metrics
2026-05-21T15:01:26 [WARN] Failsafe triggered: CPU too high
2026-05-21T15:01:35 [INFO] Heartbeat + Metrics
2026-05-21T15:01:35 [WARN] Failsafe triggered: CPU too high
2026-05-21T15:01:35 [WARN] Failsafe triggered: RAM too low
2026-05-21T15:01:44 [INFO] Heartbeat + Metrics
2026-05-21T15:01:44 [WARN] Failsafe triggered: CPU too high
2026-05-21T15:01:54 [INFO] Heartbeat + Metrics
2026-05-21T15:01:54 [WARN] Failsafe triggered: RAM too low
2026-05-21T15:02:03 [INFO] Heartbeat + Metrics
2026-05-21T15:02:12 [INFO] Heartbeat + Metrics
2026-05-21T15:02:12 [WARN] Failsafe triggered: CPU too high
2026-05-21T15:02:21 [INFO] Heartbeat + Metrics
2026-05-21T15:02:21 [WARN] Failsafe triggered: CPU too high
2026-05-21T15:02:21 [WARN] Failsafe triggered: RAM too low
2026-05-21T15:02:30 [INFO] Heartbeat + Metrics
2026-05-21T15:02:31 [WARN] Desired process no longer exists (PID 5620)
2026-05-21T15:02:31 [WARN] Desired process no longer exists (PID 3344)
2026-05-21T15:02:40 [INFO] Heartbeat + Metrics
2026-05-21T15:02:40 [WARN] Desired process no longer exists (PID 5620)
2026-05-21T15:02:40 [WARN] Desired process no longer exists (PID 3344)
2026-05-21T15:02:49 [INFO] Heartbeat + Metrics
2026-05-21T15:02:49 [WARN] Desired process no longer exists (PID 5620)
2026-05-21T15:02:49 [WARN] Desired process no longer exists (PID 3344)
2026-05-21T15:02:58 [INFO] Heartbeat + Metrics
2026-05-21T15:02:58 [WARN] Failsafe triggered: CPU too high
2026-05-21T15:03:08 [INFO] Heartbeat + Metrics
2026-05-21T15:03:08 [WARN] Desired process no longer exists (PID 5620)
2026-05-21T15:03:08 [WARN] Desired process no longer exists (PID 3344)
2026-05-21T15:03:17 [INFO] Heartbeat + Metrics
2026-05-21T15:03:17 [WARN] Desired process no longer exists (PID 5620)
2026-05-21T15:03:17 [WARN] Desired process no longer exists (PID 3344)
2026-05-21T15:03:26 [INFO] Heartbeat + Metrics
2026-05-21T15:03:26 [WARN] Desired process no longer exists (PID 5620)
2026-05-21T15:03:26 [WARN] Desired process no longer exists (PID 3344)
2026-05-21T15:03:35 [INFO] Heartbeat + Metrics
2026-05-21T15:03:36 [WARN] Desired process no longer exists (PID 5620)
2026-05-21T15:03:36 [WARN] Desired process no longer exists (PID 3344)
2026-05-21T15:03:45 [INFO] Heartbeat + Metrics
2026-05-21T15:03:45 [WARN] Desired process no longer exists (PID 5620)
2026-05-21T15:03:45 [WARN] Desired process no longer exists (PID 3344)
2026-05-21T15:03:54 [INFO] Heartbeat + Metrics
2026-05-21T15:03:54 [WARN] Desired process no longer exists (PID 5620)
2026-05-21T15:03:54 [WARN] Desired process no longer exists (PID 3344)
2026-05-21T15:04:03 [INFO] Heartbeat + Metrics
2026-05-21T15:04:03 [WARN] Desired process no longer exists (PID 5620)
2026-05-21T15:04:03 [WARN] Desired process no longer exists (PID 3344)
2026-05-21T15:04:12 [INFO] Heartbeat + Metrics
2026-05-21T15:04:12 [WARN] Desired process no longer exists (PID 5620)
2026-05-21T15:04:12 [WARN] Desired process no longer exists (PID 3344)
2026-05-21T15:04:21 [INFO] Heartbeat + Metrics
2026-05-21T15:04:21 [WARN] Desired process no longer exists (PID 5620)
2026-05-21T15:04:21 [WARN] Desired process no longer exists (PID 3344)
2026-05-21T15:04:30 [INFO] Heartbeat + Metrics
2026-05-21T15:04:30 [WARN] Desired process no longer exists (PID 5620)
2026-05-21T15:04:30 [WARN] Desired process no longer exists (PID 3344)
2026-05-21T15:04:39 [INFO] Heartbeat + Metrics
2026-05-21T15:04:39 [WARN] Desired process no longer exists (PID 5620)
2026-05-21T15:04:39 [WARN] Desired process no longer exists (PID 3344)
2026-05-21T15:04:48 [INFO] Heartbeat + Metrics
2026-05-21T15:04:48 [WARN] Desired process no longer exists (PID 5620)
2026-05-21T15:04:48 [WARN] Desired process no longer exists (PID 3344)
2026-05-21T15:04:57 [INFO] Heartbeat + Metrics
2026-05-21T15:04:57 [WARN] Desired process no longer exists (PID 5620)
2026-05-21T15:04:57 [WARN] Desired process no longer exists (PID 3344)
2026-05-21T15:05:06 [INFO] Heartbeat + Metrics
2026-05-21T15:05:15 [INFO] Heartbeat + Metrics
2026-05-21T15:05:23 [INFO] Heartbeat + Metrics
2026-05-21T15:05:32 [INFO] Heartbeat + Metrics
2026-05-21T15:05:41 [INFO] Heartbeat + Metrics
2026-05-21T15:05:49 [INFO] Heartbeat + Metrics
2026-05-21T15:05:58 [INFO] Heartbeat + Metrics
2026-05-21T15:06:08 [INFO] Heartbeat + Metrics
2026-05-21T15:06:08 [WARN] Failsafe triggered: CPU too high
2026-05-21T15:06:18 [INFO] Heartbeat + Metrics
2026-05-21T15:06:18 [WARN] Failsafe triggered: RAM too low
2026-05-21T15:06:28 [INFO] Heartbeat + Metrics
2026-05-21T15:06:28 [WARN] Desired process no longer exists (PID 5620)
2026-05-21T15:06:28 [WARN] Desired process no longer exists (PID 3344)
2026-05-21T15:06:37 [INFO] Heartbeat + Metrics
2026-05-21T15:06:37 [WARN] Desired process no longer exists (PID 5620)
2026-05-21T15:06:37 [WARN] Desired process no longer exists (PID 3344)
2026-05-21T15:06:46 [INFO] Heartbeat + Metrics
2026-05-21T15:06:46 [WARN] Desired process no longer exists (PID 5620)
2026-05-21T15:06:46 [WARN] Desired process no longer exists (PID 3344)
2026-05-21T15:06:55 [INFO] Heartbeat + Metrics
2026-05-21T15:06:55 [WARN] Desired process no longer exists (PID 5620)
2026-05-21T15:06:55 [WARN] Desired process no longer exists (PID 3344)
2026-05-21T15:07:03 [INFO] Heartbeat + Metrics
2026-05-21T15:07:03 [WARN] Desired process no longer exists (PID 5620)
2026-05-21T15:07:03 [WARN] Desired process no longer exists (PID 3344)
2026-05-21T15:07:12 [INFO] Heartbeat + Metrics
2026-05-21T15:07:12 [WARN] Desired process no longer exists (PID 5620)
2026-05-21T15:07:12 [WARN] Desired process no longer exists (PID 3344)
2026-05-21T15:07:21 [INFO] Heartbeat + Metrics
2026-05-21T15:07:21 [WARN] Desired process no longer exists (PID 5620)
2026-05-21T15:07:21 [WARN] Desired process no longer exists (PID 3344)
2026-05-21T15:07:30 [INFO] Heartbeat + Metrics
2026-05-21T15:07:30 [WARN] Desired process no longer exists (PID 5620)
2026-05-21T15:07:30 [WARN] Desired process no longer exists (PID 3344)
2026-05-21T15:07:39 [INFO] Heartbeat + Metrics
2026-05-21T15:07:39 [WARN] Desired process no longer exists (PID 5620)
2026-05-21T15:07:39 [WARN] Desired process no longer exists (PID 3344)
2026-05-21T15:07:48 [INFO] Heartbeat + Metrics
2026-05-21T15:07:48 [WARN] Desired process no longer exists (PID 5620)
2026-05-21T15:07:48 [WARN] Desired process no longer exists (PID 3344)
2026-05-21T15:07:58 [INFO] Heartbeat + Metrics
2026-05-21T15:07:58 [WARN] Desired process no longer exists (PID 5620)
2026-05-21T15:07:58 [WARN] Desired process no longer exists (PID 3344)
2026-05-21T15:08:07 [INFO] Heartbeat + Metrics
2026-05-21T15:08:07 [WARN] Desired process no longer exists (PID 5620)
2026-05-21T15:08:07 [WARN] Desired process no longer exists (PID 3344)
2026-05-21T15:08:16 [INFO] Heartbeat + Metrics
2026-05-21T15:08:16 [WARN] Desired process no longer exists (PID 5620)
2026-05-21T15:08:16 [WARN] Desired process no longer exists (PID 3344)
2026-05-21T15:08:25 [INFO] Heartbeat + Metrics
2026-05-21T15:08:25 [WARN] Desired process no longer exists (PID 5620)
2026-05-21T15:08:25 [WARN] Desired process no longer exists (PID 3344)
2026-05-21T15:08:34 [INFO] Heartbeat + Metrics
2026-05-21T15:08:34 [WARN] Failsafe triggered: CPU too high
2026-05-21T15:08:43 [INFO] Heartbeat + Metrics
2026-05-21T15:08:43 [WARN] Desired process no longer exists (PID 5620)
2026-05-21T15:08:43 [WARN] Desired process no longer exists (PID 3344)
2026-05-21T15:08:52 [INFO] Heartbeat + Metrics
2026-05-21T15:08:52 [WARN] Failsafe triggered: CPU too high
2026-05-21T15:09:01 [INFO] Heartbeat + Metrics
2026-05-21T15:09:10 [INFO] Heartbeat + Metrics
2026-05-21T15:09:18 [INFO] Heartbeat + Metrics
2026-05-21T15:09:18 [WARN] Desired process no longer exists (PID 5620)
2026-05-21T15:09:18 [WARN] Desired process no longer exists (PID 3344)
2026-05-21T15:09:27 [INFO] Heartbeat + Metrics
2026-05-21T15:09:27 [WARN] Desired process no longer exists (PID 5620)
2026-05-21T15:09:27 [WARN] Desired process no longer exists (PID 3344)
2026-05-21T15:09:36 [INFO] Heartbeat + Metrics
2026-05-21T15:09:36 [WARN] Desired process no longer exists (PID 5620)
2026-05-21T15:09:36 [WARN] Desired process no longer exists (PID 3344)
2026-05-21T15:09:45 [INFO] Heartbeat + Metrics
2026-05-21T15:09:45 [WARN] Desired process no longer exists (PID 5620)
2026-05-21T15:09:45 [WARN] Desired process no longer exists (PID 3344)
2026-05-21T15:09:53 [INFO] Heartbeat + Metrics
2026-05-21T15:09:54 [WARN] Desired process no longer exists (PID 5620)
2026-05-21T15:09:54 [WARN] Desired process no longer exists (PID 3344)
2026-05-21T15:10:02 [INFO] Heartbeat + Metrics
2026-05-21T15:10:02 [WARN] Desired process no longer exists (PID 5620)
2026-05-21T15:10:03 [WARN] Desired process no longer exists (PID 3344)
2026-05-21T15:10:11 [INFO] Heartbeat + Metrics
2026-05-21T15:10:11 [WARN] Desired process no longer exists (PID 5620)
2026-05-21T15:10:11 [WARN] Desired process no longer exists (PID 3344)
2026-05-21T15:10:20 [INFO] Heartbeat + Metrics
2026-05-21T15:10:20 [WARN] Desired process no longer exists (PID 5620)
2026-05-21T15:10:20 [WARN] Desired process no longer exists (PID 3344)
2026-05-21T15:10:29 [INFO] Heartbeat + Metrics
2026-05-21T15:10:29 [WARN] Desired process no longer exists (PID 5620)
2026-05-21T15:10:29 [WARN] Desired process no longer exists (PID 3344)
2026-05-21T15:10:38 [INFO] Heartbeat + Metrics
2026-05-21T15:10:38 [WARN] Desired process no longer exists (PID 5620)
2026-05-21T15:10:38 [WARN] Desired process no longer exists (PID 3344)
2026-05-21T15:10:47 [INFO] Heartbeat + Metrics
2026-05-21T15:10:47 [WARN] Desired process no longer exists (PID 5620)
2026-05-21T15:10:47 [WARN] Desired process no longer exists (PID 3344)
2026-05-21T15:10:56 [INFO] Heartbeat + Metrics
2026-05-21T15:10:56 [WARN] Desired process no longer exists (PID 5620)
2026-05-21T15:10:56 [WARN] Desired process no longer exists (PID 3344)
2026-05-21T15:11:04 [INFO] Heartbeat + Metrics
2026-05-21T15:11:04 [WARN] Desired process no longer exists (PID 5620)
2026-05-21T15:11:05 [WARN] Desired process no longer exists (PID 3344)
2026-05-21T15:11:13 [INFO] Heartbeat + Metrics
2026-05-21T15:11:13 [WARN] Desired process no longer exists (PID 5620)
2026-05-21T15:11:13 [WARN] Desired process no longer exists (PID 3344)
2026-05-21T15:11:22 [INFO] Heartbeat + Metrics
2026-05-21T15:11:22 [WARN] Desired process no longer exists (PID 5620)
2026-05-21T15:11:22 [WARN] Desired process no longer exists (PID 3344)
2026-05-21T15:11:31 [INFO] Heartbeat + Metrics
2026-05-21T15:11:31 [WARN] Desired process no longer exists (PID 5620)
2026-05-21T15:11:31 [WARN] Desired process no longer exists (PID 3344)
2026-05-21T15:11:40 [INFO] Heartbeat + Metrics
2026-05-21T15:11:40 [WARN] Desired process no longer exists (PID 5620)
2026-05-21T15:11:40 [WARN] Desired process no longer exists (PID 3344)
2026-05-21T15:11:49 [INFO] Heartbeat + Metrics
2026-05-21T15:11:49 [WARN] Desired process no longer exists (PID 5620)
2026-05-21T15:11:49 [WARN] Desired process no longer exists (PID 3344)
2026-05-21T15:11:57 [INFO] Heartbeat + Metrics
2026-05-21T15:11:57 [WARN] Desired process no longer exists (PID 5620)
2026-05-21T15:11:57 [WARN] Desired process no longer exists (PID 3344)
2026-05-21T15:12:06 [INFO] Heartbeat + Metrics
2026-05-21T15:12:06 [WARN] Desired process no longer exists (PID 5620)
2026-05-21T15:12:06 [WARN] Desired process no longer exists (PID 3344)
2026-05-21T15:12:15 [INFO] Heartbeat + Metrics
2026-05-21T15:12:15 [WARN] Desired process no longer exists (PID 5620)
2026-05-21T15:12:15 [WARN] Desired process no longer exists (PID 3344)
2026-05-21T15:12:24 [INFO] Heartbeat + Metrics
2026-05-21T15:12:25 [WARN] Desired process no longer exists (PID 5620)
2026-05-21T15:12:25 [WARN] Desired process no longer exists (PID 3344)
2026-05-21T15:12:34 [INFO] Heartbeat + Metrics
2026-05-21T15:12:34 [WARN] Failsafe triggered: CPU too high
2026-05-21T15:12:45 [INFO] Heartbeat + Metrics
2026-05-21T15:12:45 [WARN] Failsafe triggered: CPU too high
2026-05-21T15:12:57 [INFO] Heartbeat + Metrics
2026-05-21T15:12:57 [WARN] Failsafe triggered: CPU too high
2026-05-21T15:13:07 [INFO] Heartbeat + Metrics
2026-05-21T15:13:07 [WARN] Failsafe triggered: CPU too high
2026-05-21T15:13:16 [INFO] Heartbeat + Metrics
2026-05-21T15:13:16 [WARN] Failsafe triggered: CPU too high
2026-05-21T15:13:25 [INFO] Heartbeat + Metrics
2026-05-21T15:13:25 [WARN] Desired process no longer exists (PID 5620)
2026-05-21T15:13:25 [WARN] Desired process no longer exists (PID 3344)
2026-05-21T15:13:34 [INFO] Heartbeat + Metrics
2026-05-21T15:13:34 [WARN] Desired process no longer exists (PID 5620)
2026-05-21T15:13:34 [WARN] Desired process no longer exists (PID 3344)
2026-05-21T15:13:44 [INFO] Heartbeat + Metrics
2026-05-21T15:13:44 [WARN] Desired process no longer exists (PID 5620)
2026-05-21T15:13:44 [WARN] Desired process no longer exists (PID 3344)
2026-05-21T15:13:52 [INFO] Heartbeat + Metrics
2026-05-21T15:13:53 [WARN] Desired process no longer exists (PID 5620)
2026-05-21T15:13:53 [WARN] Desired process no longer exists (PID 3344)
2026-05-21T15:14:01 [INFO] Heartbeat + Metrics
2026-05-21T15:14:01 [WARN] Desired process no longer exists (PID 5620)
2026-05-21T15:14:01 [WARN] Desired process no longer exists (PID 3344)
2026-05-21T15:14:10 [INFO] Heartbeat + Metrics
2026-05-21T15:14:10 [WARN] Desired process no longer exists (PID 5620)
2026-05-21T15:14:10 [WARN] Desired process no longer exists (PID 3344)
2026-05-21T15:14:19 [INFO] Heartbeat + Metrics
2026-05-21T15:14:19 [WARN] Desired process no longer exists (PID 5620)
2026-05-21T15:14:19 [WARN] Desired process no longer exists (PID 3344)
2026-05-21T15:14:28 [INFO] Heartbeat + Metrics
2026-05-21T15:14:28 [WARN] Desired process no longer exists (PID 5620)
2026-05-21T15:14:28 [WARN] Desired process no longer exists (PID 3344)
2026-05-21T15:14:36 [INFO] Heartbeat + Metrics
2026-05-21T15:14:36 [WARN] Desired process no longer exists (PID 5620)
2026-05-21T15:14:36 [WARN] Desired process no longer exists (PID 3344)
2026-05-21T15:14:45 [INFO] Heartbeat + Metrics
2026-05-21T15:14:45 [WARN] Desired process no longer exists (PID 5620)
2026-05-21T15:14:45 [WARN] Desired process no longer exists (PID 3344)
2026-05-21T15:14:54 [INFO] Heartbeat + Metrics
2026-05-21T15:14:54 [WARN] Desired process no longer exists (PID 5620)
2026-05-21T15:14:54 [WARN] Desired process no longer exists (PID 3344)
2026-05-21T15:15:03 [INFO] Heartbeat + Metrics
2026-05-21T15:15:03 [WARN] Desired process no longer exists (PID 5620)
2026-05-21T15:15:03 [WARN] Desired process no longer exists (PID 3344)
2026-05-21T15:15:11 [INFO] Heartbeat + Metrics
2026-05-21T15:15:11 [WARN] Desired process no longer exists (PID 5620)
2026-05-21T15:15:12 [WARN] Desired process no longer exists (PID 3344)
2026-05-21T15:15:21 [INFO] Heartbeat + Metrics
2026-05-21T15:15:21 [WARN] Desired process no longer exists (PID 5620)
2026-05-21T15:15:21 [WARN] Desired process no longer exists (PID 3344)
2026-05-21T15:15:30 [INFO] Heartbeat + Metrics
2026-05-21T15:15:30 [WARN] Failsafe triggered: CPU too high
2026-05-21T15:15:39 [INFO] Heartbeat + Metrics
2026-05-21T15:15:39 [WARN] Desired process no longer exists (PID 5620)
2026-05-21T15:15:39 [WARN] Desired process no longer exists (PID 3344)
2026-05-21T15:15:48 [INFO] Heartbeat + Metrics
2026-05-21T15:15:48 [WARN] Desired process no longer exists (PID 5620)
2026-05-21T15:15:48 [WARN] Desired process no longer exists (PID 3344)
2026-05-21T15:15:56 [INFO] Heartbeat + Metrics
2026-05-21T15:15:57 [WARN] Desired process no longer exists (PID 5620)
2026-05-21T15:15:57 [WARN] Desired process no longer exists (PID 3344)
2026-05-21T15:16:06 [INFO] Heartbeat + Metrics
2026-05-21T15:16:06 [WARN] Desired process no longer exists (PID 5620)
2026-05-21T15:16:06 [WARN] Desired process no longer exists (PID 3344)
2026-05-21T15:16:15 [INFO] Heartbeat + Metrics
2026-05-21T15:16:15 [WARN] Desired process no longer exists (PID 5620)
2026-05-21T15:16:15 [WARN] Desired process no longer exists (PID 3344)
2026-05-21T15:16:24 [INFO] Heartbeat + Metrics
2026-05-21T15:16:24 [WARN] Failsafe triggered: CPU too high
2026-05-21T15:16:33 [INFO] Heartbeat + Metrics
2026-05-21T15:16:33 [WARN] Desired process no longer exists (PID 5620)
2026-05-21T15:16:33 [WARN] Desired process no longer exists (PID 3344)
2026-05-21T15:16:42 [INFO] Heartbeat + Metrics
2026-05-21T15:16:42 [WARN] Desired process no longer exists (PID 5620)
2026-05-21T15:16:42 [WARN] Desired process no longer exists (PID 3344)
2026-05-21T15:16:51 [INFO] Heartbeat + Metrics
2026-05-21T15:16:51 [WARN] Desired process no longer exists (PID 5620)
2026-05-21T15:16:51 [WARN] Desired process no longer exists (PID 3344)
2026-05-21T15:17:00 [INFO] Heartbeat + Metrics
2026-05-21T15:17:00 [WARN] Desired process no longer exists (PID 5620)
2026-05-21T15:17:00 [WARN] Desired process no longer exists (PID 3344)
2026-05-21T15:17:09 [INFO] Heartbeat + Metrics
2026-05-21T15:17:18 [INFO] Heartbeat + Metrics
2026-05-21T15:17:18 [WARN] Failsafe triggered: CPU too high
2026-05-21T15:17:27 [INFO] Heartbeat + Metrics
2026-05-21T15:17:36 [INFO] Heartbeat + Metrics
2026-05-21T15:17:45 [INFO] Heartbeat + Metrics
2026-05-21T15:17:45 [WARN] Desired process no longer exists (PID 5620)
2026-05-21T15:17:45 [WARN] Desired process no longer exists (PID 3344)
2026-05-21T15:17:54 [INFO] Heartbeat + Metrics
2026-05-21T15:17:54 [WARN] Desired process no longer exists (PID 5620)
2026-05-21T15:17:54 [WARN] Desired process no longer exists (PID 3344)
2026-05-21T15:18:03 [INFO] Heartbeat + Metrics
2026-05-21T15:18:11 [INFO] Heartbeat + Metrics
2026-05-21T15:18:12 [WARN] Desired process no longer exists (PID 5620)
2026-05-21T15:18:12 [WARN] Desired process no longer exists (PID 3344)
2026-05-21T15:18:20 [INFO] Heartbeat + Metrics
2026-05-21T15:18:20 [WARN] Desired process no longer exists (PID 5620)
2026-05-21T15:18:20 [WARN] Desired process no longer exists (PID 3344)
2026-05-21T15:18:29 [INFO] Heartbeat + Metrics
2026-05-21T15:18:29 [WARN] Desired process no longer exists (PID 5620)
2026-05-21T15:18:29 [WARN] Desired process no longer exists (PID 3344)
2026-05-21T15:18:38 [INFO] Heartbeat + Metrics
2026-05-21T15:18:38 [WARN] Desired process no longer exists (PID 5620)
2026-05-21T15:18:38 [WARN] Desired process no longer exists (PID 3344)
2026-05-21T15:18:47 [INFO] Heartbeat + Metrics
2026-05-21T15:18:47 [WARN] Desired process no longer exists (PID 5620)
2026-05-21T15:18:47 [WARN] Desired process no longer exists (PID 3344)
2026-05-21T15:18:56 [INFO] Heartbeat + Metrics
2026-05-21T15:18:56 [WARN] Desired process no longer exists (PID 5620)
2026-05-21T15:18:56 [WARN] Desired process no longer exists (PID 3344)
2026-05-21T15:19:05 [INFO] Heartbeat + Metrics
2026-05-21T15:19:05 [WARN] Desired process no longer exists (PID 5620)
2026-05-21T15:19:05 [WARN] Desired process no longer exists (PID 3344)
2026-05-21T15:19:13 [INFO] Heartbeat + Metrics
2026-05-21T15:19:14 [WARN] Desired process no longer exists (PID 5620)
2026-05-21T15:19:14 [WARN] Desired process no longer exists (PID 3344)
2026-05-21T15:19:22 [INFO] Heartbeat + Metrics
2026-05-21T15:19:22 [WARN] Desired process no longer exists (PID 5620)
2026-05-21T15:19:22 [WARN] Desired process no longer exists (PID 3344)
2026-05-21T15:19:31 [INFO] Heartbeat + Metrics
2026-05-21T15:19:31 [WARN] Desired process no longer exists (PID 5620)
2026-05-21T15:19:31 [WARN] Desired process no longer exists (PID 3344)
2026-05-21T15:19:40 [INFO] Heartbeat + Metrics
2026-05-21T15:19:40 [WARN] Desired process no longer exists (PID 5620)
2026-05-21T15:19:40 [WARN] Desired process no longer exists (PID 3344)
2026-05-21T15:19:49 [INFO] Heartbeat + Metrics
2026-05-21T15:19:49 [WARN] Desired process no longer exists (PID 5620)
2026-05-21T15:19:49 [WARN] Desired process no longer exists (PID 3344)
2026-05-21T15:19:58 [INFO] Heartbeat + Metrics
2026-05-21T15:19:58 [WARN] Desired process no longer exists (PID 5620)
2026-05-21T15:19:58 [WARN] Desired process no longer exists (PID 3344)
2026-05-21T15:20:06 [INFO] Heartbeat + Metrics
2026-05-21T15:20:06 [WARN] Desired process no longer exists (PID 5620)
2026-05-21T15:20:06 [WARN] Desired process no longer exists (PID 3344)
2026-05-21T15:20:15 [INFO] Heartbeat + Metrics
2026-05-21T15:20:15 [WARN] Desired process no longer exists (PID 5620)
2026-05-21T15:20:15 [WARN] Desired process no longer exists (PID 3344)
2026-05-21T15:20:24 [INFO] Heartbeat + Metrics
2026-05-21T15:20:24 [WARN] Desired process no longer exists (PID 5620)
2026-05-21T15:20:24 [WARN] Desired process no longer exists (PID 3344)
2026-05-21T15:20:32 [INFO] Heartbeat + Metrics
2026-05-21T15:20:33 [WARN] Desired process no longer exists (PID 5620)
2026-05-21T15:20:33 [WARN] Desired process no longer exists (PID 3344)
2026-05-21T15:20:41 [INFO] Heartbeat + Metrics
2026-05-21T15:20:41 [WARN] Desired process no longer exists (PID 5620)
2026-05-21T15:20:41 [WARN] Desired process no longer exists (PID 3344)
2026-05-21T15:20:50 [INFO] Heartbeat + Metrics
2026-05-21T15:20:50 [WARN] Desired process no longer exists (PID 5620)
2026-05-21T15:20:50 [WARN] Desired process no longer exists (PID 3344)
2026-05-21T15:20:59 [INFO] Heartbeat + Metrics
2026-05-21T15:20:59 [WARN] Desired process no longer exists (PID 5620)
2026-05-21T15:20:59 [WARN] Desired process no longer exists (PID 3344)
2026-05-21T15:21:08 [INFO] Heartbeat + Metrics
2026-05-21T15:21:08 [WARN] Desired process no longer exists (PID 5620)
2026-05-21T15:21:08 [WARN] Desired process no longer exists (PID 3344)
2026-05-21T15:21:16 [INFO] Heartbeat + Metrics
2026-05-21T15:21:16 [WARN] Desired process no longer exists (PID 5620)
2026-05-21T15:21:16 [WARN] Desired process no longer exists (PID 3344)
2026-05-21T15:21:25 [INFO] Heartbeat + Metrics
2026-05-21T15:21:25 [WARN] Desired process no longer exists (PID 5620)
2026-05-21T15:21:25 [WARN] Desired process no longer exists (PID 3344)
2026-05-21T15:21:34 [INFO] Heartbeat + Metrics
2026-05-21T15:21:34 [WARN] Desired process no longer exists (PID 5620)
2026-05-21T15:21:34 [WARN] Desired process no longer exists (PID 3344)
2026-05-21T15:21:43 [INFO] Heartbeat + Metrics
2026-05-21T15:21:43 [WARN] Desired process no longer exists (PID 5620)
2026-05-21T15:21:43 [WARN] Desired process no longer exists (PID 3344)
2026-05-21T15:21:52 [INFO] Heartbeat + Metrics
2026-05-21T15:22:01 [INFO] Heartbeat + Metrics
2026-05-21T15:22:01 [WARN] Desired process no longer exists (PID 5620)
2026-05-21T15:22:01 [WARN] Desired process no longer exists (PID 3344)
2026-05-21T15:22:10 [INFO] Heartbeat + Metrics
2026-05-21T15:22:10 [WARN] Failsafe triggered: CPU too high
2026-05-21T15:22:19 [INFO] Heartbeat + Metrics
2026-05-21T15:22:28 [INFO] Heartbeat + Metrics
2026-05-21T15:22:28 [WARN] Failsafe triggered: CPU too high
2026-05-21T15:22:37 [INFO] Heartbeat + Metrics
2026-05-21T15:22:37 [WARN] Desired process no longer exists (PID 5620)
2026-05-21T15:22:37 [WARN] Desired process no longer exists (PID 3344)
2026-05-21T15:22:48 [INFO] Heartbeat + Metrics
2026-05-21T15:22:48 [WARN] Desired process no longer exists (PID 5620)
2026-05-21T15:22:48 [WARN] Desired process no longer exists (PID 3344)
2026-05-21T15:23:00 [INFO] Heartbeat + Metrics
2026-05-21T15:23:00 [WARN] Failsafe triggered: CPU too high
2026-05-21T15:23:10 [INFO] Heartbeat + Metrics
2026-05-21T15:23:10 [WARN] Failsafe triggered: CPU too high
2026-05-21T15:23:23 [INFO] Heartbeat + Metrics
2026-05-21T15:23:23 [WARN] Failsafe triggered: CPU too high
2026-05-21T15:23:24 [WARN] Failsafe triggered: RAM too low
2026-05-21T15:23:33 [INFO] Heartbeat + Metrics
2026-05-21T15:23:33 [WARN] Failsafe triggered: CPU too high
2026-05-21T15:23:43 [INFO] Heartbeat + Metrics
2026-05-21T15:23:53 [INFO] Heartbeat + Metrics
2026-05-21T15:23:53 [WARN] Failsafe triggered: RAM too low
2026-05-21T15:24:02 [INFO] Heartbeat + Metrics
2026-05-21T15:24:11 [INFO] Heartbeat + Metrics
2026-05-21T15:24:20 [INFO] Heartbeat + Metrics
2026-05-21T15:24:28 [INFO] Heartbeat + Metrics
2026-05-21T15:24:37 [INFO] Heartbeat + Metrics
2026-05-21T15:24:46 [INFO] Heartbeat + Metrics
2026-05-21T15:24:54 [INFO] Heartbeat + Metrics
2026-05-21T15:25:03 [INFO] Heartbeat + Metrics
2026-05-21T15:25:12 [INFO] Heartbeat + Metrics
2026-05-21T15:25:21 [INFO] Heartbeat + Metrics
2026-05-21T15:25:30 [INFO] Heartbeat + Metrics
2026-05-21T15:25:38 [INFO] Heartbeat + Metrics
2026-05-21T15:25:47 [INFO] Heartbeat + Metrics
2026-05-21T15:25:56 [INFO] Heartbeat + Metrics
2026-05-21T15:26:04 [INFO] Heartbeat + Metrics
2026-05-21T15:26:13 [INFO] Heartbeat + Metrics
2026-05-21T15:26:22 [INFO] Heartbeat + Metrics
2026-05-21T15:26:30 [INFO] Heartbeat + Metrics
2026-05-21T15:26:39 [INFO] Heartbeat + Metrics
2026-05-21T15:26:48 [INFO] Heartbeat + Metrics
2026-05-21T15:26:56 [INFO] Heartbeat + Metrics
2026-05-21T15:27:05 [INFO] Heartbeat + Metrics
2026-05-21T15:27:14 [INFO] Heartbeat + Metrics
2026-05-21T15:27:22 [INFO] Heartbeat + Metrics
2026-05-21T15:27:31 [INFO] Heartbeat + Metrics
2026-05-21T15:27:40 [INFO] Heartbeat + Metrics
2026-05-21T15:27:48 [INFO] Heartbeat + Metrics
2026-05-21T15:27:57 [INFO] Heartbeat + Metrics
2026-05-21T15:28:05 [INFO] Heartbeat + Metrics
2026-05-21T15:28:14 [INFO] Heartbeat + Metrics
2026-05-21T15:28:23 [INFO] Heartbeat + Metrics
2026-05-21T15:28:31 [INFO] Heartbeat + Metrics
2026-05-21T15:28:40 [INFO] Heartbeat + Metrics
2026-05-21T15:28:49 [INFO] Heartbeat + Metrics
2026-05-21T15:28:57 [INFO] Heartbeat + Metrics
2026-05-21T15:29:06 [INFO] Heartbeat + Metrics
2026-05-21T15:29:14 [INFO] Heartbeat + Metrics
2026-05-21T15:29:23 [INFO] Heartbeat + Metrics
2026-05-21T15:29:32 [INFO] Heartbeat + Metrics
2026-05-21T15:29:40 [INFO] Heartbeat + Metrics
2026-05-21T15:29:49 [INFO] Heartbeat + Metrics
2026-05-21T15:29:58 [INFO] Heartbeat + Metrics
2026-05-21T15:30:06 [INFO] Heartbeat + Metrics
2026-05-21T15:30:15 [INFO] Heartbeat + Metrics
2026-05-21T15:30:24 [INFO] Heartbeat + Metrics
2026-05-21T15:30:32 [INFO] Heartbeat + Metrics
2026-05-21T15:30:41 [INFO] Heartbeat + Metrics
2026-05-21T15:30:50 [INFO] Heartbeat + Metrics
2026-05-21T15:30:58 [INFO] Heartbeat + Metrics
2026-05-21T15:31:07 [INFO] Heartbeat + Metrics
2026-05-21T15:31:16 [INFO] Heartbeat + Metrics
2026-05-21T15:31:24 [INFO] Heartbeat + Metrics
2026-05-21T15:31:33 [INFO] Heartbeat + Metrics
2026-05-21T15:31:41 [INFO] Heartbeat + Metrics
2026-05-21T15:31:50 [INFO] Heartbeat + Metrics
2026-05-21T15:31:59 [INFO] Heartbeat + Metrics
2026-05-21T15:32:07 [INFO] Heartbeat + Metrics
2026-05-21T15:32:16 [INFO] Heartbeat + Metrics
2026-05-21T15:32:25 [INFO] Heartbeat + Metrics
2026-05-21T15:32:33 [INFO] Heartbeat + Metrics
2026-05-21T15:32:42 [INFO] Heartbeat + Metrics
2026-05-21T15:32:50 [INFO] Heartbeat + Metrics
2026-05-21T15:32:59 [INFO] Heartbeat + Metrics
2026-05-21T15:33:08 [INFO] Heartbeat + Metrics
2026-05-21T15:33:17 [INFO] Heartbeat + Metrics
2026-05-21T15:33:25 [INFO] Heartbeat + Metrics
2026-05-21T15:33:34 [INFO] Heartbeat + Metrics
2026-05-21T15:33:43 [INFO] Heartbeat + Metrics
2026-05-21T15:33:52 [INFO] Heartbeat + Metrics
2026-05-21T15:34:00 [INFO] Heartbeat + Metrics
2026-05-21T15:34:09 [INFO] Heartbeat + Metrics
2026-05-21T15:34:17 [INFO] Heartbeat + Metrics
2026-05-21T15:34:26 [INFO] Heartbeat + Metrics
2026-05-21T15:34:35 [INFO] Heartbeat + Metrics
2026-05-21T15:34:43 [INFO] Heartbeat + Metrics
2026-05-21T15:34:52 [INFO] Heartbeat + Metrics
2026-05-21T15:35:01 [INFO] Heartbeat + Metrics
2026-05-21T15:35:09 [INFO] Heartbeat + Metrics
2026-05-21T15:35:18 [INFO] Heartbeat + Metrics
2026-05-21T15:35:26 [INFO] Heartbeat + Metrics
2026-05-21T15:35:35 [INFO] Heartbeat + Metrics
2026-05-21T15:35:44 [INFO] Heartbeat + Metrics
2026-05-21T15:35:52 [INFO] Heartbeat + Metrics
2026-05-21T15:36:01 [INFO] Heartbeat + Metrics
2026-05-21T15:36:10 [INFO] Heartbeat + Metrics
2026-05-21T15:36:18 [INFO] Heartbeat + Metrics
2026-05-21T15:36:27 [INFO] Heartbeat + Metrics
2026-05-21T15:36:36 [INFO] Heartbeat + Metrics
2026-05-21T15:36:45 [INFO] Heartbeat + Metrics
2026-05-21T15:36:53 [INFO] Heartbeat + Metrics
2026-05-21T15:37:02 [INFO] Heartbeat + Metrics
2026-05-21T15:37:11 [INFO] Heartbeat + Metrics
2026-05-21T15:37:19 [INFO] Heartbeat + Metrics
2026-05-21T15:37:28 [INFO] Heartbeat + Metrics
2026-05-21T15:37:36 [INFO] Heartbeat + Metrics
2026-05-21T15:37:45 [INFO] Heartbeat + Metrics
2026-05-21T15:37:54 [INFO] Heartbeat + Metrics
2026-05-21T15:38:02 [INFO] Heartbeat + Metrics
2026-05-21T15:38:11 [INFO] Heartbeat + Metrics
2026-05-21T15:38:21 [INFO] Heartbeat + Metrics
2026-05-21T15:38:30 [INFO] Heartbeat + Metrics
2026-05-21T15:38:39 [INFO] Heartbeat + Metrics
2026-05-21T15:38:47 [INFO] Heartbeat + Metrics
2026-05-21T15:38:56 [INFO] Heartbeat + Metrics
2026-05-21T15:39:05 [INFO] Heartbeat + Metrics
2026-05-21T15:39:13 [INFO] Heartbeat + Metrics
2026-05-21T15:39:22 [INFO] Heartbeat + Metrics
2026-05-21T15:39:31 [INFO] Heartbeat + Metrics
2026-05-21T15:39:39 [INFO] Heartbeat + Metrics
2026-05-21T15:39:48 [INFO] Heartbeat + Metrics
2026-05-21T15:39:57 [INFO] Heartbeat + Metrics
2026-05-21T15:40:05 [INFO] Heartbeat + Metrics
2026-05-21T15:40:14 [INFO] Heartbeat + Metrics
2026-05-21T15:40:23 [INFO] Heartbeat + Metrics
2026-05-21T15:40:31 [INFO] Heartbeat + Metrics
2026-05-21T15:40:40 [INFO] Heartbeat + Metrics
2026-05-21T15:40:48 [INFO] Heartbeat + Metrics
2026-05-21T15:40:57 [INFO] Heartbeat + Metrics
2026-05-21T15:41:06 [INFO] Heartbeat + Metrics
2026-05-21T15:41:14 [INFO] Heartbeat + Metrics
2026-05-21T15:41:23 [INFO] Heartbeat + Metrics
2026-05-21T15:41:31 [INFO] Heartbeat + Metrics
2026-05-21T15:41:40 [INFO] Heartbeat + Metrics
2026-05-21T15:41:49 [INFO] Heartbeat + Metrics
2026-05-21T15:41:57 [INFO] Heartbeat + Metrics
2026-05-21T15:42:06 [INFO] Heartbeat + Metrics
2026-05-21T15:42:14 [INFO] Heartbeat + Metrics
2026-05-21T15:42:23 [INFO] Heartbeat + Metrics
2026-05-21T15:42:32 [INFO] Heartbeat + Metrics
2026-05-21T15:42:40 [INFO] Heartbeat + Metrics
2026-05-21T15:42:49 [INFO] Heartbeat + Metrics
2026-05-21T15:42:58 [INFO] Heartbeat + Metrics
2026-05-21T15:43:06 [INFO] Heartbeat + Metrics
2026-05-21T15:43:15 [INFO] Heartbeat + Metrics
2026-05-21T15:43:24 [INFO] Heartbeat + Metrics
2026-05-21T15:43:32 [INFO] Heartbeat + Metrics
2026-05-21T15:43:41 [INFO] Heartbeat + Metrics
2026-05-21T15:43:50 [INFO] Heartbeat + Metrics
2026-05-21T15:43:58 [INFO] Heartbeat + Metrics
2026-05-21T15:44:07 [INFO] Heartbeat + Metrics
2026-05-21T15:44:15 [INFO] Heartbeat + Metrics
2026-05-21T15:44:24 [INFO] Heartbeat + Metrics
2026-05-21T15:44:33 [INFO] Heartbeat + Metrics
2026-05-21T15:44:41 [INFO] Heartbeat + Metrics
2026-05-21T15:44:50 [INFO] Heartbeat + Metrics
2026-05-21T15:44:59 [INFO] Heartbeat + Metrics
2026-05-21T15:45:07 [INFO] Heartbeat + Metrics
2026-05-21T15:45:16 [INFO] Heartbeat + Metrics
2026-05-21T15:45:25 [INFO] Heartbeat + Metrics
2026-05-21T15:45:33 [INFO] Heartbeat + Metrics
2026-05-21T15:45:42 [INFO] Heartbeat + Metrics
2026-05-21T15:45:51 [INFO] Heartbeat + Metrics
2026-05-21T15:45:59 [INFO] Heartbeat + Metrics
2026-05-21T15:46:08 [INFO] Heartbeat + Metrics
2026-05-21T15:46:16 [INFO] Heartbeat + Metrics
2026-05-21T15:46:25 [INFO] Heartbeat + Metrics
2026-05-21T15:46:33 [INFO] Heartbeat + Metrics
2026-05-21T15:46:42 [INFO] Heartbeat + Metrics
2026-05-21T15:46:51 [INFO] Heartbeat + Metrics
2026-05-21T15:46:59 [INFO] Heartbeat + Metrics
2026-05-21T15:47:08 [INFO] Heartbeat + Metrics
2026-05-21T15:47:17 [INFO] Heartbeat + Metrics
2026-05-21T15:47:25 [INFO] Heartbeat + Metrics
2026-05-21T15:47:34 [INFO] Heartbeat + Metrics
2026-05-21T15:47:43 [INFO] Heartbeat + Metrics
2026-05-21T15:47:51 [INFO] Heartbeat + Metrics
2026-05-21T15:48:00 [INFO] Heartbeat + Metrics
2026-05-21T15:48:09 [INFO] Heartbeat + Metrics
2026-05-21T15:48:17 [INFO] Heartbeat + Metrics
2026-05-21T15:48:26 [INFO] Heartbeat + Metrics
2026-05-21T15:48:35 [INFO] Heartbeat + Metrics
2026-05-21T15:48:43 [INFO] Heartbeat + Metrics
2026-05-21T15:48:52 [INFO] Heartbeat + Metrics
2026-05-21T15:49:00 [INFO] Heartbeat + Metrics
2026-05-21T15:49:09 [INFO] Heartbeat + Metrics
2026-05-21T15:49:18 [INFO] Heartbeat + Metrics
2026-05-21T15:49:26 [INFO] Heartbeat + Metrics
2026-05-21T15:49:35 [INFO] Heartbeat + Metrics
2026-05-21T15:49:43 [INFO] Heartbeat + Metrics
2026-05-21T15:49:52 [INFO] Heartbeat + Metrics
2026-05-21T15:50:01 [INFO] Heartbeat + Metrics
2026-05-21T15:50:09 [INFO] Heartbeat + Metrics
2026-05-21T15:50:18 [INFO] Heartbeat + Metrics
2026-05-21T15:50:27 [INFO] Heartbeat + Metrics
2026-05-21T15:50:35 [INFO] Heartbeat + Metrics
2026-05-21T15:50:44 [INFO] Heartbeat + Metrics
2026-05-21T15:50:52 [INFO] Heartbeat + Metrics
2026-05-21T15:51:01 [INFO] Heartbeat + Metrics
2026-05-21T15:51:10 [INFO] Heartbeat + Metrics
2026-05-21T15:51:18 [INFO] Heartbeat + Metrics
2026-05-21T15:51:27 [INFO] Heartbeat + Metrics
2026-05-21T15:51:35 [INFO] Heartbeat + Metrics
2026-05-21T15:51:44 [INFO] Heartbeat + Metrics
2026-05-21T15:51:52 [INFO] Heartbeat + Metrics
2026-05-21T15:52:01 [INFO] Heartbeat + Metrics
2026-05-21T15:52:10 [INFO] Heartbeat + Metrics
2026-05-21T15:52:18 [INFO] Heartbeat + Metrics
2026-05-21T15:52:27 [INFO] Heartbeat + Metrics
2026-05-21T15:52:36 [INFO] Heartbeat + Metrics
2026-05-21T15:52:44 [INFO] Heartbeat + Metrics
2026-05-21T15:52:53 [INFO] Heartbeat + Metrics
2026-05-21T15:53:01 [INFO] Heartbeat + Metrics
2026-05-21T15:53:10 [INFO] Heartbeat + Metrics
2026-05-21T15:53:18 [INFO] Heartbeat + Metrics
2026-05-21T15:53:27 [INFO] Heartbeat + Metrics
2026-05-21T15:53:36 [INFO] Heartbeat + Metrics
2026-05-21T15:53:44 [INFO] Heartbeat + Metrics
2026-05-21T15:53:53 [INFO] Heartbeat + Metrics
2026-05-21T15:54:01 [INFO] Heartbeat + Metrics
2026-05-21T15:54:10 [INFO] Heartbeat + Metrics
2026-05-21T15:54:18 [INFO] Heartbeat + Metrics
2026-05-21T15:54:27 [INFO] Heartbeat + Metrics
2026-05-21T15:54:35 [INFO] Heartbeat + Metrics
2026-05-21T15:54:44 [INFO] Heartbeat + Metrics
2026-05-21T15:54:53 [INFO] Heartbeat + Metrics
2026-05-21T15:55:01 [INFO] Heartbeat + Metrics
2026-05-21T15:55:10 [INFO] Heartbeat + Metrics
2026-05-21T15:55:18 [INFO] Heartbeat + Metrics
2026-05-21T15:55:27 [INFO] Heartbeat + Metrics
2026-05-21T15:55:36 [INFO] Heartbeat + Metrics
2026-05-21T15:55:44 [INFO] Heartbeat + Metrics
2026-05-21T15:55:53 [INFO] Heartbeat + Metrics
2026-05-21T15:56:02 [INFO] Heartbeat + Metrics
2026-05-21T15:56:10 [INFO] Heartbeat + Metrics
2026-05-21T15:56:19 [INFO] Heartbeat + Metrics
2026-05-21T15:56:27 [INFO] Heartbeat + Metrics
2026-05-21T15:56:36 [INFO] Heartbeat + Metrics
2026-05-21T15:56:45 [INFO] Heartbeat + Metrics
2026-05-21T15:56:53 [INFO] Heartbeat + Metrics
2026-05-21T15:57:02 [INFO] Heartbeat + Metrics
2026-05-21T15:57:11 [INFO] Heartbeat + Metrics
2026-05-21T15:57:19 [INFO] Heartbeat + Metrics
2026-05-21T15:57:28 [INFO] Heartbeat + Metrics
2026-05-21T15:57:36 [INFO] Heartbeat + Metrics
2026-05-21T15:57:45 [INFO] Heartbeat + Metrics
2026-05-21T15:57:54 [INFO] Heartbeat + Metrics
2026-05-21T15:58:02 [INFO] Heartbeat + Metrics
2026-05-21T15:58:11 [INFO] Heartbeat + Metrics
2026-05-21T15:58:20 [INFO] Heartbeat + Metrics
2026-05-21T15:58:28 [INFO] Heartbeat + Metrics
2026-05-21T15:58:37 [INFO] Heartbeat + Metrics
2026-05-21T15:58:47 [INFO] Heartbeat + Metrics
2026-05-21T15:58:47 [WARN] Failsafe triggered: CPU too high
2026-05-21T15:58:56 [INFO] Heartbeat + Metrics
2026-05-21T15:58:56 [WARN] Failsafe triggered: CPU too high
2026-05-21T15:59:05 [INFO] Heartbeat + Metrics
2026-05-21T15:59:05 [WARN] Failsafe triggered: CPU too high
2026-05-21T15:59:14 [INFO] Heartbeat + Metrics
2026-05-21T15:59:14 [WARN] Failsafe triggered: CPU too high
2026-05-21T15:59:23 [INFO] Heartbeat + Metrics
2026-05-21T15:59:31 [INFO] Heartbeat + Metrics
2026-05-21T15:59:40 [INFO] Heartbeat + Metrics
2026-05-21T15:59:49 [INFO] Heartbeat + Metrics
2026-05-21T15:59:57 [INFO] Heartbeat + Metrics
2026-05-21T16:00:06 [INFO] Heartbeat + Metrics
2026-05-21T16:00:15 [INFO] Heartbeat + Metrics
2026-05-21T16:00:23 [INFO] Heartbeat + Metrics
2026-05-21T16:00:32 [INFO] Heartbeat + Metrics
2026-05-21T16:00:41 [INFO] Heartbeat + Metrics
2026-05-21T16:00:49 [INFO] Heartbeat + Metrics
2026-05-21T16:00:58 [INFO] Heartbeat + Metrics
2026-05-21T16:01:06 [INFO] Heartbeat + Metrics
2026-05-21T16:01:15 [INFO] Heartbeat + Metrics
2026-05-21T16:01:23 [INFO] Heartbeat + Metrics
2026-05-21T16:01:32 [INFO] Heartbeat + Metrics
2026-05-21T16:01:40 [INFO] Heartbeat + Metrics
2026-05-21T16:01:49 [INFO] Heartbeat + Metrics
2026-05-21T16:01:58 [INFO] Heartbeat + Metrics
2026-05-21T16:02:06 [INFO] Heartbeat + Metrics
2026-05-21T16:02:15 [INFO] Heartbeat + Metrics
2026-05-21T16:02:24 [INFO] Heartbeat + Metrics
2026-05-21T16:02:32 [INFO] Heartbeat + Metrics
2026-05-21T16:02:41 [INFO] Heartbeat + Metrics
2026-05-21T16:02:50 [INFO] Heartbeat + Metrics
2026-05-21T16:02:58 [INFO] Heartbeat + Metrics
2026-05-21T16:03:07 [INFO] Heartbeat + Metrics
2026-05-21T16:03:15 [INFO] Heartbeat + Metrics
2026-05-21T16:03:24 [INFO] Heartbeat + Metrics
2026-05-21T16:03:33 [INFO] Heartbeat + Metrics
2026-05-21T16:03:41 [INFO] Heartbeat + Metrics
2026-05-21T16:03:50 [INFO] Heartbeat + Metrics
2026-05-21T16:03:59 [INFO] Heartbeat + Metrics
2026-05-21T16:04:07 [INFO] Heartbeat + Metrics
2026-05-21T16:04:16 [INFO] Heartbeat + Metrics
2026-05-21T16:04:24 [INFO] Heartbeat + Metrics
2026-05-21T16:04:33 [INFO] Heartbeat + Metrics
2026-05-21T16:04:41 [INFO] Heartbeat + Metrics
2026-05-21T16:04:50 [INFO] Heartbeat + Metrics
2026-05-21T16:04:58 [INFO] Heartbeat + Metrics
2026-05-21T16:05:07 [INFO] Heartbeat + Metrics
2026-05-21T16:05:15 [INFO] Heartbeat + Metrics
2026-05-21T16:05:24 [INFO] Heartbeat + Metrics
2026-05-21T16:05:33 [INFO] Heartbeat + Metrics
2026-05-21T16:05:41 [INFO] Heartbeat + Metrics
2026-05-21T16:05:50 [INFO] Heartbeat + Metrics
2026-05-21T16:05:58 [INFO] Heartbeat + Metrics
2026-05-21T16:06:07 [INFO] Heartbeat + Metrics
2026-05-21T16:06:16 [INFO] Heartbeat + Metrics
2026-05-21T16:06:24 [INFO] Heartbeat + Metrics
2026-05-21T16:06:33 [INFO] Heartbeat + Metrics
2026-05-21T16:06:41 [INFO] Heartbeat + Metrics
2026-05-21T16:06:50 [INFO] Heartbeat + Metrics
2026-05-21T16:06:59 [INFO] Heartbeat + Metrics
2026-05-21T16:07:07 [INFO] Heartbeat + Metrics
2026-05-21T16:07:16 [INFO] Heartbeat + Metrics
2026-05-21T16:07:24 [INFO] Heartbeat + Metrics
2026-05-21T16:07:33 [INFO] Heartbeat + Metrics
2026-05-21T16:07:42 [INFO] Heartbeat + Metrics
2026-05-21T16:07:50 [INFO] Heartbeat + Metrics
2026-05-21T16:07:59 [INFO] Heartbeat + Metrics
2026-05-21T16:08:08 [INFO] Heartbeat + Metrics
2026-05-21T16:08:16 [INFO] Heartbeat + Metrics
2026-05-21T16:08:25 [INFO] Heartbeat + Metrics
2026-05-21T16:08:33 [INFO] Heartbeat + Metrics
2026-05-21T16:08:42 [INFO] Heartbeat + Metrics
2026-05-21T16:08:51 [INFO] Heartbeat + Metrics
2026-05-21T16:08:59 [INFO] Heartbeat + Metrics
2026-05-21T16:09:08 [INFO] Heartbeat + Metrics
2026-05-21T16:09:16 [INFO] Heartbeat + Metrics
2026-05-21T16:09:25 [INFO] Heartbeat + Metrics
2026-05-21T16:09:34 [INFO] Heartbeat + Metrics
2026-05-21T16:09:42 [INFO] Heartbeat + Metrics
2026-05-21T16:09:51 [INFO] Heartbeat + Metrics
2026-05-21T16:09:59 [INFO] Heartbeat + Metrics
2026-05-21T16:10:08 [INFO] Heartbeat + Metrics
2026-05-21T16:10:17 [INFO] Heartbeat + Metrics
2026-05-21T16:10:25 [INFO] Heartbeat + Metrics
2026-05-21T16:10:34 [INFO] Heartbeat + Metrics
2026-05-21T16:10:42 [INFO] Heartbeat + Metrics
2026-05-21T16:10:51 [INFO] Heartbeat + Metrics
2026-05-21T16:11:00 [INFO] Heartbeat + Metrics
2026-05-21T16:11:08 [INFO] Heartbeat + Metrics
2026-05-21T16:11:17 [INFO] Heartbeat + Metrics
2026-05-21T16:11:25 [INFO] Heartbeat + Metrics
2026-05-21T16:11:34 [INFO] Heartbeat + Metrics
2026-05-21T16:11:43 [INFO] Heartbeat + Metrics
2026-05-21T16:11:51 [INFO] Heartbeat + Metrics
2026-05-21T16:12:00 [INFO] Heartbeat + Metrics
2026-05-21T16:12:08 [INFO] Heartbeat + Metrics
2026-05-21T16:12:17 [INFO] Heartbeat + Metrics
2026-05-21T16:12:26 [INFO] Heartbeat + Metrics
2026-05-21T16:12:34 [INFO] Heartbeat + Metrics
2026-05-21T16:12:43 [INFO] Heartbeat + Metrics
2026-05-21T16:12:52 [INFO] Heartbeat + Metrics
2026-05-21T16:13:00 [INFO] Heartbeat + Metrics
2026-05-21T16:13:09 [INFO] Heartbeat + Metrics
2026-05-21T16:13:18 [INFO] Heartbeat + Metrics
2026-05-21T16:13:26 [INFO] Heartbeat + Metrics
2026-05-21T16:13:35 [INFO] Heartbeat + Metrics
2026-05-21T16:13:44 [INFO] Heartbeat + Metrics
2026-05-21T16:13:52 [INFO] Heartbeat + Metrics
2026-05-21T16:14:01 [INFO] Heartbeat + Metrics
2026-05-21T16:14:09 [INFO] Heartbeat + Metrics
2026-05-21T16:14:18 [INFO] Heartbeat + Metrics
2026-05-21T16:14:27 [INFO] Heartbeat + Metrics
2026-05-21T16:14:35 [INFO] Heartbeat + Metrics
2026-05-21T16:14:44 [INFO] Heartbeat + Metrics
2026-05-21T16:14:53 [INFO] Heartbeat + Metrics
2026-05-21T16:15:01 [INFO] Heartbeat + Metrics
2026-05-21T16:15:10 [INFO] Heartbeat + Metrics
2026-05-21T16:15:19 [INFO] Heartbeat + Metrics
2026-05-21T16:15:27 [INFO] Heartbeat + Metrics
2026-05-21T16:15:36 [INFO] Heartbeat + Metrics
2026-05-21T16:15:45 [INFO] Heartbeat + Metrics
2026-05-21T16:15:53 [INFO] Heartbeat + Metrics
2026-05-21T16:16:02 [INFO] Heartbeat + Metrics
2026-05-21T16:16:11 [INFO] Heartbeat + Metrics
2026-05-21T16:16:19 [INFO] Heartbeat + Metrics
2026-05-21T16:16:28 [INFO] Heartbeat + Metrics
2026-05-21T16:16:36 [INFO] Heartbeat + Metrics
2026-05-21T16:16:45 [INFO] Heartbeat + Metrics
2026-05-21T16:16:54 [INFO] Heartbeat + Metrics
2026-05-21T16:17:02 [INFO] Heartbeat + Metrics
2026-05-21T16:17:11 [INFO] Heartbeat + Metrics
2026-05-21T16:17:19 [INFO] Heartbeat + Metrics
2026-05-21T16:17:28 [INFO] Heartbeat + Metrics
2026-05-21T16:17:37 [INFO] Heartbeat + Metrics
2026-05-21T16:17:45 [INFO] Heartbeat + Metrics
2026-05-21T16:17:54 [INFO] Heartbeat + Metrics
2026-05-21T16:18:02 [INFO] Heartbeat + Metrics
2026-05-21T16:18:11 [INFO] Heartbeat + Metrics
2026-05-21T16:18:20 [INFO] Heartbeat + Metrics
2026-05-21T16:18:28 [INFO] Heartbeat + Metrics
2026-05-21T16:18:37 [INFO] Heartbeat + Metrics
2026-05-21T16:18:45 [INFO] Heartbeat + Metrics
2026-05-21T16:18:54 [INFO] Heartbeat + Metrics
2026-05-21T16:19:03 [INFO] Heartbeat + Metrics
2026-05-21T16:19:11 [INFO] Heartbeat + Metrics
2026-05-21T16:19:20 [INFO] Heartbeat + Metrics
2026-05-21T16:19:28 [INFO] Heartbeat + Metrics
2026-05-21T16:19:37 [INFO] Heartbeat + Metrics
2026-05-21T16:19:46 [INFO] Heartbeat + Metrics
2026-05-21T16:19:54 [INFO] Heartbeat + Metrics
2026-05-21T16:20:03 [INFO] Heartbeat + Metrics
2026-05-21T16:20:11 [INFO] Heartbeat + Metrics
2026-05-21T16:20:20 [INFO] Heartbeat + Metrics
2026-05-21T16:20:28 [INFO] Heartbeat + Metrics
2026-05-21T16:20:37 [INFO] Heartbeat + Metrics
2026-05-21T16:20:45 [INFO] Heartbeat + Metrics
2026-05-21T16:20:54 [INFO] Heartbeat + Metrics
2026-05-21T16:21:03 [INFO] Heartbeat + Metrics
2026-05-21T16:21:11 [INFO] Heartbeat + Metrics
2026-05-21T16:21:20 [INFO] Heartbeat + Metrics
2026-05-21T16:21:29 [INFO] Heartbeat + Metrics
2026-05-21T16:21:37 [INFO] Heartbeat + Metrics
2026-05-21T16:21:46 [INFO] Heartbeat + Metrics
2026-05-21T16:21:54 [INFO] Heartbeat + Metrics
2026-05-21T16:22:03 [INFO] Heartbeat + Metrics
2026-05-21T16:22:12 [INFO] Heartbeat + Metrics
2026-05-21T16:22:20 [INFO] Heartbeat + Metrics
2026-05-21T16:22:29 [INFO] Heartbeat + Metrics
2026-05-21T16:22:38 [INFO] Heartbeat + Metrics
2026-05-21T16:22:46 [INFO] Heartbeat + Metrics
2026-05-21T16:22:55 [INFO] Heartbeat + Metrics
2026-05-21T16:23:04 [INFO] Heartbeat + Metrics
2026-05-21T16:23:12 [INFO] Heartbeat + Metrics
2026-05-21T16:23:21 [INFO] Heartbeat + Metrics
2026-05-21T16:23:29 [INFO] Heartbeat + Metrics
2026-05-21T16:23:38 [INFO] Heartbeat + Metrics
2026-05-21T16:23:47 [INFO] Heartbeat + Metrics
2026-05-21T16:23:55 [INFO] Heartbeat + Metrics
2026-05-21T16:24:04 [INFO] Heartbeat + Metrics
2026-05-21T16:24:12 [INFO] Heartbeat + Metrics
2026-05-21T16:24:21 [INFO] Heartbeat + Metrics
2026-05-21T16:24:30 [INFO] Heartbeat + Metrics
2026-05-21T16:24:38 [INFO] Heartbeat + Metrics
2026-05-21T16:24:47 [INFO] Heartbeat + Metrics
2026-05-21T16:24:55 [INFO] Heartbeat + Metrics
2026-05-21T16:25:07 [INFO] Heartbeat + Metrics
2026-05-21T16:25:16 [INFO] Heartbeat + Metrics
2026-05-21T16:25:16 [WARN] Failsafe triggered: CPU too high
2026-05-21T16:25:25 [INFO] Heartbeat + Metrics
2026-05-21T16:25:25 [WARN] Failsafe triggered: CPU too high
2026-05-21T16:25:35 [INFO] Heartbeat + Metrics
2026-05-21T16:25:46 [INFO] Heartbeat + Metrics
2026-05-21T16:25:47 [WARN] Failsafe triggered: CPU too high
2026-05-21T16:25:47 [WARN] Failsafe triggered: RAM too low
2026-05-21T16:25:58 [INFO] Heartbeat + Metrics
2026-05-21T16:25:58 [WARN] Failsafe triggered: CPU too high
2026-05-21T16:26:08 [INFO] Heartbeat + Metrics
2026-05-21T16:26:08 [WARN] Failsafe triggered: CPU too high
2026-05-21T16:26:16 [INFO] Heartbeat + Metrics
2026-05-21T16:26:25 [INFO] Heartbeat + Metrics
2026-05-21T16:26:34 [INFO] Heartbeat + Metrics
2026-05-21T16:26:43 [INFO] Heartbeat + Metrics
2026-05-21T16:26:51 [INFO] Heartbeat + Metrics
2026-05-21T16:27:00 [INFO] Heartbeat + Metrics
2026-05-21T16:27:09 [INFO] Heartbeat + Metrics
2026-05-21T16:27:17 [INFO] Heartbeat + Metrics
2026-05-21T16:27:26 [INFO] Heartbeat + Metrics
2026-05-21T16:27:35 [INFO] Heartbeat + Metrics
2026-05-21T16:27:44 [INFO] Heartbeat + Metrics
2026-05-21T16:27:52 [INFO] Heartbeat + Metrics
2026-05-21T16:28:01 [INFO] Heartbeat + Metrics
2026-05-21T16:28:10 [INFO] Heartbeat + Metrics
2026-05-21T16:28:18 [INFO] Heartbeat + Metrics
2026-05-21T16:28:27 [INFO] Heartbeat + Metrics
2026-05-21T16:28:35 [INFO] Heartbeat + Metrics
2026-05-21T16:28:44 [INFO] Heartbeat + Metrics
2026-05-21T16:28:53 [INFO] Heartbeat + Metrics
2026-05-21T16:29:01 [INFO] Heartbeat + Metrics
2026-05-21T16:29:10 [INFO] Heartbeat + Metrics
2026-05-21T16:29:19 [INFO] Heartbeat + Metrics
2026-05-21T16:29:28 [INFO] Heartbeat + Metrics
2026-05-21T16:29:36 [INFO] Heartbeat + Metrics
2026-05-21T16:29:46 [INFO] Heartbeat + Metrics
2026-05-21T16:29:54 [INFO] Heartbeat + Metrics
2026-05-21T16:30:03 [INFO] Heartbeat + Metrics
2026-05-21T16:30:12 [INFO] Heartbeat + Metrics
2026-05-21T16:30:21 [INFO] Heartbeat + Metrics
2026-05-21T16:30:30 [INFO] Heartbeat + Metrics
2026-05-21T16:30:39 [INFO] Heartbeat + Metrics
2026-05-21T16:30:47 [INFO] Heartbeat + Metrics
2026-05-21T16:30:56 [INFO] Heartbeat + Metrics
2026-05-21T16:31:05 [INFO] Heartbeat + Metrics
2026-05-21T16:31:14 [INFO] Heartbeat + Metrics
2026-05-21T16:31:14 [WARN] Failsafe triggered: CPU too high
2026-05-21T16:31:23 [INFO] Heartbeat + Metrics
2026-05-21T16:31:32 [INFO] Heartbeat + Metrics
2026-05-21T16:31:41 [INFO] Heartbeat + Metrics
2026-05-21T16:31:49 [INFO] Heartbeat + Metrics
2026-05-21T16:31:58 [INFO] Heartbeat + Metrics
2026-05-21T16:32:09 [INFO] Heartbeat + Metrics
2026-05-21T16:32:18 [INFO] Heartbeat + Metrics
2026-05-21T16:32:26 [INFO] Heartbeat + Metrics
2026-05-21T16:32:35 [INFO] Heartbeat + Metrics
2026-05-21T16:32:45 [INFO] Heartbeat + Metrics
2026-05-21T16:32:54 [INFO] Heartbeat + Metrics
2026-05-21T16:33:11 [INFO] Heartbeat + Metrics
2026-05-21T16:33:20 [INFO] Heartbeat + Metrics
2026-05-21T16:33:20 [WARN] Failsafe triggered: CPU too high
2026-05-21T16:33:29 [INFO] Heartbeat + Metrics
2026-05-21T16:33:39 [INFO] Heartbeat + Metrics
2026-05-21T16:33:48 [INFO] Heartbeat + Metrics
2026-05-21T16:33:57 [INFO] Heartbeat + Metrics
2026-05-21T16:34:06 [INFO] Heartbeat + Metrics
2026-05-21T16:34:06 [WARN] Failsafe triggered: CPU too high
2026-05-21T16:34:15 [INFO] Heartbeat + Metrics
2026-05-21T16:34:24 [INFO] Heartbeat + Metrics
2026-05-21T16:34:32 [INFO] Heartbeat + Metrics
2026-05-21T16:34:41 [INFO] Heartbeat + Metrics
2026-05-21T16:34:50 [INFO] Heartbeat + Metrics
2026-05-21T16:34:58 [INFO] Heartbeat + Metrics
2026-05-21T16:35:07 [INFO] Heartbeat + Metrics
2026-05-21T16:35:07 [WARN] Failsafe triggered: CPU too high
2026-05-21T16:35:16 [INFO] Heartbeat + Metrics
2026-05-21T16:35:25 [INFO] Heartbeat + Metrics
2026-05-21T16:35:33 [INFO] Heartbeat + Metrics
2026-05-21T16:35:42 [INFO] Heartbeat + Metrics
2026-05-21T16:35:51 [INFO] Heartbeat + Metrics
2026-05-21T16:35:51 [WARN] Failsafe triggered: CPU too high
2026-05-21T16:36:01 [INFO] Heartbeat + Metrics
2026-05-21T16:36:10 [INFO] Heartbeat + Metrics
2026-05-21T16:36:10 [WARN] Failsafe triggered: CPU too high
2026-05-21T16:36:20 [INFO] Heartbeat + Metrics
2026-05-21T16:36:20 [WARN] Failsafe triggered: CPU too high
2026-05-21T16:36:30 [INFO] Heartbeat + Metrics
2026-05-21T16:36:30 [WARN] Failsafe triggered: CPU too high
2026-05-21T16:36:39 [INFO] Heartbeat + Metrics
2026-05-21T16:36:39 [WARN] Failsafe triggered: CPU too high
2026-05-21T16:36:47 [INFO] Heartbeat + Metrics
2026-05-21T16:36:56 [INFO] Heartbeat + Metrics
2026-05-21T16:37:05 [INFO] Heartbeat + Metrics
2026-05-21T16:37:14 [INFO] Heartbeat + Metrics
2026-05-21T16:37:23 [INFO] Heartbeat + Metrics
2026-05-21T16:37:32 [INFO] Heartbeat + Metrics
2026-05-21T16:37:33 [WARN] Failsafe triggered: RAM too low
2026-05-21T16:37:41 [INFO] Heartbeat + Metrics
2026-05-21T16:37:50 [INFO] Heartbeat + Metrics
2026-05-21T16:37:59 [INFO] Heartbeat + Metrics
2026-05-21T16:38:08 [INFO] Heartbeat + Metrics
2026-05-21T16:38:17 [INFO] Heartbeat + Metrics
2026-05-21T16:38:25 [INFO] Heartbeat + Metrics
2026-05-21T16:38:34 [INFO] Heartbeat + Metrics
2026-05-21T16:38:43 [INFO] Heartbeat + Metrics
2026-05-21T16:38:51 [INFO] Heartbeat + Metrics
2026-05-21T16:39:00 [INFO] Heartbeat + Metrics
2026-05-21T16:39:08 [INFO] Heartbeat + Metrics
2026-05-21T16:39:17 [INFO] Heartbeat + Metrics
2026-05-21T16:39:26 [INFO] Heartbeat + Metrics
2026-05-21T16:39:35 [INFO] Heartbeat + Metrics
2026-05-21T16:39:43 [INFO] Heartbeat + Metrics
2026-05-21T16:39:52 [INFO] Heartbeat + Metrics
2026-05-21T16:40:01 [INFO] Heartbeat + Metrics
2026-05-21T16:40:10 [INFO] Heartbeat + Metrics
2026-05-21T16:40:18 [INFO] Heartbeat + Metrics
2026-05-21T16:40:27 [INFO] Heartbeat + Metrics
2026-05-21T16:40:36 [INFO] Heartbeat + Metrics
2026-05-21T16:40:45 [INFO] Heartbeat + Metrics
2026-05-21T16:40:53 [INFO] Heartbeat + Metrics
2026-05-21T16:41:02 [INFO] Heartbeat + Metrics
2026-05-21T16:41:11 [INFO] Heartbeat + Metrics
2026-05-21T16:41:19 [INFO] Heartbeat + Metrics
2026-05-21T16:41:28 [INFO] Heartbeat + Metrics
2026-05-21T16:41:37 [INFO] Heartbeat + Metrics
2026-05-21T16:41:45 [INFO] Heartbeat + Metrics
2026-05-21T16:41:54 [INFO] Heartbeat + Metrics
2026-05-21T16:42:02 [INFO] Heartbeat + Metrics
2026-05-21T16:42:11 [INFO] Heartbeat + Metrics
2026-05-21T16:42:20 [INFO] Heartbeat + Metrics
2026-05-21T16:42:28 [INFO] Heartbeat + Metrics
2026-05-21T16:42:37 [INFO] Heartbeat + Metrics
2026-05-21T16:42:46 [INFO] Heartbeat + Metrics
2026-05-21T16:42:54 [INFO] Heartbeat + Metrics
2026-05-21T16:43:03 [INFO] Heartbeat + Metrics
2026-05-21T16:43:11 [INFO] Heartbeat + Metrics
2026-05-21T16:43:20 [INFO] Heartbeat + Metrics
2026-05-21T16:43:29 [INFO] Heartbeat + Metrics
2026-05-21T16:43:37 [INFO] Heartbeat + Metrics
2026-05-21T16:43:46 [INFO] Heartbeat + Metrics
2026-05-21T16:43:54 [INFO] Heartbeat + Metrics
2026-05-21T16:44:03 [INFO] Heartbeat + Metrics
2026-05-21T16:44:12 [INFO] Heartbeat + Metrics
2026-05-21T16:44:20 [INFO] Heartbeat + Metrics
2026-05-21T16:44:29 [INFO] Heartbeat + Metrics
2026-05-21T16:44:38 [INFO] Heartbeat + Metrics
2026-05-21T16:44:46 [INFO] Heartbeat + Metrics
2026-05-21T16:44:55 [INFO] Heartbeat + Metrics
2026-05-21T16:45:04 [INFO] Heartbeat + Metrics
2026-05-21T16:45:13 [INFO] Heartbeat + Metrics
2026-05-21T16:45:21 [INFO] Heartbeat + Metrics
2026-05-21T16:45:30 [INFO] Heartbeat + Metrics
2026-05-21T16:45:38 [INFO] Heartbeat + Metrics
2026-05-21T16:45:47 [INFO] Heartbeat + Metrics
2026-05-21T16:45:55 [INFO] Heartbeat + Metrics
2026-05-21T16:46:04 [INFO] Heartbeat + Metrics
2026-05-21T16:46:13 [INFO] Heartbeat + Metrics
2026-05-21T16:46:21 [INFO] Heartbeat + Metrics
2026-05-21T16:46:30 [INFO] Heartbeat + Metrics
2026-05-21T16:46:38 [INFO] Heartbeat + Metrics
2026-05-21T16:46:47 [INFO] Heartbeat + Metrics
2026-05-21T16:46:55 [INFO] Heartbeat + Metrics
2026-05-21T16:47:04 [INFO] Heartbeat + Metrics
2026-05-21T16:47:13 [INFO] Heartbeat + Metrics
2026-05-21T16:47:21 [INFO] Heartbeat + Metrics
2026-05-21T16:47:30 [INFO] Heartbeat + Metrics
2026-05-21T16:47:38 [INFO] Heartbeat + Metrics
2026-05-21T16:47:47 [INFO] Heartbeat + Metrics
2026-05-21T16:47:56 [INFO] Heartbeat + Metrics
2026-05-21T16:48:04 [INFO] Heartbeat + Metrics
2026-05-21T16:48:13 [INFO] Heartbeat + Metrics
2026-05-21T16:48:21 [INFO] Heartbeat + Metrics
2026-05-21T16:48:30 [INFO] Heartbeat + Metrics
2026-05-21T16:48:39 [INFO] Heartbeat + Metrics
2026-05-21T16:48:47 [INFO] Heartbeat + Metrics
2026-05-21T16:48:56 [INFO] Heartbeat + Metrics
2026-05-21T16:49:05 [INFO] Heartbeat + Metrics
2026-05-21T16:49:14 [INFO] Heartbeat + Metrics
2026-05-21T16:49:22 [INFO] Heartbeat + Metrics
2026-05-21T16:49:31 [INFO] Heartbeat + Metrics
2026-05-21T16:49:39 [INFO] Heartbeat + Metrics
2026-05-21T16:49:48 [INFO] Heartbeat + Metrics
2026-05-21T16:49:57 [INFO] Heartbeat + Metrics
2026-05-21T16:50:05 [INFO] Heartbeat + Metrics
2026-05-21T16:50:14 [INFO] Heartbeat + Metrics
2026-05-21T16:50:22 [INFO] Heartbeat + Metrics
2026-05-21T16:50:31 [INFO] Heartbeat + Metrics
2026-05-21T16:50:39 [INFO] Heartbeat + Metrics
2026-05-21T16:50:48 [INFO] Heartbeat + Metrics
2026-05-21T16:50:57 [INFO] Heartbeat + Metrics
2026-05-21T16:51:05 [INFO] Heartbeat + Metrics
2026-05-21T16:51:14 [INFO] Heartbeat + Metrics
2026-05-21T16:51:22 [INFO] Heartbeat + Metrics
2026-05-21T16:51:31 [INFO] Heartbeat + Metrics
2026-05-21T16:51:40 [INFO] Heartbeat + Metrics
2026-05-21T16:51:48 [INFO] Heartbeat + Metrics
2026-05-21T16:51:57 [INFO] Heartbeat + Metrics
2026-05-21T16:52:05 [INFO] Heartbeat + Metrics
2026-05-21T16:52:14 [INFO] Heartbeat + Metrics
2026-05-21T16:52:22 [INFO] Heartbeat + Metrics
2026-05-21T16:52:31 [INFO] Heartbeat + Metrics
2026-05-21T16:52:40 [INFO] Heartbeat + Metrics
2026-05-21T16:52:48 [INFO] Heartbeat + Metrics
2026-05-21T16:52:57 [INFO] Heartbeat + Metrics
2026-05-21T16:53:05 [INFO] Heartbeat + Metrics
2026-05-21T16:53:14 [INFO] Heartbeat + Metrics
2026-05-21T16:53:22 [INFO] Heartbeat + Metrics
2026-05-21T16:53:31 [INFO] Heartbeat + Metrics
2026-05-21T16:53:39 [INFO] Heartbeat + Metrics
2026-05-21T16:53:48 [INFO] Heartbeat + Metrics
2026-05-21T16:53:57 [INFO] Heartbeat + Metrics
2026-05-21T16:54:05 [INFO] Heartbeat + Metrics
2026-05-21T16:54:14 [INFO] Heartbeat + Metrics
2026-05-21T16:54:22 [INFO] Heartbeat + Metrics
2026-05-21T16:54:31 [INFO] Heartbeat + Metrics
2026-05-21T16:54:40 [INFO] Heartbeat + Metrics
2026-05-21T16:54:48 [INFO] Heartbeat + Metrics
2026-05-21T16:54:57 [INFO] Heartbeat + Metrics
2026-05-21T16:55:05 [INFO] Heartbeat + Metrics
2026-05-21T16:55:14 [INFO] Heartbeat + Metrics
2026-05-21T16:55:14 [WARN] Failsafe triggered: CPU too high
2026-05-21T16:55:23 [INFO] Heartbeat + Metrics
2026-05-21T16:55:31 [INFO] Heartbeat + Metrics
2026-05-21T16:55:40 [INFO] Heartbeat + Metrics
2026-05-21T16:55:49 [INFO] Heartbeat + Metrics
2026-05-21T16:55:57 [INFO] Heartbeat + Metrics
2026-05-21T16:56:06 [INFO] Heartbeat + Metrics
2026-05-21T16:56:15 [INFO] Heartbeat + Metrics
2026-05-21T16:56:23 [INFO] Heartbeat + Metrics
2026-05-21T16:56:32 [INFO] Heartbeat + Metrics
2026-05-21T16:56:40 [INFO] Heartbeat + Metrics
2026-05-21T16:56:49 [INFO] Heartbeat + Metrics
2026-05-21T16:56:51 [WARN] Desired process no longer exists (PID 5620)
2026-05-21T16:56:51 [WARN] Desired process no longer exists (PID 3344)
2026-05-21T16:57:00 [INFO] Heartbeat + Metrics
2026-05-21T16:57:00 [WARN] Failsafe triggered: CPU too high
2026-05-21T16:57:09 [INFO] Heartbeat + Metrics
2026-05-21T16:57:09 [WARN] Desired process no longer exists (PID 5620)
2026-05-21T16:57:09 [WARN] Desired process no longer exists (PID 3344)
2026-05-21T16:57:18 [INFO] Heartbeat + Metrics
2026-05-21T16:57:18 [WARN] Desired process no longer exists (PID 5620)
2026-05-21T16:57:18 [WARN] Desired process no longer exists (PID 3344)
2026-05-21T16:57:27 [INFO] Heartbeat + Metrics
2026-05-21T16:57:27 [WARN] Desired process no longer exists (PID 5620)
2026-05-21T16:57:27 [WARN] Desired process no longer exists (PID 3344)
2026-05-21T16:57:36 [INFO] Heartbeat + Metrics
2026-05-21T16:57:36 [WARN] Desired process no longer exists (PID 5620)
2026-05-21T16:57:36 [WARN] Desired process no longer exists (PID 3344)
2026-05-21T16:57:44 [INFO] Heartbeat + Metrics
2026-05-21T16:57:44 [WARN] Desired process no longer exists (PID 5620)
2026-05-21T16:57:44 [WARN] Desired process no longer exists (PID 3344)
2026-05-21T16:57:53 [INFO] Heartbeat + Metrics
2026-05-21T16:57:53 [WARN] Failsafe triggered: CPU too high
2026-05-21T16:58:02 [INFO] Heartbeat + Metrics
2026-05-21T16:58:02 [WARN] Desired process no longer exists (PID 5620)
2026-05-21T16:58:03 [WARN] Desired process no longer exists (PID 3344)
2026-05-21T16:58:11 [INFO] Heartbeat + Metrics
2026-05-21T16:58:11 [WARN] Desired process no longer exists (PID 5620)
2026-05-21T16:58:11 [WARN] Desired process no longer exists (PID 3344)
2026-05-21T16:58:20 [INFO] Heartbeat + Metrics
2026-05-21T16:58:20 [WARN] Desired process no longer exists (PID 5620)
2026-05-21T16:58:20 [WARN] Desired process no longer exists (PID 3344)
2026-05-21T16:58:29 [INFO] Heartbeat + Metrics
2026-05-21T16:58:29 [WARN] Desired process no longer exists (PID 5620)
2026-05-21T16:58:29 [WARN] Desired process no longer exists (PID 3344)
2026-05-21T16:58:38 [INFO] Heartbeat + Metrics
2026-05-21T16:58:39 [WARN] Failsafe triggered: CPU too high
2026-05-21T16:58:50 [INFO] Heartbeat + Metrics
2026-05-21T16:58:59 [INFO] Heartbeat + Metrics
2026-05-21T16:59:08 [INFO] Heartbeat + Metrics
2026-05-21T16:59:08 [WARN] Failsafe triggered: CPU too high
2026-05-21T16:59:17 [INFO] Heartbeat + Metrics
2026-05-21T16:59:26 [INFO] Heartbeat + Metrics
2026-05-21T16:59:34 [INFO] Heartbeat + Metrics
2026-05-21T16:59:43 [INFO] Heartbeat + Metrics
2026-05-21T16:59:52 [INFO] Heartbeat + Metrics
2026-05-21T17:00:00 [INFO] Heartbeat + Metrics
2026-05-21T17:00:09 [INFO] Heartbeat + Metrics
2026-05-21T17:00:09 [WARN] Desired process no longer exists (PID 5620)
2026-05-21T17:00:09 [WARN] Desired process no longer exists (PID 3344)
2026-05-21T17:00:18 [INFO] Heartbeat + Metrics
2026-05-21T17:00:27 [INFO] Heartbeat + Metrics
2026-05-21T17:00:27 [WARN] Desired process no longer exists (PID 5620)
2026-05-21T17:00:27 [WARN] Desired process no longer exists (PID 3344)
2026-05-21T17:00:35 [INFO] Heartbeat + Metrics
2026-05-21T17:00:35 [WARN] Desired process no longer exists (PID 5620)
2026-05-21T17:00:36 [WARN] Desired process no longer exists (PID 3344)
2026-05-21T17:00:44 [INFO] Heartbeat + Metrics
2026-05-21T17:00:44 [WARN] Desired process no longer exists (PID 5620)
2026-05-21T17:00:44 [WARN] Desired process no longer exists (PID 3344)
2026-05-21T17:00:53 [INFO] Heartbeat + Metrics
2026-05-21T17:00:53 [WARN] Desired process no longer exists (PID 5620)
2026-05-21T17:00:53 [WARN] Desired process no longer exists (PID 3344)
2026-05-21T17:01:01 [INFO] Heartbeat + Metrics
2026-05-21T17:01:01 [WARN] Desired process no longer exists (PID 5620)
2026-05-21T17:01:01 [WARN] Desired process no longer exists (PID 3344)
2026-05-21T17:01:10 [INFO] Heartbeat + Metrics
2026-05-21T17:01:10 [WARN] Desired process no longer exists (PID 5620)
2026-05-21T17:01:10 [WARN] Desired process no longer exists (PID 3344)
2026-05-21T17:01:19 [INFO] Heartbeat + Metrics
2026-05-21T17:01:19 [WARN] Desired process no longer exists (PID 5620)
2026-05-21T17:01:19 [WARN] Desired process no longer exists (PID 3344)
2026-05-21T17:01:28 [INFO] Heartbeat + Metrics
2026-05-21T17:01:28 [WARN] Desired process no longer exists (PID 5620)
2026-05-21T17:01:28 [WARN] Desired process no longer exists (PID 3344)
2026-05-21T17:01:36 [INFO] Heartbeat + Metrics
2026-05-21T17:01:36 [WARN] Desired process no longer exists (PID 5620)
2026-05-21T17:01:36 [WARN] Desired process no longer exists (PID 3344)
2026-05-21T17:01:45 [INFO] Heartbeat + Metrics
2026-05-21T17:01:45 [WARN] Desired process no longer exists (PID 5620)
2026-05-21T17:01:45 [WARN] Desired process no longer exists (PID 3344)
2026-05-21T17:01:54 [INFO] Heartbeat + Metrics
2026-05-21T17:01:54 [WARN] Desired process no longer exists (PID 5620)
2026-05-21T17:01:54 [WARN] Desired process no longer exists (PID 3344)
2026-05-21T17:02:03 [INFO] Heartbeat + Metrics
2026-05-21T17:02:03 [WARN] Desired process no longer exists (PID 5620)
2026-05-21T17:02:03 [WARN] Desired process no longer exists (PID 3344)
2026-05-21T17:02:11 [INFO] Heartbeat + Metrics
2026-05-21T17:02:12 [WARN] Desired process no longer exists (PID 5620)
2026-05-21T17:02:12 [WARN] Desired process no longer exists (PID 3344)
2026-05-21T17:02:20 [INFO] Heartbeat + Metrics
2026-05-21T17:02:20 [WARN] Desired process no longer exists (PID 5620)
2026-05-21T17:02:20 [WARN] Desired process no longer exists (PID 3344)
2026-05-21T17:02:29 [INFO] Heartbeat + Metrics
2026-05-21T17:02:29 [WARN] Desired process no longer exists (PID 5620)
2026-05-21T17:02:29 [WARN] Desired process no longer exists (PID 3344)
2026-05-21T17:02:38 [INFO] Heartbeat + Metrics
2026-05-21T17:02:38 [WARN] Desired process no longer exists (PID 5620)
2026-05-21T17:02:38 [WARN] Desired process no longer exists (PID 3344)
2026-05-21T17:02:47 [INFO] Heartbeat + Metrics
2026-05-21T17:02:47 [WARN] Desired process no longer exists (PID 5620)
2026-05-21T17:02:47 [WARN] Desired process no longer exists (PID 3344)
2026-05-21T17:02:56 [INFO] Heartbeat + Metrics
2026-05-21T17:02:56 [WARN] Desired process no longer exists (PID 5620)
2026-05-21T17:02:56 [WARN] Desired process no longer exists (PID 3344)
2026-05-21T17:03:04 [INFO] Heartbeat + Metrics
2026-05-21T17:03:04 [WARN] Desired process no longer exists (PID 5620)
2026-05-21T17:03:04 [WARN] Desired process no longer exists (PID 3344)
2026-05-21T17:03:13 [INFO] Heartbeat + Metrics
2026-05-21T17:03:22 [INFO] Heartbeat + Metrics
2026-05-21T17:03:22 [WARN] Desired process no longer exists (PID 5620)
2026-05-21T17:03:22 [WARN] Desired process no longer exists (PID 3344)
2026-05-21T17:03:31 [INFO] Heartbeat + Metrics
2026-05-21T17:03:31 [WARN] Desired process no longer exists (PID 5620)
2026-05-21T17:03:31 [WARN] Desired process no longer exists (PID 3344)
2026-05-21T17:03:40 [INFO] Heartbeat + Metrics
2026-05-21T17:03:40 [WARN] Desired process no longer exists (PID 5620)
2026-05-21T17:03:40 [WARN] Desired process no longer exists (PID 3344)
2026-05-21T17:03:49 [INFO] Heartbeat + Metrics
2026-05-21T17:03:49 [WARN] Desired process no longer exists (PID 5620)
2026-05-21T17:03:49 [WARN] Desired process no longer exists (PID 3344)
2026-05-21T17:03:58 [INFO] Heartbeat + Metrics
2026-05-21T17:03:58 [WARN] Desired process no longer exists (PID 5620)
2026-05-21T17:03:58 [WARN] Desired process no longer exists (PID 3344)
2026-05-21T17:04:07 [INFO] Heartbeat + Metrics
2026-05-21T17:04:07 [WARN] Desired process no longer exists (PID 5620)
2026-05-21T17:04:07 [WARN] Desired process no longer exists (PID 3344)
2026-05-21T17:04:16 [INFO] Heartbeat + Metrics
2026-05-21T17:04:16 [WARN] Desired process no longer exists (PID 5620)
2026-05-21T17:04:16 [WARN] Desired process no longer exists (PID 3344)
2026-05-21T17:04:24 [INFO] Heartbeat + Metrics
2026-05-21T17:04:24 [WARN] Desired process no longer exists (PID 5620)
2026-05-21T17:04:24 [WARN] Desired process no longer exists (PID 3344)
2026-05-21T17:04:33 [INFO] Heartbeat + Metrics
2026-05-21T17:04:33 [WARN] Desired process no longer exists (PID 5620)
2026-05-21T17:04:33 [WARN] Desired process no longer exists (PID 3344)
2026-05-21T17:04:42 [INFO] Heartbeat + Metrics
2026-05-21T17:04:42 [WARN] Desired process no longer exists (PID 5620)
2026-05-21T17:04:42 [WARN] Desired process no longer exists (PID 3344)
2026-05-21T17:04:51 [INFO] Heartbeat + Metrics
2026-05-21T17:04:51 [WARN] Desired process no longer exists (PID 5620)
2026-05-21T17:04:51 [WARN] Desired process no longer exists (PID 3344)
2026-05-21T17:05:00 [INFO] Heartbeat + Metrics
2026-05-21T17:05:00 [WARN] Desired process no longer exists (PID 5620)
2026-05-21T17:05:00 [WARN] Desired process no longer exists (PID 3344)
2026-05-21T17:05:09 [INFO] Heartbeat + Metrics
2026-05-21T17:05:09 [WARN] Desired process no longer exists (PID 5620)
2026-05-21T17:05:09 [WARN] Desired process no longer exists (PID 3344)
2026-05-21T17:05:18 [INFO] Heartbeat + Metrics
2026-05-21T17:05:18 [WARN] Desired process no longer exists (PID 5620)
2026-05-21T17:05:18 [WARN] Desired process no longer exists (PID 3344)
2026-05-21T17:05:26 [INFO] Heartbeat + Metrics
2026-05-21T17:05:26 [WARN] Desired process no longer exists (PID 5620)
2026-05-21T17:05:26 [WARN] Desired process no longer exists (PID 3344)
2026-05-21T17:05:35 [INFO] Heartbeat + Metrics
2026-05-21T17:05:35 [WARN] Desired process no longer exists (PID 5620)
2026-05-21T17:05:35 [WARN] Desired process no longer exists (PID 3344)
2026-05-21T17:05:44 [INFO] Heartbeat + Metrics
2026-05-21T17:05:44 [WARN] Desired process no longer exists (PID 5620)
2026-05-21T17:05:44 [WARN] Desired process no longer exists (PID 3344)
2026-05-21T17:05:53 [INFO] Heartbeat + Metrics
2026-05-21T17:06:02 [INFO] Heartbeat + Metrics
2026-05-21T17:06:11 [INFO] Heartbeat + Metrics
2026-05-21T17:06:20 [INFO] Heartbeat + Metrics
2026-05-21T17:06:28 [INFO] Heartbeat + Metrics
2026-05-21T17:06:37 [INFO] Heartbeat + Metrics
2026-05-21T17:06:45 [INFO] Heartbeat + Metrics
2026-05-21T17:06:54 [INFO] Heartbeat + Metrics
2026-05-21T17:07:03 [INFO] Heartbeat + Metrics
2026-05-21T17:07:12 [INFO] Heartbeat + Metrics
2026-05-21T17:07:20 [INFO] Heartbeat + Metrics
2026-05-21T17:07:29 [INFO] Heartbeat + Metrics
2026-05-21T17:07:37 [INFO] Heartbeat + Metrics
2026-05-21T17:07:46 [INFO] Heartbeat + Metrics
2026-05-21T17:07:55 [INFO] Heartbeat + Metrics
2026-05-21T17:08:04 [INFO] Heartbeat + Metrics
2026-05-21T17:08:13 [INFO] Heartbeat + Metrics
2026-05-21T17:08:21 [INFO] Heartbeat + Metrics
2026-05-21T17:08:30 [INFO] Heartbeat + Metrics
2026-05-21T17:08:38 [INFO] Heartbeat + Metrics
2026-05-21T17:08:47 [INFO] Heartbeat + Metrics
2026-05-21T17:08:56 [INFO] Heartbeat + Metrics
2026-05-21T17:09:04 [INFO] Heartbeat + Metrics
2026-05-21T17:09:13 [INFO] Heartbeat + Metrics
2026-05-21T17:09:22 [INFO] Heartbeat + Metrics
2026-05-21T17:09:30 [INFO] Heartbeat + Metrics
2026-05-21T17:09:39 [INFO] Heartbeat + Metrics
2026-05-21T17:09:48 [INFO] Heartbeat + Metrics
2026-05-21T17:09:57 [INFO] Heartbeat + Metrics
2026-05-21T17:10:05 [INFO] Heartbeat + Metrics
2026-05-21T17:10:14 [INFO] Heartbeat + Metrics
2026-05-21T17:10:22 [INFO] Heartbeat + Metrics
2026-05-21T17:10:31 [INFO] Heartbeat + Metrics
2026-05-21T17:10:39 [INFO] Heartbeat + Metrics
2026-05-21T17:10:48 [INFO] Heartbeat + Metrics
2026-05-21T17:10:57 [INFO] Heartbeat + Metrics
2026-05-21T17:11:05 [INFO] Heartbeat + Metrics
2026-05-21T17:11:14 [INFO] Heartbeat + Metrics
2026-05-21T17:11:23 [INFO] Heartbeat + Metrics
2026-05-21T17:11:31 [INFO] Heartbeat + Metrics
2026-05-21T17:11:40 [INFO] Heartbeat + Metrics
2026-05-21T17:11:49 [INFO] Heartbeat + Metrics
2026-05-21T17:11:57 [INFO] Heartbeat + Metrics
2026-05-21T17:12:07 [INFO] Heartbeat + Metrics
2026-05-21T17:12:16 [INFO] Heartbeat + Metrics
2026-05-21T17:12:24 [INFO] Heartbeat + Metrics
2026-05-21T17:12:33 [INFO] Heartbeat + Metrics
2026-05-21T17:12:41 [INFO] Heartbeat + Metrics
2026-05-21T17:12:50 [INFO] Heartbeat + Metrics
2026-05-21T17:12:59 [INFO] Heartbeat + Metrics
2026-05-21T17:13:07 [INFO] Heartbeat + Metrics
2026-05-21T17:13:07 [WARN] Failsafe triggered: CPU too high
2026-05-21T17:13:16 [INFO] Heartbeat + Metrics
2026-05-21T17:13:25 [INFO] Heartbeat + Metrics
2026-05-21T17:13:33 [INFO] Heartbeat + Metrics
2026-05-21T17:13:42 [INFO] Heartbeat + Metrics
2026-05-21T17:13:51 [INFO] Heartbeat + Metrics
2026-05-21T17:14:00 [INFO] Heartbeat + Metrics
2026-05-21T17:14:00 [WARN] Failsafe triggered: CPU too high
2026-05-21T17:14:09 [INFO] Heartbeat + Metrics
2026-05-21T17:14:17 [INFO] Heartbeat + Metrics
2026-05-21T17:14:26 [INFO] Heartbeat + Metrics
2026-05-21T17:14:35 [INFO] Heartbeat + Metrics
2026-05-21T17:14:43 [INFO] Heartbeat + Metrics
2026-05-21T17:14:52 [INFO] Heartbeat + Metrics
2026-05-21T17:15:00 [INFO] Heartbeat + Metrics
2026-05-21T17:15:09 [INFO] Heartbeat + Metrics
2026-05-21T17:15:18 [INFO] Heartbeat + Metrics
2026-05-21T17:15:26 [INFO] Heartbeat + Metrics
2026-05-21T17:15:35 [INFO] Heartbeat + Metrics
2026-05-21T17:15:45 [INFO] Heartbeat + Metrics
2026-05-21T17:15:56 [INFO] Heartbeat + Metrics
2026-05-21T17:15:56 [WARN] Failsafe triggered: CPU too high
2026-05-21T17:16:04 [INFO] Heartbeat + Metrics
2026-05-21T17:16:13 [INFO] Heartbeat + Metrics
2026-05-21T17:16:22 [INFO] Heartbeat + Metrics
2026-05-21T17:16:30 [INFO] Heartbeat + Metrics
2026-05-21T17:16:39 [INFO] Heartbeat + Metrics
2026-05-21T17:16:48 [INFO] Heartbeat + Metrics
2026-05-21T17:16:56 [INFO] Heartbeat + Metrics
2026-05-21T17:17:06 [INFO] Heartbeat + Metrics
2026-05-21T17:17:06 [WARN] Failsafe triggered: CPU too high
2026-05-21T17:17:14 [INFO] Heartbeat + Metrics
2026-05-21T17:17:23 [INFO] Heartbeat + Metrics
2026-05-21T17:17:32 [INFO] Heartbeat + Metrics
2026-05-21T17:17:40 [INFO] Heartbeat + Metrics
2026-05-21T17:17:49 [INFO] Heartbeat + Metrics
2026-05-21T17:17:57 [INFO] Heartbeat + Metrics
2026-05-21T17:18:06 [INFO] Heartbeat + Metrics
2026-05-21T17:18:14 [INFO] Heartbeat + Metrics
2026-05-21T17:18:23 [INFO] Heartbeat + Metrics
2026-05-21T17:18:32 [INFO] Heartbeat + Metrics
2026-05-21T17:18:40 [INFO] Heartbeat + Metrics
2026-05-21T17:18:49 [INFO] Heartbeat + Metrics
2026-05-21T17:18:58 [INFO] Heartbeat + Metrics
2026-05-21T17:19:07 [INFO] Heartbeat + Metrics
2026-05-21T17:19:15 [INFO] Heartbeat + Metrics
2026-05-21T17:19:24 [INFO] Heartbeat + Metrics
2026-05-21T17:19:34 [INFO] Heartbeat + Metrics
2026-05-21T17:19:43 [INFO] Heartbeat + Metrics
2026-05-21T17:19:51 [INFO] Heartbeat + Metrics
2026-05-21T17:20:00 [INFO] Heartbeat + Metrics
2026-05-21T17:20:09 [INFO] Heartbeat + Metrics
2026-05-21T17:20:17 [INFO] Heartbeat + Metrics
2026-05-21T17:20:26 [INFO] Heartbeat + Metrics
2026-05-21T17:20:34 [INFO] Heartbeat + Metrics
2026-05-21T17:20:43 [INFO] Heartbeat + Metrics
2026-05-21T17:20:52 [INFO] Heartbeat + Metrics
2026-05-21T17:21:00 [INFO] Heartbeat + Metrics
2026-05-21T17:21:09 [INFO] Heartbeat + Metrics
2026-05-21T17:21:17 [INFO] Heartbeat + Metrics
2026-05-21T17:21:27 [INFO] Heartbeat + Metrics
2026-05-21T17:21:27 [WARN] Failsafe triggered: CPU too high
2026-05-21T17:21:36 [INFO] Heartbeat + Metrics
2026-05-21T17:21:45 [INFO] Heartbeat + Metrics
2026-05-21T17:21:54 [INFO] Heartbeat + Metrics
2026-05-21T17:22:02 [INFO] Heartbeat + Metrics
2026-05-21T17:22:11 [INFO] Heartbeat + Metrics
2026-05-21T17:22:20 [INFO] Heartbeat + Metrics
2026-05-21T17:22:28 [INFO] Heartbeat + Metrics
2026-05-21T17:22:38 [INFO] Heartbeat + Metrics
2026-05-21T17:22:46 [INFO] Heartbeat + Metrics
2026-05-21T17:22:59 [INFO] Heartbeat + Metrics
2026-05-21T17:22:59 [WARN] Failsafe triggered: CPU too high
2026-05-21T17:22:59 [WARN] Failsafe triggered: RAM too low
2026-05-21T17:23:18 [INFO] Heartbeat + Metrics
2026-05-21T17:23:18 [WARN] Failsafe triggered: RAM too low
2026-05-21T17:23:29 [INFO] Heartbeat + Metrics
2026-05-21T17:23:30 [WARN] Failsafe triggered: CPU too high
2026-05-21T17:23:30 [WARN] Failsafe triggered: RAM too low
2026-05-21T17:23:42 [INFO] Heartbeat + Metrics
2026-05-21T17:23:42 [WARN] Failsafe triggered: RAM too low
2026-05-21T17:23:55 [INFO] Heartbeat + Metrics
2026-05-21T17:23:55 [WARN] Failsafe triggered: RAM too low
2026-05-21T17:24:04 [INFO] Heartbeat + Metrics
2026-05-21T17:24:04 [WARN] Failsafe triggered: RAM too low
2026-05-21T17:24:14 [INFO] Heartbeat + Metrics
2026-05-21T17:24:15 [WARN] Failsafe triggered: CPU too high
2026-05-21T17:24:24 [INFO] Heartbeat + Metrics
2026-05-21T17:24:32 [INFO] Heartbeat + Metrics
2026-05-21T17:24:41 [INFO] Heartbeat + Metrics
2026-05-21T17:24:51 [INFO] Heartbeat + Metrics
2026-05-21T17:24:51 [WARN] Failsafe triggered: CPU too high
2026-05-21T17:25:00 [INFO] Heartbeat + Metrics
2026-05-21T17:25:09 [INFO] Heartbeat + Metrics
2026-05-21T17:25:18 [INFO] Heartbeat + Metrics
2026-05-21T17:25:26 [INFO] Heartbeat + Metrics
2026-05-21T17:25:35 [INFO] Heartbeat + Metrics
2026-05-21T17:25:44 [INFO] Heartbeat + Metrics
2026-05-21T17:25:53 [INFO] Heartbeat + Metrics
2026-05-21T17:26:01 [INFO] Heartbeat + Metrics
2026-05-21T17:26:01 [WARN] Failsafe triggered: CPU too high
2026-05-21T17:26:10 [INFO] Heartbeat + Metrics
2026-05-21T17:26:19 [INFO] Heartbeat + Metrics
2026-05-21T17:26:28 [INFO] Heartbeat + Metrics
2026-05-21T17:26:37 [INFO] Heartbeat + Metrics
2026-05-21T17:26:45 [INFO] Heartbeat + Metrics
2026-05-21T17:26:54 [INFO] Heartbeat + Metrics
2026-05-21T17:27:03 [INFO] Heartbeat + Metrics
2026-05-21T17:27:03 [WARN] Failsafe triggered: CPU too high
2026-05-21T17:27:12 [INFO] Heartbeat + Metrics
2026-05-21T17:27:24 [INFO] Heartbeat + Metrics
2026-05-21T17:27:25 [WARN] Failsafe triggered: CPU too high
2026-05-21T17:27:35 [INFO] Heartbeat + Metrics
2026-05-21T17:27:35 [WARN] Failsafe triggered: CPU too high
2026-05-21T17:27:45 [INFO] Heartbeat + Metrics
2026-05-21T17:27:45 [WARN] Failsafe triggered: CPU too high
2026-05-21T17:27:54 [INFO] Heartbeat + Metrics
2026-05-21T17:27:55 [WARN] Failsafe triggered: RAM too low
2026-05-21T17:28:04 [INFO] Heartbeat + Metrics
2026-05-21T17:28:04 [WARN] Failsafe triggered: RAM too low
2026-05-21T17:28:13 [INFO] Heartbeat + Metrics
2026-05-21T17:28:22 [INFO] Heartbeat + Metrics
2026-05-21T17:28:31 [INFO] Heartbeat + Metrics
2026-05-21T17:28:39 [INFO] Heartbeat + Metrics
2026-05-21T17:28:48 [INFO] Heartbeat + Metrics
2026-05-21T17:28:57 [INFO] Heartbeat + Metrics
2026-05-21T17:29:06 [INFO] Heartbeat + Metrics
2026-05-21T17:29:06 [WARN] Failsafe triggered: CPU too high
2026-05-21T17:29:15 [INFO] Heartbeat + Metrics
2026-05-21T17:29:24 [INFO] Heartbeat + Metrics
2026-05-21T17:29:35 [INFO] Heartbeat + Metrics
2026-05-21T17:29:35 [WARN] Failsafe triggered: CPU too high
2026-05-21T17:29:44 [INFO] Heartbeat + Metrics
2026-05-21T17:29:53 [INFO] Heartbeat + Metrics
2026-05-21T17:30:02 [INFO] Heartbeat + Metrics
2026-05-21T17:30:11 [INFO] Heartbeat + Metrics
2026-05-21T17:30:23 [INFO] Heartbeat + Metrics
2026-05-21T17:30:23 [WARN] Failsafe triggered: CPU too high
2026-05-21T17:30:32 [INFO] Heartbeat + Metrics
2026-05-21T17:30:41 [INFO] Heartbeat + Metrics
2026-05-21T17:30:50 [INFO] Heartbeat + Metrics
2026-05-21T17:30:59 [INFO] Heartbeat + Metrics
2026-05-21T17:31:08 [INFO] Heartbeat + Metrics
2026-05-21T17:31:08 [WARN] Failsafe triggered: CPU too high
2026-05-21T17:31:17 [INFO] Heartbeat + Metrics
2026-05-21T17:31:26 [INFO] Heartbeat + Metrics
2026-05-21T17:31:26 [WARN] Failsafe triggered: CPU too high
2026-05-21T17:31:35 [INFO] Heartbeat + Metrics
2026-05-21T17:31:35 [WARN] Failsafe triggered: CPU too high
2026-05-21T17:31:46 [INFO] Heartbeat + Metrics
2026-05-21T17:31:46 [WARN] Failsafe triggered: CPU too high
2026-05-21T17:31:55 [INFO] Heartbeat + Metrics
2026-05-21T17:32:05 [INFO] Heartbeat + Metrics
2026-05-21T17:32:15 [INFO] Heartbeat + Metrics
2026-05-21T17:32:24 [INFO] Heartbeat + Metrics
2026-05-21T17:32:33 [INFO] Heartbeat + Metrics
2026-05-21T17:32:42 [INFO] Heartbeat + Metrics
2026-05-21T17:32:50 [INFO] Heartbeat + Metrics
2026-05-21T17:32:59 [INFO] Heartbeat + Metrics
2026-05-21T17:33:08 [INFO] Heartbeat + Metrics
2026-05-21T17:33:16 [INFO] Heartbeat + Metrics
2026-05-21T17:33:25 [INFO] Heartbeat + Metrics
2026-05-21T17:33:34 [INFO] Heartbeat + Metrics
2026-05-21T17:33:43 [INFO] Heartbeat + Metrics
2026-05-21T17:33:52 [INFO] Heartbeat + Metrics
2026-05-21T17:33:52 [WARN] Failsafe triggered: CPU too high
2026-05-21T17:34:00 [INFO] Heartbeat + Metrics
2026-05-21T17:34:09 [INFO] Heartbeat + Metrics
2026-05-21T17:34:18 [INFO] Heartbeat + Metrics
2026-05-21T17:34:27 [INFO] Heartbeat + Metrics
2026-05-21T17:34:35 [INFO] Heartbeat + Metrics
2026-05-21T17:34:44 [INFO] Heartbeat + Metrics
2026-05-21T17:34:53 [INFO] Heartbeat + Metrics
2026-05-21T17:35:01 [INFO] Heartbeat + Metrics
2026-05-21T17:35:10 [INFO] Heartbeat + Metrics
2026-05-21T17:35:19 [INFO] Heartbeat + Metrics
2026-05-21T17:35:28 [INFO] Heartbeat + Metrics
2026-05-21T17:35:37 [INFO] Heartbeat + Metrics
2026-05-21T17:35:45 [INFO] Heartbeat + Metrics
2026-05-21T17:35:54 [INFO] Heartbeat + Metrics
2026-05-21T17:36:04 [INFO] Heartbeat + Metrics
2026-05-21T17:36:04 [WARN] Failsafe triggered: CPU too high
2026-05-21T17:36:14 [INFO] Heartbeat + Metrics
2026-05-21T17:36:14 [WARN] Failsafe triggered: CPU too high
2026-05-21T17:36:14 [WARN] Failsafe triggered: RAM too low
2026-05-21T17:36:30 [INFO] Heartbeat + Metrics
2026-05-21T17:36:31 [WARN] Failsafe triggered: CPU too high
2026-05-21T17:36:31 [WARN] Failsafe triggered: RAM too low
2026-05-21T17:36:43 [INFO] Heartbeat + Metrics
2026-05-21T17:36:43 [WARN] Failsafe triggered: RAM too low
2026-05-21T17:36:54 [INFO] Heartbeat + Metrics
2026-05-21T17:36:54 [WARN] Failsafe triggered: CPU too high
2026-05-21T17:37:04 [INFO] Heartbeat + Metrics
2026-05-21T17:37:04 [WARN] Failsafe triggered: CPU too high
2026-05-21T17:37:13 [INFO] Heartbeat + Metrics
2026-05-21T17:37:13 [WARN] Failsafe triggered: RAM too low
2026-05-21T17:37:24 [INFO] Heartbeat + Metrics
2026-05-21T17:37:24 [WARN] Failsafe triggered: RAM too low
2026-05-21T17:37:33 [INFO] Heartbeat + Metrics
2026-05-21T17:37:41 [INFO] Heartbeat + Metrics
2026-05-21T17:37:51 [INFO] Heartbeat + Metrics
2026-05-21T17:37:51 [WARN] Failsafe triggered: CPU too high
2026-05-21T17:37:59 [INFO] Heartbeat + Metrics
2026-05-21T17:38:08 [INFO] Heartbeat + Metrics
2026-05-21T17:38:17 [INFO] Heartbeat + Metrics
2026-05-21T17:38:26 [INFO] Heartbeat + Metrics
2026-05-21T17:38:26 [WARN] Failsafe triggered: CPU too high
2026-05-21T17:38:35 [INFO] Heartbeat + Metrics
2026-05-21T17:38:43 [INFO] Heartbeat + Metrics
2026-05-21T17:38:52 [INFO] Heartbeat + Metrics
2026-05-21T17:39:01 [INFO] Heartbeat + Metrics
2026-05-21T17:39:10 [INFO] Heartbeat + Metrics
2026-05-21T17:39:10 [WARN] Failsafe triggered: CPU too high
2026-05-21T17:39:20 [INFO] Heartbeat + Metrics
2026-05-21T17:39:20 [WARN] Failsafe triggered: RAM too low
2026-05-21T17:39:29 [INFO] Heartbeat + Metrics
2026-05-21T17:39:29 [WARN] Failsafe triggered: CPU too high
2026-05-21T17:39:29 [WARN] Failsafe triggered: RAM too low
2026-05-21T17:39:38 [INFO] Heartbeat + Metrics
2026-05-21T17:39:48 [INFO] Heartbeat + Metrics
2026-05-21T17:39:59 [INFO] Heartbeat + Metrics
2026-05-21T17:40:08 [INFO] Heartbeat + Metrics
2026-05-21T17:40:17 [INFO] Heartbeat + Metrics
2026-05-21T17:40:25 [INFO] Heartbeat + Metrics
2026-05-21T17:40:34 [INFO] Heartbeat + Metrics
2026-05-21T17:40:43 [INFO] Heartbeat + Metrics
2026-05-21T17:40:52 [INFO] Heartbeat + Metrics
2026-05-21T17:41:01 [INFO] Heartbeat + Metrics
2026-05-21T17:41:09 [INFO] Heartbeat + Metrics
2026-05-21T17:41:18 [INFO] Heartbeat + Metrics
2026-05-21T17:41:27 [INFO] Heartbeat + Metrics
2026-05-21T17:41:35 [INFO] Heartbeat + Metrics
2026-05-21T17:41:44 [INFO] Heartbeat + Metrics
2026-05-21T17:41:53 [INFO] Heartbeat + Metrics
2026-05-21T17:42:02 [INFO] Heartbeat + Metrics
2026-05-21T17:42:11 [INFO] Heartbeat + Metrics
2026-05-21T17:42:19 [INFO] Heartbeat + Metrics
2026-05-21T17:42:28 [INFO] Heartbeat + Metrics
2026-05-21T17:42:28 [WARN] Failsafe triggered: CPU too high
2026-05-21T17:42:38 [INFO] Heartbeat + Metrics
2026-05-21T17:42:47 [INFO] Heartbeat + Metrics
2026-05-21T17:42:55 [INFO] Heartbeat + Metrics
2026-05-21T17:43:04 [INFO] Heartbeat + Metrics
2026-05-21T17:43:13 [INFO] Heartbeat + Metrics
2026-05-21T17:43:22 [INFO] Heartbeat + Metrics
2026-05-21T17:43:30 [INFO] Heartbeat + Metrics
2026-05-21T17:43:39 [INFO] Heartbeat + Metrics
2026-05-21T17:43:48 [INFO] Heartbeat + Metrics
2026-05-21T17:43:57 [INFO] Heartbeat + Metrics
2026-05-21T17:44:06 [INFO] Heartbeat + Metrics
2026-05-21T17:44:14 [INFO] Heartbeat + Metrics
2026-05-21T17:44:23 [INFO] Heartbeat + Metrics
2026-05-21T17:44:32 [INFO] Heartbeat + Metrics
2026-05-21T17:44:41 [INFO] Heartbeat + Metrics
2026-05-21T17:44:50 [INFO] Heartbeat + Metrics
2026-05-21T17:44:58 [INFO] Heartbeat + Metrics
2026-05-21T17:45:07 [INFO] Heartbeat + Metrics
2026-05-21T17:45:16 [INFO] Heartbeat + Metrics
2026-05-21T17:45:25 [INFO] Heartbeat + Metrics
2026-05-21T17:45:33 [INFO] Heartbeat + Metrics
2026-05-21T17:45:42 [INFO] Heartbeat + Metrics
2026-05-21T17:45:51 [INFO] Heartbeat + Metrics
2026-05-21T17:46:01 [INFO] Heartbeat + Metrics
2026-05-21T17:46:01 [WARN] Failsafe triggered: CPU too high
2026-05-21T17:46:09 [INFO] Heartbeat + Metrics
2026-05-21T17:46:18 [INFO] Heartbeat + Metrics
2026-05-21T17:46:27 [INFO] Heartbeat + Metrics
2026-05-21T17:46:35 [INFO] Heartbeat + Metrics
2026-05-21T17:46:44 [INFO] Heartbeat + Metrics
2026-05-21T17:46:53 [INFO] Heartbeat + Metrics
2026-05-21T17:47:02 [INFO] Heartbeat + Metrics
2026-05-21T17:47:10 [INFO] Heartbeat + Metrics
2026-05-21T17:47:19 [INFO] Heartbeat + Metrics
2026-05-21T17:47:28 [INFO] Heartbeat + Metrics
2026-05-21T17:47:36 [INFO] Heartbeat + Metrics
2026-05-21T17:47:45 [INFO] Heartbeat + Metrics
2026-05-21T17:47:54 [INFO] Heartbeat + Metrics
2026-05-21T17:48:03 [INFO] Heartbeat + Metrics
2026-05-21T17:48:11 [INFO] Heartbeat + Metrics
2026-05-21T17:48:20 [INFO] Heartbeat + Metrics
2026-05-21T17:48:29 [INFO] Heartbeat + Metrics
2026-05-21T17:48:37 [INFO] Heartbeat + Metrics
2026-05-21T17:48:46 [INFO] Heartbeat + Metrics
2026-05-21T17:48:55 [INFO] Heartbeat + Metrics
2026-05-21T17:49:04 [INFO] Heartbeat + Metrics
2026-05-21T17:49:12 [INFO] Heartbeat + Metrics
2026-05-21T17:49:21 [INFO] Heartbeat + Metrics
2026-05-21T17:49:21 [WARN] Desired process no longer exists (PID 5620)
2026-05-21T17:49:22 [WARN] Desired process no longer exists (PID 3344)
2026-05-21T17:49:31 [INFO] Heartbeat + Metrics
2026-05-21T17:49:31 [WARN] Desired process no longer exists (PID 5620)
2026-05-21T17:49:31 [WARN] Desired process no longer exists (PID 3344)
2026-05-21T17:49:40 [INFO] Heartbeat + Metrics
2026-05-21T17:49:48 [INFO] Heartbeat + Metrics
2026-05-21T17:49:57 [INFO] Heartbeat + Metrics
2026-05-21T17:50:08 [INFO] Heartbeat + Metrics
2026-05-21T17:50:10 [WARN] Desired process no longer exists (PID 5620)
2026-05-21T17:50:10 [WARN] Desired process no longer exists (PID 3344)
2026-05-21T17:50:22 [INFO] Heartbeat + Metrics
2026-05-21T17:50:22 [WARN] Failsafe triggered: CPU too high
2026-05-21T17:50:35 [INFO] Heartbeat + Metrics
2026-05-21T17:50:35 [WARN] Failsafe triggered: CPU too high
2026-05-21T17:50:35 [WARN] Failsafe triggered: RAM too low
2026-05-21T17:50:45 [INFO] Heartbeat + Metrics
2026-05-21T17:50:45 [WARN] Failsafe triggered: RAM too low
2026-05-21T17:50:53 [INFO] Heartbeat + Metrics
2026-05-21T17:50:53 [WARN] Failsafe triggered: RAM too low
2026-05-21T17:51:02 [INFO] Heartbeat + Metrics
2026-05-21T17:51:02 [WARN] Failsafe triggered: CPU too high
2026-05-21T17:51:11 [INFO] Heartbeat + Metrics
2026-05-21T17:51:11 [WARN] Desired process no longer exists (PID 5620)
2026-05-21T17:51:11 [WARN] Desired process no longer exists (PID 3344)
2026-05-21T17:51:20 [INFO] Heartbeat + Metrics
2026-05-21T17:51:20 [WARN] Desired process no longer exists (PID 5620)
2026-05-21T17:51:20 [WARN] Desired process no longer exists (PID 3344)
2026-05-21T17:51:29 [INFO] Heartbeat + Metrics
2026-05-21T17:51:29 [WARN] Desired process no longer exists (PID 5620)
2026-05-21T17:51:29 [WARN] Desired process no longer exists (PID 3344)
2026-05-21T17:51:38 [INFO] Heartbeat + Metrics
2026-05-21T17:51:38 [WARN] Desired process no longer exists (PID 5620)
2026-05-21T17:51:38 [WARN] Desired process no longer exists (PID 3344)
2026-05-21T17:51:47 [INFO] Heartbeat + Metrics
2026-05-21T17:51:47 [WARN] Desired process no longer exists (PID 5620)
2026-05-21T17:51:47 [WARN] Desired process no longer exists (PID 3344)
2026-05-21T17:51:56 [INFO] Heartbeat + Metrics
2026-05-21T17:51:56 [WARN] Desired process no longer exists (PID 5620)
2026-05-21T17:51:56 [WARN] Desired process no longer exists (PID 3344)
2026-05-21T17:52:05 [INFO] Heartbeat + Metrics
2026-05-21T17:52:05 [WARN] Desired process no longer exists (PID 5620)
2026-05-21T17:52:05 [WARN] Desired process no longer exists (PID 3344)
2026-05-21T17:52:14 [INFO] Heartbeat + Metrics
2026-05-21T17:52:14 [WARN] Desired process no longer exists (PID 5620)
2026-05-21T17:52:15 [WARN] Desired process no longer exists (PID 3344)
2026-05-21T17:52:24 [INFO] Heartbeat + Metrics
2026-05-21T17:52:24 [WARN] Desired process no longer exists (PID 5620)
2026-05-21T17:52:24 [WARN] Desired process no longer exists (PID 3344)
2026-05-21T17:52:32 [INFO] Heartbeat + Metrics
2026-05-21T17:52:33 [WARN] Desired process no longer exists (PID 5620)
2026-05-21T17:52:33 [WARN] Desired process no longer exists (PID 3344)
2026-05-21T17:52:41 [INFO] Heartbeat + Metrics
2026-05-21T17:52:41 [WARN] Desired process no longer exists (PID 5620)
2026-05-21T17:52:41 [WARN] Desired process no longer exists (PID 3344)
2026-05-21T17:52:50 [INFO] Heartbeat + Metrics
2026-05-21T17:52:50 [WARN] Desired process no longer exists (PID 5620)
2026-05-21T17:52:50 [WARN] Desired process no longer exists (PID 3344)
2026-05-21T17:52:59 [INFO] Heartbeat + Metrics
2026-05-21T17:52:59 [WARN] Desired process no longer exists (PID 5620)
2026-05-21T17:52:59 [WARN] Desired process no longer exists (PID 3344)
2026-05-21T17:53:08 [INFO] Heartbeat + Metrics
2026-05-21T17:53:08 [WARN] Desired process no longer exists (PID 5620)
2026-05-21T17:53:08 [WARN] Desired process no longer exists (PID 3344)
2026-05-21T17:53:17 [INFO] Heartbeat + Metrics
2026-05-21T17:53:17 [WARN] Desired process no longer exists (PID 5620)
2026-05-21T17:53:18 [WARN] Desired process no longer exists (PID 3344)
2026-05-21T17:53:28 [INFO] Heartbeat + Metrics
2026-05-21T17:53:36 [INFO] Heartbeat + Metrics
2026-05-21T17:53:46 [INFO] Heartbeat + Metrics
2026-05-21T17:53:55 [INFO] Heartbeat + Metrics
2026-05-21T17:53:55 [WARN] Desired process no longer exists (PID 5620)
2026-05-21T17:53:55 [WARN] Desired process no longer exists (PID 3344)
2026-05-21T17:54:04 [INFO] Heartbeat + Metrics
2026-05-21T17:54:04 [WARN] Desired process no longer exists (PID 5620)
2026-05-21T17:54:04 [WARN] Desired process no longer exists (PID 3344)
2026-05-21T17:54:13 [INFO] Heartbeat + Metrics
2026-05-21T17:54:13 [WARN] Desired process no longer exists (PID 5620)
2026-05-21T17:54:13 [WARN] Desired process no longer exists (PID 3344)
2026-05-21T17:54:22 [INFO] Heartbeat + Metrics
2026-05-21T17:54:22 [WARN] Desired process no longer exists (PID 5620)
2026-05-21T17:54:22 [WARN] Desired process no longer exists (PID 3344)
2026-05-21T17:54:31 [INFO] Heartbeat + Metrics
2026-05-21T17:54:31 [WARN] Desired process no longer exists (PID 5620)
2026-05-21T17:54:31 [WARN] Desired process no longer exists (PID 3344)
2026-05-21T17:54:39 [INFO] Heartbeat + Metrics
2026-05-21T17:54:40 [WARN] Desired process no longer exists (PID 5620)
2026-05-21T17:54:40 [WARN] Desired process no longer exists (PID 3344)
2026-05-21T17:54:48 [INFO] Heartbeat + Metrics
2026-05-21T17:54:48 [WARN] Desired process no longer exists (PID 5620)
2026-05-21T17:54:48 [WARN] Desired process no longer exists (PID 3344)
2026-05-21T17:54:57 [INFO] Heartbeat + Metrics
2026-05-21T17:54:57 [WARN] Desired process no longer exists (PID 5620)
2026-05-21T17:54:57 [WARN] Desired process no longer exists (PID 3344)
2026-05-21T17:55:06 [INFO] Heartbeat + Metrics
2026-05-21T17:55:06 [WARN] Desired process no longer exists (PID 5620)
2026-05-21T17:55:06 [WARN] Desired process no longer exists (PID 3344)
2026-05-21T17:55:15 [INFO] Heartbeat + Metrics
2026-05-21T17:55:15 [WARN] Desired process no longer exists (PID 5620)
2026-05-21T17:55:15 [WARN] Desired process no longer exists (PID 3344)
2026-05-21T17:55:24 [INFO] Heartbeat + Metrics
2026-05-21T17:55:24 [WARN] Desired process no longer exists (PID 5620)
2026-05-21T17:55:24 [WARN] Desired process no longer exists (PID 3344)
2026-05-21T17:55:34 [INFO] Heartbeat + Metrics
2026-05-21T17:55:34 [WARN] Failsafe triggered: CPU too high
2026-05-21T17:55:42 [INFO] Heartbeat + Metrics
2026-05-21T17:55:42 [WARN] Desired process no longer exists (PID 5620)
2026-05-21T17:55:42 [WARN] Desired process no longer exists (PID 3344)
2026-05-21T17:55:51 [INFO] Heartbeat + Metrics
2026-05-21T17:56:00 [INFO] Heartbeat + Metrics
2026-05-21T17:56:00 [WARN] Failsafe triggered: CPU too high
2026-05-21T17:56:09 [INFO] Heartbeat + Metrics
2026-05-21T17:56:18 [INFO] Heartbeat + Metrics
2026-05-21T17:56:18 [WARN] Desired process no longer exists (PID 5620)
2026-05-21T17:56:18 [WARN] Desired process no longer exists (PID 3344)
2026-05-21T17:56:28 [INFO] Heartbeat + Metrics
2026-05-21T17:56:28 [WARN] Desired process no longer exists (PID 5620)
2026-05-21T17:56:29 [WARN] Desired process no longer exists (PID 3344)
2026-05-21T17:56:38 [INFO] Heartbeat + Metrics
2026-05-21T17:56:39 [WARN] Desired process no longer exists (PID 5620)
2026-05-21T17:56:39 [WARN] Desired process no longer exists (PID 3344)
2026-05-21T17:56:48 [INFO] Heartbeat + Metrics
2026-05-21T17:56:48 [WARN] Desired process no longer exists (PID 5620)
2026-05-21T17:56:48 [WARN] Desired process no longer exists (PID 3344)
2026-05-21T17:56:57 [INFO] Heartbeat + Metrics
2026-05-21T17:56:57 [WARN] Failsafe triggered: CPU too high
2026-05-21T17:57:06 [INFO] Heartbeat + Metrics
2026-05-21T17:57:15 [INFO] Heartbeat + Metrics
2026-05-21T17:57:24 [INFO] Heartbeat + Metrics
2026-05-21T17:57:33 [INFO] Heartbeat + Metrics
2026-05-21T17:57:42 [INFO] Heartbeat + Metrics
2026-05-21T17:57:51 [INFO] Heartbeat + Metrics
2026-05-21T17:58:00 [INFO] Heartbeat + Metrics
2026-05-21T17:58:09 [INFO] Heartbeat + Metrics
2026-05-21T17:58:17 [INFO] Heartbeat + Metrics
2026-05-21T17:58:26 [INFO] Heartbeat + Metrics
2026-05-21T17:58:36 [INFO] Heartbeat + Metrics
2026-05-21T17:58:44 [INFO] Heartbeat + Metrics
2026-05-21T17:58:54 [INFO] Heartbeat + Metrics
2026-05-21T17:59:04 [INFO] Heartbeat + Metrics
2026-05-21T17:59:04 [WARN] Failsafe triggered: CPU too high
2026-05-21T17:59:13 [INFO] Heartbeat + Metrics
2026-05-21T17:59:13 [WARN] Failsafe triggered: CPU too high
2026-05-21T17:59:22 [INFO] Heartbeat + Metrics
2026-05-21T17:59:31 [INFO] Heartbeat + Metrics
2026-05-21T17:59:40 [INFO] Heartbeat + Metrics
2026-05-21T17:59:49 [INFO] Heartbeat + Metrics
2026-05-21T17:59:57 [INFO] Heartbeat + Metrics
2026-05-21T18:00:07 [INFO] Heartbeat + Metrics
2026-05-21T18:00:16 [INFO] Heartbeat + Metrics
2026-05-21T18:00:16 [WARN] Failsafe triggered: CPU too high
2026-05-21T18:00:25 [INFO] Heartbeat + Metrics
2026-05-21T18:00:33 [INFO] Heartbeat + Metrics
2026-05-21T18:00:42 [INFO] Heartbeat + Metrics
2026-05-21T18:00:51 [INFO] Heartbeat + Metrics
2026-05-21T18:00:59 [INFO] Heartbeat + Metrics
2026-05-21T18:01:08 [INFO] Heartbeat + Metrics
2026-05-21T18:01:17 [INFO] Heartbeat + Metrics
2026-05-21T18:01:26 [INFO] Heartbeat + Metrics
2026-05-21T18:01:34 [INFO] Heartbeat + Metrics
2026-05-21T18:01:43 [INFO] Heartbeat + Metrics
2026-05-21T18:01:52 [INFO] Heartbeat + Metrics
2026-05-21T18:02:01 [INFO] Heartbeat + Metrics
2026-05-21T18:02:09 [INFO] Heartbeat + Metrics
2026-05-21T18:02:18 [INFO] Heartbeat + Metrics
2026-05-21T18:02:27 [INFO] Heartbeat + Metrics
2026-05-21T18:02:36 [INFO] Heartbeat + Metrics
2026-05-21T18:02:45 [INFO] Heartbeat + Metrics
2026-05-21T18:02:54 [INFO] Heartbeat + Metrics
2026-05-21T18:03:02 [INFO] Heartbeat + Metrics
2026-05-21T18:03:11 [INFO] Heartbeat + Metrics
2026-05-21T18:03:20 [INFO] Heartbeat + Metrics
2026-05-21T18:03:29 [INFO] Heartbeat + Metrics
2026-05-21T18:03:37 [INFO] Heartbeat + Metrics
2026-05-21T18:03:46 [INFO] Heartbeat + Metrics
2026-05-21T18:03:58 [INFO] Heartbeat + Metrics
2026-05-21T18:03:59 [WARN] Failsafe triggered: CPU too high
2026-05-21T18:04:12 [INFO] Heartbeat + Metrics
2026-05-21T18:04:12 [WARN] Failsafe triggered: CPU too high
2026-05-21T18:04:22 [INFO] Heartbeat + Metrics
2026-05-21T18:04:22 [WARN] Failsafe triggered: CPU too high
2026-05-21T18:04:33 [INFO] Heartbeat + Metrics
2026-05-21T18:04:33 [WARN] Failsafe triggered: CPU too high
2026-05-21T18:04:43 [INFO] Heartbeat + Metrics
2026-05-21T18:04:43 [WARN] Failsafe triggered: CPU too high
2026-05-21T18:04:52 [INFO] Heartbeat + Metrics
2026-05-21T18:04:52 [WARN] Failsafe triggered: CPU too high
2026-05-21T18:05:01 [INFO] Heartbeat + Metrics
2026-05-21T18:05:01 [WARN] Failsafe triggered: CPU too high
2026-05-21T18:05:10 [INFO] Heartbeat + Metrics
2026-05-21T18:05:10 [WARN] Failsafe triggered: CPU too high
2026-05-21T18:05:19 [INFO] Heartbeat + Metrics
2026-05-21T18:05:28 [INFO] Heartbeat + Metrics
2026-05-21T18:05:38 [INFO] Heartbeat + Metrics
2026-05-21T18:05:38 [WARN] Failsafe triggered: CPU too high
2026-05-21T18:05:46 [INFO] Heartbeat + Metrics
2026-05-21T18:05:55 [INFO] Heartbeat + Metrics
2026-05-21T18:06:04 [INFO] Heartbeat + Metrics
2026-05-21T18:06:13 [INFO] Heartbeat + Metrics
2026-05-21T18:06:22 [INFO] Heartbeat + Metrics
2026-05-21T18:06:32 [INFO] Heartbeat + Metrics
2026-05-21T18:06:32 [WARN] Failsafe triggered: CPU too high
2026-05-21T18:06:43 [INFO] Heartbeat + Metrics
2026-05-21T18:06:43 [WARN] Failsafe triggered: CPU too high
2026-05-21T18:06:43 [WARN] Failsafe triggered: RAM too low
2026-05-21T18:06:53 [INFO] Heartbeat + Metrics
2026-05-21T18:06:53 [WARN] Failsafe triggered: RAM too low
2026-05-21T18:07:03 [INFO] Heartbeat + Metrics
2026-05-21T18:07:03 [WARN] Failsafe triggered: RAM too low
2026-05-21T18:07:14 [INFO] Heartbeat + Metrics
2026-05-21T18:07:14 [WARN] Failsafe triggered: CPU too high
2026-05-21T18:07:14 [WARN] Failsafe triggered: RAM too low
2026-05-21T18:07:24 [INFO] Heartbeat + Metrics
2026-05-21T18:07:24 [WARN] Failsafe triggered: CPU too high
2026-05-21T18:07:24 [WARN] Failsafe triggered: RAM too low
2026-05-21T18:07:34 [INFO] Heartbeat + Metrics
2026-05-21T18:07:34 [WARN] Failsafe triggered: CPU too high
2026-05-21T18:07:34 [WARN] Failsafe triggered: RAM too low
2026-05-21T18:07:44 [INFO] Heartbeat + Metrics
2026-05-21T18:07:53 [INFO] Heartbeat + Metrics
2026-05-21T18:08:01 [INFO] Heartbeat + Metrics
2026-05-21T18:08:10 [INFO] Heartbeat + Metrics
2026-05-21T18:08:19 [INFO] Heartbeat + Metrics
2026-05-21T18:08:28 [INFO] Heartbeat + Metrics
2026-05-21T18:08:37 [INFO] Heartbeat + Metrics
2026-05-21T18:08:45 [INFO] Heartbeat + Metrics
2026-05-21T18:08:54 [INFO] Heartbeat + Metrics
2026-05-21T18:09:03 [INFO] Heartbeat + Metrics
2026-05-21T18:09:11 [INFO] Heartbeat + Metrics
2026-05-21T18:09:20 [INFO] Heartbeat + Metrics
2026-05-21T18:09:29 [INFO] Heartbeat + Metrics
2026-05-21T18:09:39 [INFO] Heartbeat + Metrics
2026-05-21T18:09:39 [WARN] Failsafe triggered: RAM too low
2026-05-21T18:09:48 [INFO] Heartbeat + Metrics
2026-05-21T18:09:57 [INFO] Heartbeat + Metrics
2026-05-21T18:10:06 [INFO] Heartbeat + Metrics
2026-05-21T18:10:06 [WARN] Failsafe triggered: CPU too high
2026-05-21T18:10:15 [INFO] Heartbeat + Metrics
2026-05-21T18:10:15 [WARN] Failsafe triggered: CPU too high
2026-05-21T18:10:23 [INFO] Heartbeat + Metrics
2026-05-21T18:10:32 [INFO] Heartbeat + Metrics
2026-05-21T18:10:41 [INFO] Heartbeat + Metrics
2026-05-21T18:11:19 [INFO] Heartbeat + Metrics
2026-05-21T18:11:20 [WARN] Failsafe triggered: CPU too high
2026-05-21T18:11:20 [WARN] Failsafe triggered: RAM too low
2026-05-21T22:05:19 [INFO] Heartbeat + Metrics
2026-05-21T22:05:20 [WARN] Failsafe triggered: CPU too high
2026-05-21T22:05:34 [INFO] Heartbeat + Metrics
2026-05-21T22:05:34 [WARN] Failsafe triggered: CPU too high
2026-05-22T08:23:19 [INFO] Heartbeat + Metrics
2026-05-22T08:23:20 [WARN] Failsafe triggered: CPU too high
