2026-05-22T09:56:55 [INFO] SmartWorkOptimizer started
2026-05-22T09:57:06 [INFO] Heartbeat + Metrics
2026-05-22T09:57:15 [INFO] Heartbeat + Metrics
2026-05-22T09:57:23 [INFO] Heartbeat + Metrics
2026-05-22T09:57:32 [INFO] Heartbeat + Metrics
2026-05-22T09:57:40 [INFO] Heartbeat + Metrics
2026-05-22T09:57:49 [INFO] Heartbeat + Metrics
2026-05-22T09:57:57 [INFO] Heartbeat + Metrics
2026-05-22T09:58:06 [INFO] Heartbeat + Metrics
2026-05-22T09:58:15 [INFO] Heartbeat + Metrics
2026-05-22T09:58:23 [INFO] Heartbeat + Metrics
2026-05-22T09:58:31 [INFO] Heartbeat + Metrics
2026-05-22T09:58:40 [INFO] Heartbeat + Metrics
2026-05-22T09:58:48 [INFO] Heartbeat + Metrics
2026-05-22T09:58:57 [INFO] Heartbeat + Metrics
2026-05-22T09:59:06 [INFO] Heartbeat + Metrics
2026-05-22T09:59:14 [INFO] Heartbeat + Metrics
2026-05-22T09:59:22 [INFO] Heartbeat + Metrics
2026-05-22T09:59:31 [INFO] Heartbeat + Metrics
2026-05-22T09:59:40 [INFO] Heartbeat + Metrics
2026-05-22T09:59:48 [INFO] Heartbeat + Metrics
2026-05-22T09:59:57 [INFO] Heartbeat + Metrics
2026-05-22T10:00:06 [INFO] Heartbeat + Metrics
2026-05-22T10:00:14 [INFO] Heartbeat + Metrics
2026-05-22T10:00:23 [INFO] Heartbeat + Metrics
2026-05-22T10:00:31 [INFO] Heartbeat + Metrics
2026-05-22T10:00:40 [INFO] Heartbeat + Metrics
2026-05-22T10:00:48 [INFO] Heartbeat + Metrics
2026-05-22T10:00:57 [INFO] Heartbeat + Metrics
2026-05-22T10:01:06 [INFO] Heartbeat + Metrics
2026-05-22T10:01:14 [INFO] Heartbeat + Metrics
2026-05-22T10:01:23 [INFO] Heartbeat + Metrics
2026-05-22T10:01:31 [INFO] Heartbeat + Metrics
2026-05-22T10:01:40 [INFO] Heartbeat + Metrics
2026-05-22T10:01:48 [INFO] Heartbeat + Metrics
2026-05-22T10:01:57 [INFO] Heartbeat + Metrics
2026-05-22T10:02:05 [INFO] Heartbeat + Metrics
2026-05-22T10:02:14 [INFO] Heartbeat + Metrics
2026-05-22T10:02:22 [INFO] Heartbeat + Metrics
2026-05-22T10:02:31 [INFO] Heartbeat + Metrics
2026-05-22T10:02:40 [INFO] Heartbeat + Metrics
2026-05-22T10:02:48 [INFO] Heartbeat + Metrics
2026-05-22T10:02:57 [INFO] Heartbeat + Metrics
2026-05-22T10:03:05 [INFO] Heartbeat + Metrics
2026-05-22T10:03:14 [INFO] Heartbeat + Metrics
2026-05-22T10:03:23 [INFO] Heartbeat + Metrics
2026-05-22T10:03:31 [INFO] Heartbeat + Metrics
2026-05-22T10:03:40 [INFO] Heartbeat + Metrics
2026-05-22T10:03:48 [INFO] Heartbeat + Metrics
2026-05-22T10:03:57 [INFO] Heartbeat + Metrics
2026-05-22T10:04:05 [INFO] Heartbeat + Metrics
2026-05-22T10:04:14 [INFO] Heartbeat + Metrics
2026-05-22T10:04:23 [INFO] Heartbeat + Metrics
2026-05-22T10:04:31 [INFO] Heartbeat + Metrics
2026-05-22T10:04:40 [INFO] Heartbeat + Metrics
2026-05-22T10:04:48 [INFO] Heartbeat + Metrics
2026-05-22T10:04:57 [INFO] Heartbeat + Metrics
2026-05-22T10:05:06 [INFO] Heartbeat + Metrics
2026-05-22T10:05:14 [INFO] Heartbeat + Metrics
2026-05-22T10:05:23 [INFO] Heartbeat + Metrics
2026-05-22T10:05:31 [INFO] Heartbeat + Metrics
2026-05-22T10:05:40 [INFO] Heartbeat + Metrics
2026-05-22T10:05:48 [INFO] Heartbeat + Metrics
2026-05-22T10:05:57 [INFO] Heartbeat + Metrics
2026-05-22T10:06:06 [INFO] Heartbeat + Metrics
2026-05-22T10:06:14 [INFO] Heartbeat + Metrics
2026-05-22T10:06:23 [INFO] Heartbeat + Metrics
2026-05-22T10:06:31 [INFO] Heartbeat + Metrics
2026-05-22T10:06:40 [INFO] Heartbeat + Metrics
2026-05-22T10:06:49 [INFO] Heartbeat + Metrics
2026-05-22T10:06:57 [INFO] Heartbeat + Metrics
2026-05-22T10:07:06 [INFO] Heartbeat + Metrics
2026-05-22T10:07:14 [INFO] Heartbeat + Metrics
2026-05-22T10:07:23 [INFO] Heartbeat + Metrics
2026-05-22T10:07:31 [INFO] Heartbeat + Metrics
2026-05-22T10:07:40 [INFO] Heartbeat + Metrics
2026-05-22T10:07:48 [INFO] Heartbeat + Metrics
2026-05-22T10:07:57 [INFO] Heartbeat + Metrics
2026-05-22T10:08:06 [INFO] Heartbeat + Metrics
2026-05-22T10:08:14 [INFO] Heartbeat + Metrics
2026-05-22T10:08:23 [INFO] Heartbeat + Metrics
2026-05-22T10:08:31 [INFO] Heartbeat + Metrics
2026-05-22T10:08:40 [INFO] Heartbeat + Metrics
2026-05-22T10:08:48 [INFO] Heartbeat + Metrics
2026-05-22T10:08:57 [INFO] Heartbeat + Metrics
2026-05-22T10:09:06 [INFO] Heartbeat + Metrics
2026-05-22T10:09:14 [INFO] Heartbeat + Metrics
2026-05-22T10:09:23 [INFO] Heartbeat + Metrics
2026-05-22T10:09:31 [INFO] Heartbeat + Metrics
2026-05-22T10:09:40 [INFO] Heartbeat + Metrics
2026-05-22T10:09:49 [INFO] Heartbeat + Metrics
2026-05-22T10:09:57 [INFO] Heartbeat + Metrics
2026-05-22T10:10:06 [INFO] Heartbeat + Metrics
2026-05-22T10:10:14 [INFO] Heartbeat + Metrics
2026-05-22T10:10:23 [INFO] Heartbeat + Metrics
2026-05-22T10:10:31 [INFO] Heartbeat + Metrics
2026-05-22T10:10:40 [INFO] Heartbeat + Metrics
2026-05-22T10:10:48 [INFO] Heartbeat + Metrics
2026-05-22T10:10:57 [INFO] Heartbeat + Metrics
2026-05-22T10:11:05 [INFO] Heartbeat + Metrics
2026-05-22T10:11:14 [INFO] Heartbeat + Metrics
2026-05-22T10:11:23 [INFO] Heartbeat + Metrics
2026-05-22T10:11:31 [INFO] Heartbeat + Metrics
2026-05-22T10:11:40 [INFO] Heartbeat + Metrics
2026-05-22T10:11:48 [INFO] Heartbeat + Metrics
2026-05-22T10:11:57 [INFO] Heartbeat + Metrics
2026-05-22T10:12:05 [INFO] Heartbeat + Metrics
2026-05-22T10:12:14 [INFO] Heartbeat + Metrics
2026-05-22T10:12:22 [INFO] Heartbeat + Metrics
2026-05-22T10:12:31 [INFO] Heartbeat + Metrics
2026-05-22T10:12:39 [INFO] Heartbeat + Metrics
2026-05-22T10:12:48 [INFO] Heartbeat + Metrics
2026-05-22T10:12:56 [INFO] Heartbeat + Metrics
2026-05-22T10:13:05 [INFO] Heartbeat + Metrics
2026-05-22T10:13:14 [INFO] Heartbeat + Metrics
2026-05-22T10:13:22 [INFO] Heartbeat + Metrics
2026-05-22T10:13:31 [INFO] Heartbeat + Metrics
2026-05-22T10:13:39 [INFO] Heartbeat + Metrics
2026-05-22T10:13:48 [INFO] Heartbeat + Metrics
2026-05-22T10:13:56 [INFO] Heartbeat + Metrics
2026-05-22T10:13:56 [WARN] Failsafe triggered: CPU too high
2026-05-22T10:14:05 [INFO] Heartbeat + Metrics
2026-05-22T10:14:14 [INFO] Heartbeat + Metrics
2026-05-22T10:14:23 [INFO] Heartbeat + Metrics
2026-05-22T10:14:32 [INFO] Heartbeat + Metrics
2026-05-22T10:14:32 [WARN] Failsafe triggered: CPU too high
2026-05-22T10:14:41 [INFO] Heartbeat + Metrics
2026-05-22T10:14:41 [WARN] Failsafe triggered: CPU too high
2026-05-22T10:14:50 [INFO] Heartbeat + Metrics
2026-05-22T10:14:59 [INFO] Heartbeat + Metrics
2026-05-22T10:15:08 [INFO] Heartbeat + Metrics
2026-05-22T10:15:08 [WARN] Failsafe triggered: CPU too high
2026-05-22T10:15:17 [INFO] Heartbeat + Metrics
2026-05-22T10:15:18 [WARN] Desired process no longer exists (PID 18448)
2026-05-22T10:15:18 [WARN] Desired process no longer exists (PID 5896)
2026-05-22T10:15:27 [INFO] Heartbeat + Metrics
2026-05-22T10:15:35 [INFO] Heartbeat + Metrics
2026-05-22T10:15:44 [INFO] Heartbeat + Metrics
2026-05-22T10:15:53 [INFO] Heartbeat + Metrics
2026-05-22T10:16:01 [INFO] Heartbeat + Metrics
2026-05-22T10:16:10 [INFO] Heartbeat + Metrics
2026-05-22T10:16:19 [INFO] Heartbeat + Metrics
2026-05-22T10:16:27 [INFO] Heartbeat + Metrics
2026-05-22T10:16:36 [INFO] Heartbeat + Metrics
2026-05-22T10:16:44 [INFO] Heartbeat + Metrics
2026-05-22T10:16:53 [INFO] Heartbeat + Metrics
2026-05-22T10:17:02 [INFO] Heartbeat + Metrics
2026-05-22T10:17:10 [INFO] Heartbeat + Metrics
2026-05-22T10:17:19 [INFO] Heartbeat + Metrics
2026-05-22T10:17:27 [INFO] Heartbeat + Metrics
2026-05-22T10:17:36 [INFO] Heartbeat + Metrics
2026-05-22T10:17:44 [INFO] Heartbeat + Metrics
2026-05-22T10:17:53 [INFO] Heartbeat + Metrics
2026-05-22T10:18:02 [INFO] Heartbeat + Metrics
2026-05-22T10:18:10 [INFO] Heartbeat + Metrics
2026-05-22T10:18:18 [INFO] Heartbeat + Metrics
2026-05-22T10:18:27 [INFO] Heartbeat + Metrics
2026-05-22T10:18:36 [INFO] Heartbeat + Metrics
2026-05-22T10:18:36 [WARN] Failsafe triggered: CPU too high
2026-05-22T10:18:44 [INFO] Heartbeat + Metrics
2026-05-22T10:18:53 [INFO] Heartbeat + Metrics
2026-05-22T10:18:53 [WARN] Failsafe triggered: CPU too high
2026-05-22T10:19:01 [INFO] Heartbeat + Metrics
2026-05-22T10:19:10 [INFO] Heartbeat + Metrics
2026-05-22T10:19:18 [INFO] Heartbeat + Metrics
2026-05-22T10:19:27 [INFO] Heartbeat + Metrics
2026-05-22T10:19:36 [INFO] Heartbeat + Metrics
2026-05-22T10:19:44 [INFO] Heartbeat + Metrics
2026-05-22T10:19:53 [INFO] Heartbeat + Metrics
2026-05-22T10:20:01 [INFO] Heartbeat + Metrics
2026-05-22T10:20:10 [INFO] Heartbeat + Metrics
2026-05-22T10:20:18 [INFO] Heartbeat + Metrics
2026-05-22T10:20:28 [INFO] Heartbeat + Metrics
2026-05-22T10:20:36 [INFO] Heartbeat + Metrics
2026-05-22T10:20:45 [INFO] Heartbeat + Metrics
2026-05-22T10:20:53 [INFO] Heartbeat + Metrics
2026-05-22T10:20:53 [WARN] Failsafe triggered: CPU too high
2026-05-22T10:21:02 [INFO] Heartbeat + Metrics
2026-05-22T10:21:11 [INFO] Heartbeat + Metrics
2026-05-22T10:21:19 [INFO] Heartbeat + Metrics
2026-05-22T10:21:28 [INFO] Heartbeat + Metrics
2026-05-22T10:21:36 [INFO] Heartbeat + Metrics
2026-05-22T10:21:45 [INFO] Heartbeat + Metrics
2026-05-22T10:21:54 [INFO] Heartbeat + Metrics
2026-05-22T10:22:02 [INFO] Heartbeat + Metrics
2026-05-22T10:22:11 [INFO] Heartbeat + Metrics
2026-05-22T10:22:20 [INFO] Heartbeat + Metrics
2026-05-22T10:22:29 [INFO] Heartbeat + Metrics
2026-05-22T10:22:37 [INFO] Heartbeat + Metrics
2026-05-22T10:22:46 [INFO] Heartbeat + Metrics
2026-05-22T10:22:54 [INFO] Heartbeat + Metrics
2026-05-22T10:23:03 [INFO] Heartbeat + Metrics
2026-05-22T10:23:11 [INFO] Heartbeat + Metrics
2026-05-22T10:23:20 [INFO] Heartbeat + Metrics
2026-05-22T10:23:28 [INFO] Heartbeat + Metrics
2026-05-22T10:23:37 [INFO] Heartbeat + Metrics
2026-05-22T10:23:46 [INFO] Heartbeat + Metrics
2026-05-22T10:23:54 [INFO] Heartbeat + Metrics
2026-05-22T10:24:04 [INFO] Heartbeat + Metrics
2026-05-22T10:24:04 [WARN] Failsafe triggered: CPU too high
2026-05-22T10:24:14 [INFO] Heartbeat + Metrics
2026-05-22T10:24:14 [WARN] Failsafe triggered: CPU too high
2026-05-22T10:24:25 [INFO] Heartbeat + Metrics
2026-05-22T10:24:25 [WARN] Failsafe triggered: CPU too high
2026-05-22T10:24:34 [INFO] Heartbeat + Metrics
2026-05-22T10:24:34 [WARN] Failsafe triggered: CPU too high
2026-05-22T10:24:43 [INFO] Heartbeat + Metrics
2026-05-22T10:24:43 [WARN] Failsafe triggered: CPU too high
2026-05-22T10:24:53 [INFO] Heartbeat + Metrics
2026-05-22T10:24:53 [WARN] Failsafe triggered: CPU too high
2026-05-22T10:25:03 [INFO] Heartbeat + Metrics
2026-05-22T10:25:03 [WARN] Failsafe triggered: CPU too high
2026-05-22T10:25:13 [INFO] Heartbeat + Metrics
2026-05-22T10:25:13 [WARN] Failsafe triggered: CPU too high
2026-05-22T10:25:22 [INFO] Heartbeat + Metrics
2026-05-22T10:25:31 [INFO] Heartbeat + Metrics
2026-05-22T10:25:31 [WARN] Failsafe triggered: CPU too high
2026-05-22T10:25:39 [INFO] Heartbeat + Metrics
2026-05-22T10:25:39 [WARN] Desired process no longer exists (PID 13268)
2026-05-22T10:25:39 [WARN] Desired process no longer exists (PID 5896)
2026-05-22T10:25:48 [INFO] Heartbeat + Metrics
2026-05-22T10:25:48 [WARN] Desired process no longer exists (PID 13268)
2026-05-22T10:25:48 [WARN] Desired process no longer exists (PID 5896)
2026-05-22T10:25:57 [INFO] Heartbeat + Metrics
2026-05-22T10:26:07 [INFO] Heartbeat + Metrics
2026-05-22T10:26:07 [WARN] Failsafe triggered: CPU too high
2026-05-22T10:26:15 [INFO] Heartbeat + Metrics
2026-05-22T10:26:25 [INFO] Heartbeat + Metrics
2026-05-22T10:26:33 [INFO] Heartbeat + Metrics
2026-05-22T10:26:42 [INFO] Heartbeat + Metrics
2026-05-22T10:26:51 [INFO] Heartbeat + Metrics
2026-05-22T10:26:59 [INFO] Heartbeat + Metrics
2026-05-22T10:27:08 [INFO] Heartbeat + Metrics
2026-05-22T10:27:17 [INFO] Heartbeat + Metrics
2026-05-22T10:27:25 [INFO] Heartbeat + Metrics
2026-05-22T10:27:34 [INFO] Heartbeat + Metrics
2026-05-22T10:27:42 [INFO] Heartbeat + Metrics
2026-05-22T10:27:51 [INFO] Heartbeat + Metrics
2026-05-22T10:28:00 [INFO] Heartbeat + Metrics
2026-05-22T10:28:08 [INFO] Heartbeat + Metrics
2026-05-22T10:28:17 [INFO] Heartbeat + Metrics
2026-05-22T10:28:26 [INFO] Heartbeat + Metrics
2026-05-22T10:28:34 [INFO] Heartbeat + Metrics
2026-05-22T10:28:43 [INFO] Heartbeat + Metrics
2026-05-22T10:28:52 [INFO] Heartbeat + Metrics
2026-05-22T10:29:01 [INFO] Heartbeat + Metrics
2026-05-22T10:29:09 [INFO] Heartbeat + Metrics
2026-05-22T10:29:18 [INFO] Heartbeat + Metrics
2026-05-22T10:29:27 [INFO] Heartbeat + Metrics
2026-05-22T10:29:35 [INFO] Heartbeat + Metrics
2026-05-22T10:29:44 [INFO] Heartbeat + Metrics
2026-05-22T10:29:52 [INFO] Heartbeat + Metrics
2026-05-22T10:30:01 [INFO] Heartbeat + Metrics
2026-05-22T10:30:10 [INFO] Heartbeat + Metrics
2026-05-22T10:30:18 [INFO] Heartbeat + Metrics
2026-05-22T10:30:27 [INFO] Heartbeat + Metrics
2026-05-22T10:30:36 [INFO] Heartbeat + Metrics
2026-05-22T10:30:44 [INFO] Heartbeat + Metrics
2026-05-22T10:30:53 [INFO] Heartbeat + Metrics
2026-05-22T10:31:02 [INFO] Heartbeat + Metrics
2026-05-22T10:31:10 [INFO] Heartbeat + Metrics
2026-05-22T10:31:19 [INFO] Heartbeat + Metrics
2026-05-22T10:31:28 [INFO] Heartbeat + Metrics
2026-05-22T10:31:36 [INFO] Heartbeat + Metrics
2026-05-22T10:31:45 [INFO] Heartbeat + Metrics
2026-05-22T10:31:53 [INFO] Heartbeat + Metrics
2026-05-22T10:32:02 [INFO] Heartbeat + Metrics
2026-05-22T10:32:11 [INFO] Heartbeat + Metrics
2026-05-22T10:32:19 [INFO] Heartbeat + Metrics
2026-05-22T10:32:28 [INFO] Heartbeat + Metrics
2026-05-22T10:32:36 [INFO] Heartbeat + Metrics
2026-05-22T10:32:45 [INFO] Heartbeat + Metrics
2026-05-22T10:32:53 [INFO] Heartbeat + Metrics
2026-05-22T10:33:02 [INFO] Heartbeat + Metrics
2026-05-22T10:33:11 [INFO] Heartbeat + Metrics
2026-05-22T10:33:19 [INFO] Heartbeat + Metrics
2026-05-22T10:33:28 [INFO] Heartbeat + Metrics
2026-05-22T10:33:37 [INFO] Heartbeat + Metrics
2026-05-22T10:33:37 [WARN] Failsafe triggered: CPU too high
2026-05-22T10:33:46 [INFO] Heartbeat + Metrics
2026-05-22T10:33:55 [INFO] Heartbeat + Metrics
2026-05-22T10:34:03 [INFO] Heartbeat + Metrics
2026-05-22T10:34:12 [INFO] Heartbeat + Metrics
2026-05-22T10:34:20 [INFO] Heartbeat + Metrics
2026-05-22T10:34:29 [INFO] Heartbeat + Metrics
2026-05-22T10:34:37 [INFO] Heartbeat + Metrics
2026-05-22T10:34:46 [INFO] Heartbeat + Metrics
2026-05-22T10:34:55 [INFO] Heartbeat + Metrics
2026-05-22T10:35:04 [INFO] Heartbeat + Metrics
2026-05-22T10:35:04 [WARN] Failsafe triggered: CPU too high
2026-05-22T10:35:12 [INFO] Heartbeat + Metrics
2026-05-22T10:35:21 [INFO] Heartbeat + Metrics
2026-05-22T10:35:29 [INFO] Heartbeat + Metrics
2026-05-22T10:35:38 [INFO] Heartbeat + Metrics
2026-05-22T10:35:47 [INFO] Heartbeat + Metrics
2026-05-22T10:35:55 [INFO] Heartbeat + Metrics
2026-05-22T10:36:04 [INFO] Heartbeat + Metrics
2026-05-22T10:36:13 [INFO] Heartbeat + Metrics
2026-05-22T10:36:21 [INFO] Heartbeat + Metrics
2026-05-22T10:36:30 [INFO] Heartbeat + Metrics
2026-05-22T10:36:38 [INFO] Heartbeat + Metrics
2026-05-22T10:36:47 [INFO] Heartbeat + Metrics
2026-05-22T10:36:55 [INFO] Heartbeat + Metrics
2026-05-22T10:37:04 [INFO] Heartbeat + Metrics
2026-05-22T10:37:13 [INFO] Heartbeat + Metrics
2026-05-22T10:37:21 [INFO] Heartbeat + Metrics
2026-05-22T10:37:30 [INFO] Heartbeat + Metrics
2026-05-22T10:37:38 [INFO] Heartbeat + Metrics
2026-05-22T10:37:47 [INFO] Heartbeat + Metrics
2026-05-22T10:37:55 [INFO] Heartbeat + Metrics
2026-05-22T10:38:04 [INFO] Heartbeat + Metrics
2026-05-22T10:38:13 [INFO] Heartbeat + Metrics
2026-05-22T10:38:21 [INFO] Heartbeat + Metrics
2026-05-22T10:38:30 [INFO] Heartbeat + Metrics
2026-05-22T10:38:38 [INFO] Heartbeat + Metrics
2026-05-22T10:38:47 [INFO] Heartbeat + Metrics
2026-05-22T10:38:55 [INFO] Heartbeat + Metrics
2026-05-22T10:39:04 [INFO] Heartbeat + Metrics
2026-05-22T10:39:12 [INFO] Heartbeat + Metrics
2026-05-22T10:39:21 [INFO] Heartbeat + Metrics
2026-05-22T10:39:30 [INFO] Heartbeat + Metrics
2026-05-22T10:39:38 [INFO] Heartbeat + Metrics
2026-05-22T10:39:47 [INFO] Heartbeat + Metrics
2026-05-22T10:39:55 [INFO] Heartbeat + Metrics
2026-05-22T10:40:04 [INFO] Heartbeat + Metrics
2026-05-22T10:40:12 [INFO] Heartbeat + Metrics
2026-05-22T10:40:21 [INFO] Heartbeat + Metrics
2026-05-22T10:40:30 [INFO] Heartbeat + Metrics
2026-05-22T10:40:38 [INFO] Heartbeat + Metrics
2026-05-22T10:40:47 [INFO] Heartbeat + Metrics
2026-05-22T10:40:55 [INFO] Heartbeat + Metrics
2026-05-22T10:41:04 [INFO] Heartbeat + Metrics
2026-05-22T10:41:12 [INFO] Heartbeat + Metrics
2026-05-22T10:41:22 [INFO] Heartbeat + Metrics
2026-05-22T10:41:30 [INFO] Heartbeat + Metrics
2026-05-22T10:41:39 [INFO] Heartbeat + Metrics
2026-05-22T10:41:48 [INFO] Heartbeat + Metrics
2026-05-22T10:41:56 [INFO] Heartbeat + Metrics
2026-05-22T10:42:05 [INFO] Heartbeat + Metrics
2026-05-22T10:42:13 [INFO] Heartbeat + Metrics
2026-05-22T10:42:22 [INFO] Heartbeat + Metrics
2026-05-22T10:42:31 [INFO] Heartbeat + Metrics
2026-05-22T10:42:39 [INFO] Heartbeat + Metrics
2026-05-22T10:42:48 [INFO] Heartbeat + Metrics
2026-05-22T10:42:57 [INFO] Heartbeat + Metrics
2026-05-22T10:43:05 [INFO] Heartbeat + Metrics
2026-05-22T10:43:14 [INFO] Heartbeat + Metrics
2026-05-22T10:43:23 [INFO] Heartbeat + Metrics
2026-05-22T10:43:23 [WARN] Failsafe triggered: CPU too high
2026-05-22T10:43:32 [INFO] Heartbeat + Metrics
2026-05-22T10:43:40 [INFO] Heartbeat + Metrics
2026-05-22T10:43:49 [INFO] Heartbeat + Metrics
2026-05-22T10:43:57 [INFO] Heartbeat + Metrics
2026-05-22T10:44:06 [INFO] Heartbeat + Metrics
2026-05-22T10:44:14 [INFO] Heartbeat + Metrics
2026-05-22T10:44:23 [INFO] Heartbeat + Metrics
2026-05-22T10:44:31 [INFO] Heartbeat + Metrics
2026-05-22T10:44:40 [INFO] Heartbeat + Metrics
2026-05-22T10:44:49 [INFO] Heartbeat + Metrics
2026-05-22T10:44:57 [INFO] Heartbeat + Metrics
2026-05-22T10:45:06 [INFO] Heartbeat + Metrics
2026-05-22T10:45:14 [INFO] Heartbeat + Metrics
2026-05-22T10:45:23 [INFO] Heartbeat + Metrics
2026-05-22T10:45:32 [INFO] Heartbeat + Metrics
2026-05-22T10:45:40 [INFO] Heartbeat + Metrics
2026-05-22T10:45:49 [INFO] Heartbeat + Metrics
2026-05-22T10:45:57 [INFO] Heartbeat + Metrics
2026-05-22T10:46:06 [INFO] Heartbeat + Metrics
2026-05-22T10:46:15 [INFO] Heartbeat + Metrics
2026-05-22T10:46:23 [INFO] Heartbeat + Metrics
2026-05-22T10:46:32 [INFO] Heartbeat + Metrics
2026-05-22T10:46:40 [INFO] Heartbeat + Metrics
2026-05-22T10:46:49 [INFO] Heartbeat + Metrics
2026-05-22T10:46:58 [INFO] Heartbeat + Metrics
2026-05-22T10:47:06 [INFO] Heartbeat + Metrics
2026-05-22T10:47:15 [INFO] Heartbeat + Metrics
2026-05-22T10:47:15 [WARN] Failsafe triggered: CPU too high
2026-05-22T10:47:24 [INFO] Heartbeat + Metrics
2026-05-22T10:47:32 [INFO] Heartbeat + Metrics
2026-05-22T10:47:33 [WARN] Desired process no longer exists (PID 18448)
2026-05-22T10:47:33 [WARN] Desired process no longer exists (PID 5896)
2026-05-22T10:47:41 [INFO] Heartbeat + Metrics
2026-05-22T10:47:41 [WARN] Desired process no longer exists (PID 18448)
2026-05-22T10:47:41 [WARN] Desired process no longer exists (PID 5896)
2026-05-22T10:47:50 [INFO] Heartbeat + Metrics
2026-05-22T10:47:50 [WARN] Desired process no longer exists (PID 18448)
2026-05-22T10:47:50 [WARN] Desired process no longer exists (PID 5896)
2026-05-22T10:47:59 [INFO] Heartbeat + Metrics
2026-05-22T10:48:07 [INFO] Heartbeat + Metrics
2026-05-22T10:48:16 [INFO] Heartbeat + Metrics
2026-05-22T10:48:24 [INFO] Heartbeat + Metrics
2026-05-22T10:48:33 [INFO] Heartbeat + Metrics
2026-05-22T10:48:42 [INFO] Heartbeat + Metrics
2026-05-22T10:48:50 [INFO] Heartbeat + Metrics
2026-05-22T10:48:59 [INFO] Heartbeat + Metrics
2026-05-22T10:49:07 [INFO] Heartbeat + Metrics
2026-05-22T10:49:16 [INFO] Heartbeat + Metrics
2026-05-22T10:49:25 [INFO] Heartbeat + Metrics
2026-05-22T10:49:25 [WARN] Failsafe triggered: CPU too high
2026-05-22T10:49:34 [INFO] Heartbeat + Metrics
2026-05-22T10:49:34 [WARN] Failsafe triggered: CPU too high
2026-05-22T10:49:43 [INFO] Heartbeat + Metrics
2026-05-22T10:49:43 [WARN] Failsafe triggered: CPU too high
2026-05-22T10:49:52 [INFO] Heartbeat + Metrics
2026-05-22T10:50:00 [INFO] Heartbeat + Metrics
2026-05-22T10:50:09 [INFO] Heartbeat + Metrics
2026-05-22T10:50:18 [INFO] Heartbeat + Metrics
2026-05-22T10:50:26 [INFO] Heartbeat + Metrics
2026-05-22T10:50:36 [INFO] Heartbeat + Metrics
2026-05-22T10:50:36 [WARN] Desired process no longer exists (PID 13268)
2026-05-22T10:50:36 [WARN] Desired process no longer exists (PID 5896)
2026-05-22T10:50:45 [INFO] Heartbeat + Metrics
2026-05-22T10:50:53 [INFO] Heartbeat + Metrics
2026-05-22T10:51:02 [INFO] Heartbeat + Metrics
2026-05-22T10:51:11 [INFO] Heartbeat + Metrics
2026-05-22T10:51:19 [INFO] Heartbeat + Metrics
2026-05-22T10:51:28 [INFO] Heartbeat + Metrics
2026-05-22T10:51:36 [INFO] Heartbeat + Metrics
2026-05-22T10:51:45 [INFO] Heartbeat + Metrics
2026-05-22T10:51:54 [INFO] Heartbeat + Metrics
2026-05-22T10:52:03 [INFO] Heartbeat + Metrics
2026-05-22T10:52:11 [INFO] Heartbeat + Metrics
2026-05-22T10:52:20 [INFO] Heartbeat + Metrics
2026-05-22T10:52:28 [INFO] Heartbeat + Metrics
2026-05-22T10:52:37 [INFO] Heartbeat + Metrics
2026-05-22T10:52:45 [INFO] Heartbeat + Metrics
2026-05-22T10:52:54 [INFO] Heartbeat + Metrics
2026-05-22T10:53:03 [INFO] Heartbeat + Metrics
2026-05-22T10:53:11 [INFO] Heartbeat + Metrics
2026-05-22T10:53:20 [INFO] Heartbeat + Metrics
2026-05-22T10:53:28 [INFO] Heartbeat + Metrics
2026-05-22T10:53:37 [INFO] Heartbeat + Metrics
2026-05-22T10:53:46 [INFO] Heartbeat + Metrics
2026-05-22T10:53:54 [INFO] Heartbeat + Metrics
2026-05-22T10:54:03 [INFO] Heartbeat + Metrics
2026-05-22T10:54:11 [INFO] Heartbeat + Metrics
2026-05-22T10:54:20 [INFO] Heartbeat + Metrics
2026-05-22T10:54:28 [INFO] Heartbeat + Metrics
2026-05-22T10:54:37 [INFO] Heartbeat + Metrics
2026-05-22T10:54:45 [INFO] Heartbeat + Metrics
2026-05-22T10:54:54 [INFO] Heartbeat + Metrics
2026-05-22T10:55:03 [INFO] Heartbeat + Metrics
2026-05-22T10:55:11 [INFO] Heartbeat + Metrics
2026-05-22T10:55:20 [INFO] Heartbeat + Metrics
2026-05-22T10:55:29 [INFO] Heartbeat + Metrics
2026-05-22T10:55:37 [INFO] Heartbeat + Metrics
2026-05-22T10:55:46 [INFO] Heartbeat + Metrics
2026-05-22T10:55:54 [INFO] Heartbeat + Metrics
2026-05-22T10:56:03 [INFO] Heartbeat + Metrics
2026-05-22T10:56:12 [INFO] Heartbeat + Metrics
2026-05-22T10:56:20 [INFO] Heartbeat + Metrics
2026-05-22T10:56:29 [INFO] Heartbeat + Metrics
2026-05-22T10:56:37 [INFO] Heartbeat + Metrics
2026-05-22T10:56:48 [INFO] Heartbeat + Metrics
2026-05-22T10:56:48 [WARN] Failsafe triggered: CPU too high
2026-05-22T10:56:57 [INFO] Heartbeat + Metrics
2026-05-22T10:57:05 [INFO] Heartbeat + Metrics
2026-05-22T10:57:14 [INFO] Heartbeat + Metrics
2026-05-22T10:57:23 [INFO] Heartbeat + Metrics
2026-05-22T10:57:31 [INFO] Heartbeat + Metrics
2026-05-22T10:57:40 [INFO] Heartbeat + Metrics
2026-05-22T10:57:48 [INFO] Heartbeat + Metrics
2026-05-22T10:57:57 [INFO] Heartbeat + Metrics
2026-05-22T10:58:06 [INFO] Heartbeat + Metrics
2026-05-22T10:58:14 [INFO] Heartbeat + Metrics
2026-05-22T10:58:23 [INFO] Heartbeat + Metrics
2026-05-22T10:58:32 [INFO] Heartbeat + Metrics
2026-05-22T10:58:40 [INFO] Heartbeat + Metrics
2026-05-22T10:58:49 [INFO] Heartbeat + Metrics
2026-05-22T10:58:58 [INFO] Heartbeat + Metrics
2026-05-22T10:59:06 [INFO] Heartbeat + Metrics
2026-05-22T10:59:15 [INFO] Heartbeat + Metrics
2026-05-22T10:59:23 [INFO] Heartbeat + Metrics
2026-05-22T10:59:32 [INFO] Heartbeat + Metrics
2026-05-22T10:59:40 [INFO] Heartbeat + Metrics
2026-05-22T10:59:49 [INFO] Heartbeat + Metrics
2026-05-22T10:59:57 [INFO] Heartbeat + Metrics
2026-05-22T11:00:06 [INFO] Heartbeat + Metrics
2026-05-22T11:00:14 [INFO] Heartbeat + Metrics
2026-05-22T11:00:23 [INFO] Heartbeat + Metrics
2026-05-22T11:00:32 [INFO] Heartbeat + Metrics
2026-05-22T11:00:40 [INFO] Heartbeat + Metrics
2026-05-22T11:00:49 [INFO] Heartbeat + Metrics
2026-05-22T11:00:57 [INFO] Heartbeat + Metrics
2026-05-22T11:01:06 [INFO] Heartbeat + Metrics
2026-05-22T11:01:14 [INFO] Heartbeat + Metrics
2026-05-22T11:01:23 [INFO] Heartbeat + Metrics
2026-05-22T11:01:31 [INFO] Heartbeat + Metrics
2026-05-22T11:01:40 [INFO] Heartbeat + Metrics
2026-05-22T11:01:48 [INFO] Heartbeat + Metrics
2026-05-22T11:01:57 [INFO] Heartbeat + Metrics
2026-05-22T11:02:05 [INFO] Heartbeat + Metrics
2026-05-22T11:02:14 [INFO] Heartbeat + Metrics
2026-05-22T11:02:23 [INFO] Heartbeat + Metrics
2026-05-22T11:02:31 [INFO] Heartbeat + Metrics
2026-05-22T11:02:41 [INFO] Heartbeat + Metrics
2026-05-22T11:02:41 [WARN] Failsafe triggered: CPU too high
2026-05-22T11:02:50 [INFO] Heartbeat + Metrics
2026-05-22T11:02:58 [INFO] Heartbeat + Metrics
2026-05-22T11:03:07 [INFO] Heartbeat + Metrics
2026-05-22T11:03:15 [INFO] Heartbeat + Metrics
2026-05-22T11:03:24 [INFO] Heartbeat + Metrics
2026-05-22T11:03:33 [INFO] Heartbeat + Metrics
2026-05-22T11:03:41 [INFO] Heartbeat + Metrics
2026-05-22T11:03:50 [INFO] Heartbeat + Metrics
2026-05-22T11:03:59 [INFO] Heartbeat + Metrics
2026-05-22T11:04:07 [INFO] Heartbeat + Metrics
2026-05-22T11:04:16 [INFO] Heartbeat + Metrics
2026-05-22T11:04:27 [INFO] Heartbeat + Metrics
2026-05-22T11:04:36 [INFO] Heartbeat + Metrics
2026-05-22T11:04:45 [INFO] Heartbeat + Metrics
2026-05-22T11:04:53 [INFO] Heartbeat + Metrics
2026-05-22T11:05:02 [INFO] Heartbeat + Metrics
2026-05-22T11:05:11 [INFO] Heartbeat + Metrics
2026-05-22T11:05:19 [INFO] Heartbeat + Metrics
2026-05-22T11:05:28 [INFO] Heartbeat + Metrics
2026-05-22T11:05:37 [INFO] Heartbeat + Metrics
2026-05-22T11:05:46 [INFO] Heartbeat + Metrics
2026-05-22T11:05:55 [INFO] Heartbeat + Metrics
2026-05-22T11:06:03 [INFO] Heartbeat + Metrics
2026-05-22T11:06:12 [INFO] Heartbeat + Metrics
2026-05-22T11:06:20 [INFO] Heartbeat + Metrics
2026-05-22T11:06:29 [INFO] Heartbeat + Metrics
2026-05-22T11:06:38 [INFO] Heartbeat + Metrics
2026-05-22T11:06:46 [INFO] Heartbeat + Metrics
2026-05-22T11:06:55 [INFO] Heartbeat + Metrics
2026-05-22T11:07:03 [INFO] Heartbeat + Metrics
2026-05-22T11:07:12 [INFO] Heartbeat + Metrics
2026-05-22T11:07:20 [INFO] Heartbeat + Metrics
2026-05-22T11:07:29 [INFO] Heartbeat + Metrics
2026-05-22T11:07:37 [INFO] Heartbeat + Metrics
2026-05-22T11:07:46 [INFO] Heartbeat + Metrics
2026-05-22T11:07:54 [INFO] Heartbeat + Metrics
2026-05-22T11:08:03 [INFO] Heartbeat + Metrics
2026-05-22T11:08:12 [INFO] Heartbeat + Metrics
2026-05-22T11:08:20 [INFO] Heartbeat + Metrics
2026-05-22T11:08:29 [INFO] Heartbeat + Metrics
2026-05-22T11:08:37 [INFO] Heartbeat + Metrics
2026-05-22T11:08:46 [INFO] Heartbeat + Metrics
2026-05-22T11:08:55 [INFO] Heartbeat + Metrics
2026-05-22T11:09:03 [INFO] Heartbeat + Metrics
2026-05-22T11:09:12 [INFO] Heartbeat + Metrics
2026-05-22T11:09:21 [INFO] Heartbeat + Metrics
2026-05-22T11:09:29 [INFO] Heartbeat + Metrics
2026-05-22T11:09:38 [INFO] Heartbeat + Metrics
2026-05-22T11:09:46 [INFO] Heartbeat + Metrics
2026-05-22T11:09:55 [INFO] Heartbeat + Metrics
2026-05-22T11:10:03 [INFO] Heartbeat + Metrics
2026-05-22T11:10:12 [INFO] Heartbeat + Metrics
2026-05-22T11:10:21 [INFO] Heartbeat + Metrics
2026-05-22T11:10:29 [INFO] Heartbeat + Metrics
2026-05-22T11:10:38 [INFO] Heartbeat + Metrics
2026-05-22T11:10:46 [INFO] Heartbeat + Metrics
2026-05-22T11:10:55 [INFO] Heartbeat + Metrics
2026-05-22T11:11:03 [INFO] Heartbeat + Metrics
2026-05-22T11:11:12 [INFO] Heartbeat + Metrics
2026-05-22T11:11:21 [INFO] Heartbeat + Metrics
2026-05-22T11:11:29 [INFO] Heartbeat + Metrics
2026-05-22T11:11:38 [INFO] Heartbeat + Metrics
2026-05-22T11:11:47 [INFO] Heartbeat + Metrics
2026-05-22T11:11:55 [INFO] Heartbeat + Metrics
2026-05-22T11:12:04 [INFO] Heartbeat + Metrics
2026-05-22T11:12:12 [INFO] Heartbeat + Metrics
2026-05-22T11:12:21 [INFO] Heartbeat + Metrics
2026-05-22T11:12:29 [INFO] Heartbeat + Metrics
2026-05-22T11:12:38 [INFO] Heartbeat + Metrics
2026-05-22T11:12:46 [INFO] Heartbeat + Metrics
2026-05-22T11:12:55 [INFO] Heartbeat + Metrics
2026-05-22T11:13:03 [INFO] Heartbeat + Metrics
2026-05-22T11:13:12 [INFO] Heartbeat + Metrics
2026-05-22T11:13:20 [INFO] Heartbeat + Metrics
2026-05-22T11:13:29 [INFO] Heartbeat + Metrics
2026-05-22T11:13:38 [INFO] Heartbeat + Metrics
2026-05-22T11:13:46 [INFO] Heartbeat + Metrics
2026-05-22T11:13:55 [INFO] Heartbeat + Metrics
2026-05-22T11:14:03 [INFO] Heartbeat + Metrics
2026-05-22T11:14:12 [INFO] Heartbeat + Metrics
2026-05-22T11:14:20 [INFO] Heartbeat + Metrics
2026-05-22T11:14:29 [INFO] Heartbeat + Metrics
2026-05-22T11:14:37 [INFO] Heartbeat + Metrics
2026-05-22T11:14:46 [INFO] Heartbeat + Metrics
2026-05-22T11:14:55 [INFO] Heartbeat + Metrics
2026-05-22T11:15:03 [INFO] Heartbeat + Metrics
2026-05-22T11:15:12 [INFO] Heartbeat + Metrics
2026-05-22T11:15:20 [INFO] Heartbeat + Metrics
2026-05-22T11:15:29 [INFO] Heartbeat + Metrics
2026-05-22T11:15:37 [INFO] Heartbeat + Metrics
2026-05-22T11:15:46 [INFO] Heartbeat + Metrics
2026-05-22T11:15:54 [INFO] Heartbeat + Metrics
2026-05-22T11:16:03 [INFO] Heartbeat + Metrics
2026-05-22T11:16:12 [INFO] Heartbeat + Metrics
2026-05-22T11:16:20 [INFO] Heartbeat + Metrics
2026-05-22T11:16:29 [INFO] Heartbeat + Metrics
2026-05-22T11:16:37 [INFO] Heartbeat + Metrics
2026-05-22T11:16:46 [INFO] Heartbeat + Metrics
2026-05-22T11:16:54 [INFO] Heartbeat + Metrics
2026-05-22T11:17:03 [INFO] Heartbeat + Metrics
2026-05-22T11:17:11 [INFO] Heartbeat + Metrics
2026-05-22T11:17:20 [INFO] Heartbeat + Metrics
2026-05-22T11:17:28 [INFO] Heartbeat + Metrics
2026-05-22T11:17:37 [INFO] Heartbeat + Metrics
2026-05-22T11:17:45 [INFO] Heartbeat + Metrics
2026-05-22T11:17:54 [INFO] Heartbeat + Metrics
2026-05-22T11:18:03 [INFO] Heartbeat + Metrics
2026-05-22T11:18:11 [INFO] Heartbeat + Metrics
2026-05-22T11:18:20 [INFO] Heartbeat + Metrics
2026-05-22T11:18:28 [INFO] Heartbeat + Metrics
2026-05-22T11:18:37 [INFO] Heartbeat + Metrics
2026-05-22T11:18:46 [INFO] Heartbeat + Metrics
2026-05-22T11:18:46 [WARN] Desired process no longer exists (PID 18448)
2026-05-22T11:18:46 [WARN] Desired process no longer exists (PID 5896)
2026-05-22T11:18:55 [INFO] Heartbeat + Metrics
2026-05-22T11:18:55 [WARN] Desired process no longer exists (PID 18448)
2026-05-22T11:18:55 [WARN] Desired process no longer exists (PID 5896)
2026-05-22T11:19:03 [INFO] Heartbeat + Metrics
2026-05-22T11:19:03 [WARN] Desired process no longer exists (PID 18448)
2026-05-22T11:19:03 [WARN] Desired process no longer exists (PID 5896)
2026-05-22T11:19:12 [INFO] Heartbeat + Metrics
2026-05-22T11:19:12 [WARN] Failsafe triggered: CPU too high
2026-05-22T11:19:21 [INFO] Heartbeat + Metrics
2026-05-22T11:19:29 [INFO] Heartbeat + Metrics
2026-05-22T11:19:38 [INFO] Heartbeat + Metrics
2026-05-22T11:19:46 [INFO] Heartbeat + Metrics
2026-05-22T11:19:55 [INFO] Heartbeat + Metrics
2026-05-22T11:20:04 [INFO] Heartbeat + Metrics
2026-05-22T11:20:04 [WARN] Failsafe triggered: CPU too high
2026-05-22T11:20:15 [INFO] Heartbeat + Metrics
2026-05-22T11:20:17 [WARN] Desired process no longer exists (PID 21164)
2026-05-22T11:20:17 [WARN] Desired process no longer exists (PID 5896)
2026-05-22T11:20:28 [INFO] Heartbeat + Metrics
2026-05-22T11:20:29 [WARN] Failsafe triggered: CPU too high
2026-05-22T11:20:37 [INFO] Heartbeat + Metrics
2026-05-22T11:20:37 [WARN] Failsafe triggered: CPU too high
2026-05-22T11:20:46 [INFO] Heartbeat + Metrics
2026-05-22T11:20:46 [WARN] Desired process no longer exists (PID 21164)
2026-05-22T11:20:46 [WARN] Desired process no longer exists (PID 5896)
2026-05-22T11:20:55 [INFO] Heartbeat + Metrics
2026-05-22T11:20:55 [WARN] Desired process no longer exists (PID 21164)
2026-05-22T11:20:55 [WARN] Desired process no longer exists (PID 5896)
2026-05-22T11:21:04 [INFO] Heartbeat + Metrics
2026-05-22T11:21:04 [WARN] Desired process no longer exists (PID 21164)
2026-05-22T11:21:04 [WARN] Desired process no longer exists (PID 5896)
2026-05-22T11:21:13 [INFO] Heartbeat + Metrics
2026-05-22T11:21:13 [WARN] Desired process no longer exists (PID 21164)
2026-05-22T11:21:13 [WARN] Desired process no longer exists (PID 5896)
2026-05-22T11:21:21 [INFO] Heartbeat + Metrics
2026-05-22T11:21:30 [INFO] Heartbeat + Metrics
2026-05-22T11:21:30 [WARN] Desired process no longer exists (PID 21164)
2026-05-22T11:21:30 [WARN] Desired process no longer exists (PID 5896)
2026-05-22T11:21:38 [INFO] Heartbeat + Metrics
2026-05-22T11:21:38 [WARN] Desired process no longer exists (PID 21164)
2026-05-22T11:21:38 [WARN] Desired process no longer exists (PID 5896)
2026-05-22T11:21:47 [INFO] Heartbeat + Metrics
2026-05-22T11:21:47 [WARN] Desired process no longer exists (PID 21164)
2026-05-22T11:21:47 [WARN] Desired process no longer exists (PID 5896)
2026-05-22T11:21:56 [INFO] Heartbeat + Metrics
2026-05-22T11:21:56 [WARN] Desired process no longer exists (PID 21164)
2026-05-22T11:21:56 [WARN] Desired process no longer exists (PID 5896)
2026-05-22T11:22:04 [INFO] Heartbeat + Metrics
2026-05-22T11:22:05 [WARN] Desired process no longer exists (PID 21164)
2026-05-22T11:22:05 [WARN] Desired process no longer exists (PID 5896)
2026-05-22T11:22:13 [INFO] Heartbeat + Metrics
2026-05-22T11:22:13 [WARN] Desired process no longer exists (PID 21164)
2026-05-22T11:22:13 [WARN] Desired process no longer exists (PID 5896)
2026-05-22T11:22:23 [INFO] Heartbeat + Metrics
2026-05-22T11:22:23 [WARN] Desired process no longer exists (PID 21164)
2026-05-22T11:22:23 [WARN] Desired process no longer exists (PID 5896)
2026-05-22T11:22:32 [INFO] Heartbeat + Metrics
2026-05-22T11:22:32 [WARN] Desired process no longer exists (PID 21164)
2026-05-22T11:22:32 [WARN] Desired process no longer exists (PID 5896)
2026-05-22T11:22:41 [INFO] Heartbeat + Metrics
2026-05-22T11:22:41 [WARN] Desired process no longer exists (PID 21164)
2026-05-22T11:22:41 [WARN] Desired process no longer exists (PID 5896)
2026-05-22T11:22:50 [INFO] Heartbeat + Metrics
2026-05-22T11:22:50 [WARN] Failsafe triggered: CPU too high
2026-05-22T11:22:59 [INFO] Heartbeat + Metrics
2026-05-22T11:22:59 [WARN] Failsafe triggered: CPU too high
2026-05-22T11:23:07 [INFO] Heartbeat + Metrics
2026-05-22T11:23:08 [WARN] Desired process no longer exists (PID 21164)
2026-05-22T11:23:08 [WARN] Desired process no longer exists (PID 5896)
2026-05-22T11:23:16 [INFO] Heartbeat + Metrics
2026-05-22T11:23:16 [WARN] Desired process no longer exists (PID 21164)
2026-05-22T11:23:16 [WARN] Desired process no longer exists (PID 5896)
2026-05-22T11:23:25 [INFO] Heartbeat + Metrics
2026-05-22T11:23:25 [WARN] Desired process no longer exists (PID 21164)
2026-05-22T11:23:25 [WARN] Desired process no longer exists (PID 5896)
2026-05-22T11:23:34 [INFO] Heartbeat + Metrics
2026-05-22T11:23:34 [WARN] Desired process no longer exists (PID 21164)
2026-05-22T11:23:34 [WARN] Desired process no longer exists (PID 5896)
2026-05-22T11:23:42 [INFO] Heartbeat + Metrics
2026-05-22T11:23:43 [WARN] Desired process no longer exists (PID 21164)
2026-05-22T11:23:43 [WARN] Desired process no longer exists (PID 5896)
2026-05-22T11:23:51 [INFO] Heartbeat + Metrics
2026-05-22T11:23:51 [WARN] Failsafe triggered: CPU too high
2026-05-22T11:24:00 [INFO] Heartbeat + Metrics
2026-05-22T11:24:00 [WARN] Desired process no longer exists (PID 21164)
2026-05-22T11:24:00 [WARN] Desired process no longer exists (PID 5896)
2026-05-22T11:24:08 [INFO] Heartbeat + Metrics
2026-05-22T11:24:09 [WARN] Desired process no longer exists (PID 21164)
2026-05-22T11:24:09 [WARN] Desired process no longer exists (PID 5896)
2026-05-22T11:24:17 [INFO] Heartbeat + Metrics
2026-05-22T11:24:17 [WARN] Desired process no longer exists (PID 21164)
2026-05-22T11:24:17 [WARN] Desired process no longer exists (PID 5896)
2026-05-22T11:24:26 [INFO] Heartbeat + Metrics
2026-05-22T11:24:26 [WARN] Desired process no longer exists (PID 21164)
2026-05-22T11:24:26 [WARN] Desired process no longer exists (PID 5896)
2026-05-22T11:24:35 [INFO] Heartbeat + Metrics
2026-05-22T11:24:35 [WARN] Desired process no longer exists (PID 21164)
2026-05-22T11:24:35 [WARN] Desired process no longer exists (PID 5896)
2026-05-22T11:24:44 [INFO] Heartbeat + Metrics
2026-05-22T11:24:44 [WARN] Desired process no longer exists (PID 21164)
2026-05-22T11:24:44 [WARN] Desired process no longer exists (PID 5896)
2026-05-22T11:24:53 [INFO] Heartbeat + Metrics
2026-05-22T11:24:53 [WARN] Desired process no longer exists (PID 21164)
2026-05-22T11:24:53 [WARN] Desired process no longer exists (PID 5896)
2026-05-22T11:25:02 [INFO] Heartbeat + Metrics
2026-05-22T11:25:10 [INFO] Heartbeat + Metrics
2026-05-22T11:25:10 [WARN] Desired process no longer exists (PID 21164)
2026-05-22T11:25:10 [WARN] Desired process no longer exists (PID 5896)
2026-05-22T11:25:19 [INFO] Heartbeat + Metrics
2026-05-22T11:25:19 [WARN] Desired process no longer exists (PID 21164)
2026-05-22T11:25:19 [WARN] Desired process no longer exists (PID 5896)
2026-05-22T11:25:28 [INFO] Heartbeat + Metrics
2026-05-22T11:25:28 [WARN] Desired process no longer exists (PID 21164)
2026-05-22T11:25:28 [WARN] Desired process no longer exists (PID 5896)
2026-05-22T11:25:36 [INFO] Heartbeat + Metrics
2026-05-22T11:25:36 [WARN] Desired process no longer exists (PID 21164)
2026-05-22T11:25:36 [WARN] Desired process no longer exists (PID 5896)
2026-05-22T11:25:45 [INFO] Heartbeat + Metrics
2026-05-22T11:25:45 [WARN] Desired process no longer exists (PID 21164)
2026-05-22T11:25:45 [WARN] Desired process no longer exists (PID 5896)
2026-05-22T11:25:55 [INFO] Heartbeat + Metrics
2026-05-22T11:25:55 [WARN] Desired process no longer exists (PID 21164)
2026-05-22T11:25:55 [WARN] Desired process no longer exists (PID 5896)
2026-05-22T11:26:04 [INFO] Heartbeat + Metrics
2026-05-22T11:26:13 [INFO] Heartbeat + Metrics
2026-05-22T11:26:13 [WARN] Desired process no longer exists (PID 21164)
2026-05-22T11:26:13 [WARN] Desired process no longer exists (PID 5896)
2026-05-22T11:26:21 [INFO] Heartbeat + Metrics
2026-05-22T11:26:21 [WARN] Desired process no longer exists (PID 21164)
2026-05-22T11:26:21 [WARN] Desired process no longer exists (PID 5896)
2026-05-22T11:26:30 [INFO] Heartbeat + Metrics
2026-05-22T11:26:30 [WARN] Desired process no longer exists (PID 21164)
2026-05-22T11:26:30 [WARN] Desired process no longer exists (PID 5896)
2026-05-22T11:26:38 [INFO] Heartbeat + Metrics
2026-05-22T11:26:47 [INFO] Heartbeat + Metrics
2026-05-22T11:26:56 [INFO] Heartbeat + Metrics
2026-05-22T11:27:05 [INFO] Heartbeat + Metrics
2026-05-22T11:27:13 [INFO] Heartbeat + Metrics
2026-05-22T11:27:22 [INFO] Heartbeat + Metrics
2026-05-22T11:27:22 [WARN] Desired process no longer exists (PID 21164)
2026-05-22T11:27:22 [WARN] Desired process no longer exists (PID 5896)
2026-05-22T11:27:31 [INFO] Heartbeat + Metrics
2026-05-22T11:27:31 [WARN] Desired process no longer exists (PID 21164)
2026-05-22T11:27:31 [WARN] Desired process no longer exists (PID 5896)
2026-05-22T11:27:39 [INFO] Heartbeat + Metrics
2026-05-22T11:27:39 [WARN] Desired process no longer exists (PID 21164)
2026-05-22T11:27:39 [WARN] Desired process no longer exists (PID 5896)
2026-05-22T11:27:48 [INFO] Heartbeat + Metrics
2026-05-22T11:27:48 [WARN] Desired process no longer exists (PID 21164)
2026-05-22T11:27:48 [WARN] Desired process no longer exists (PID 5896)
2026-05-22T11:27:56 [INFO] Heartbeat + Metrics
2026-05-22T11:27:57 [WARN] Desired process no longer exists (PID 21164)
2026-05-22T11:27:57 [WARN] Desired process no longer exists (PID 5896)
2026-05-22T11:28:05 [INFO] Heartbeat + Metrics
2026-05-22T11:28:05 [WARN] Desired process no longer exists (PID 21164)
2026-05-22T11:28:05 [WARN] Desired process no longer exists (PID 5896)
2026-05-22T11:28:14 [INFO] Heartbeat + Metrics
2026-05-22T11:28:14 [WARN] Desired process no longer exists (PID 21164)
2026-05-22T11:28:14 [WARN] Desired process no longer exists (PID 5896)
2026-05-22T11:28:22 [INFO] Heartbeat + Metrics
2026-05-22T11:28:22 [WARN] Desired process no longer exists (PID 21164)
2026-05-22T11:28:22 [WARN] Desired process no longer exists (PID 5896)
2026-05-22T11:28:31 [INFO] Heartbeat + Metrics
2026-05-22T11:28:31 [WARN] Desired process no longer exists (PID 21164)
2026-05-22T11:28:31 [WARN] Desired process no longer exists (PID 5896)
2026-05-22T11:28:40 [INFO] Heartbeat + Metrics
2026-05-22T11:28:40 [WARN] Desired process no longer exists (PID 21164)
2026-05-22T11:28:40 [WARN] Desired process no longer exists (PID 5896)
2026-05-22T11:28:48 [INFO] Heartbeat + Metrics
2026-05-22T11:28:48 [WARN] Desired process no longer exists (PID 21164)
2026-05-22T11:28:48 [WARN] Desired process no longer exists (PID 5896)
2026-05-22T11:28:57 [INFO] Heartbeat + Metrics
2026-05-22T11:28:57 [WARN] Desired process no longer exists (PID 21164)
2026-05-22T11:28:57 [WARN] Desired process no longer exists (PID 5896)
2026-05-22T11:29:06 [INFO] Heartbeat + Metrics
2026-05-22T11:29:06 [WARN] Desired process no longer exists (PID 21164)
2026-05-22T11:29:06 [WARN] Desired process no longer exists (PID 5896)
2026-05-22T11:29:14 [INFO] Heartbeat + Metrics
2026-05-22T11:29:14 [WARN] Desired process no longer exists (PID 21164)
2026-05-22T11:29:14 [WARN] Desired process no longer exists (PID 5896)
2026-05-22T11:29:23 [INFO] Heartbeat + Metrics
2026-05-22T11:29:23 [WARN] Desired process no longer exists (PID 21164)
2026-05-22T11:29:23 [WARN] Desired process no longer exists (PID 5896)
2026-05-22T11:29:31 [INFO] Heartbeat + Metrics
2026-05-22T11:29:32 [WARN] Desired process no longer exists (PID 21164)
2026-05-22T11:29:32 [WARN] Desired process no longer exists (PID 5896)
2026-05-22T11:29:40 [INFO] Heartbeat + Metrics
2026-05-22T11:29:49 [INFO] Heartbeat + Metrics
2026-05-22T11:29:57 [INFO] Heartbeat + Metrics
2026-05-22T11:29:57 [WARN] Desired process no longer exists (PID 21164)
2026-05-22T11:29:57 [WARN] Desired process no longer exists (PID 5896)
2026-05-22T11:30:06 [INFO] Heartbeat + Metrics
2026-05-22T11:30:06 [WARN] Desired process no longer exists (PID 21164)
2026-05-22T11:30:06 [WARN] Desired process no longer exists (PID 5896)
2026-05-22T11:30:15 [INFO] Heartbeat + Metrics
2026-05-22T11:30:15 [WARN] Desired process no longer exists (PID 21164)
2026-05-22T11:30:15 [WARN] Desired process no longer exists (PID 5896)
2026-05-22T11:30:23 [INFO] Heartbeat + Metrics
2026-05-22T11:30:23 [WARN] Desired process no longer exists (PID 21164)
2026-05-22T11:30:23 [WARN] Desired process no longer exists (PID 5896)
2026-05-22T11:30:32 [INFO] Heartbeat + Metrics
2026-05-22T11:30:32 [WARN] Desired process no longer exists (PID 21164)
2026-05-22T11:30:32 [WARN] Desired process no longer exists (PID 5896)
2026-05-22T11:30:41 [INFO] Heartbeat + Metrics
2026-05-22T11:30:41 [WARN] Desired process no longer exists (PID 21164)
2026-05-22T11:30:41 [WARN] Desired process no longer exists (PID 5896)
2026-05-22T11:30:49 [INFO] Heartbeat + Metrics
2026-05-22T11:30:50 [WARN] Desired process no longer exists (PID 21164)
2026-05-22T11:30:50 [WARN] Desired process no longer exists (PID 5896)
2026-05-22T11:30:58 [INFO] Heartbeat + Metrics
2026-05-22T11:30:58 [WARN] Desired process no longer exists (PID 21164)
2026-05-22T11:30:58 [WARN] Desired process no longer exists (PID 5896)
2026-05-22T11:31:07 [INFO] Heartbeat + Metrics
2026-05-22T11:31:07 [WARN] Desired process no longer exists (PID 21164)
2026-05-22T11:31:07 [WARN] Desired process no longer exists (PID 5896)
2026-05-22T11:31:15 [INFO] Heartbeat + Metrics
2026-05-22T11:31:15 [WARN] Desired process no longer exists (PID 21164)
2026-05-22T11:31:15 [WARN] Desired process no longer exists (PID 5896)
2026-05-22T11:31:24 [INFO] Heartbeat + Metrics
2026-05-22T11:31:24 [WARN] Desired process no longer exists (PID 21164)
2026-05-22T11:31:24 [WARN] Desired process no longer exists (PID 5896)
2026-05-22T11:31:33 [INFO] Heartbeat + Metrics
2026-05-22T11:31:33 [WARN] Desired process no longer exists (PID 21164)
2026-05-22T11:31:33 [WARN] Desired process no longer exists (PID 5896)
2026-05-22T11:31:43 [INFO] Heartbeat + Metrics
2026-05-22T11:31:51 [INFO] Heartbeat + Metrics
2026-05-22T11:31:51 [WARN] Failsafe triggered: CPU too high
2026-05-22T11:32:00 [INFO] Heartbeat + Metrics
2026-05-22T11:32:00 [WARN] Desired process no longer exists (PID 21164)
2026-05-22T11:32:00 [WARN] Desired process no longer exists (PID 5896)
2026-05-22T11:32:09 [INFO] Heartbeat + Metrics
2026-05-22T11:32:09 [WARN] Desired process no longer exists (PID 21164)
2026-05-22T11:32:09 [WARN] Desired process no longer exists (PID 5896)
2026-05-22T11:32:17 [INFO] Heartbeat + Metrics
2026-05-22T11:32:17 [WARN] Desired process no longer exists (PID 21164)
2026-05-22T11:32:17 [WARN] Desired process no longer exists (PID 5896)
2026-05-22T11:32:26 [INFO] Heartbeat + Metrics
2026-05-22T11:32:26 [WARN] Desired process no longer exists (PID 21164)
2026-05-22T11:32:26 [WARN] Desired process no longer exists (PID 5896)
2026-05-22T11:32:35 [INFO] Heartbeat + Metrics
2026-05-22T11:32:44 [INFO] Heartbeat + Metrics
2026-05-22T11:32:53 [INFO] Heartbeat + Metrics
2026-05-22T11:33:02 [INFO] Heartbeat + Metrics
2026-05-22T11:33:11 [INFO] Heartbeat + Metrics
2026-05-22T11:33:20 [INFO] Heartbeat + Metrics
2026-05-22T11:33:28 [INFO] Heartbeat + Metrics
2026-05-22T11:33:37 [INFO] Heartbeat + Metrics
2026-05-22T11:33:46 [INFO] Heartbeat + Metrics
2026-05-22T11:33:54 [INFO] Heartbeat + Metrics
2026-05-22T11:34:03 [INFO] Heartbeat + Metrics
2026-05-22T11:34:12 [INFO] Heartbeat + Metrics
2026-05-22T11:34:20 [INFO] Heartbeat + Metrics
2026-05-22T11:34:21 [WARN] Desired process no longer exists (PID 21164)
2026-05-22T11:34:21 [WARN] Desired process no longer exists (PID 5896)
2026-05-22T11:34:29 [INFO] Heartbeat + Metrics
2026-05-22T11:34:29 [WARN] Desired process no longer exists (PID 21164)
2026-05-22T11:34:29 [WARN] Desired process no longer exists (PID 5896)
2026-05-22T11:34:38 [INFO] Heartbeat + Metrics
2026-05-22T11:34:46 [INFO] Heartbeat + Metrics
2026-05-22T11:34:55 [INFO] Heartbeat + Metrics
2026-05-22T11:34:55 [WARN] Desired process no longer exists (PID 21164)
2026-05-22T11:34:55 [WARN] Desired process no longer exists (PID 5896)
2026-05-22T11:35:03 [INFO] Heartbeat + Metrics
2026-05-22T11:35:03 [WARN] Desired process no longer exists (PID 21164)
2026-05-22T11:35:03 [WARN] Desired process no longer exists (PID 5896)
2026-05-22T11:35:12 [INFO] Heartbeat + Metrics
2026-05-22T11:35:12 [WARN] Desired process no longer exists (PID 21164)
2026-05-22T11:35:12 [WARN] Desired process no longer exists (PID 5896)
2026-05-22T11:35:21 [INFO] Heartbeat + Metrics
2026-05-22T11:35:29 [INFO] Heartbeat + Metrics
2026-05-22T11:35:38 [INFO] Heartbeat + Metrics
2026-05-22T11:35:38 [WARN] Desired process no longer exists (PID 21164)
2026-05-22T11:35:38 [WARN] Desired process no longer exists (PID 5896)
2026-05-22T11:35:46 [INFO] Heartbeat + Metrics
2026-05-22T11:35:46 [WARN] Desired process no longer exists (PID 21164)
2026-05-22T11:35:46 [WARN] Desired process no longer exists (PID 5896)
2026-05-22T11:35:55 [INFO] Heartbeat + Metrics
2026-05-22T11:35:55 [WARN] Desired process no longer exists (PID 21164)
2026-05-22T11:35:55 [WARN] Desired process no longer exists (PID 5896)
2026-05-22T11:36:04 [INFO] Heartbeat + Metrics
2026-05-22T11:36:04 [WARN] Desired process no longer exists (PID 21164)
2026-05-22T11:36:04 [WARN] Desired process no longer exists (PID 5896)
2026-05-22T11:36:12 [INFO] Heartbeat + Metrics
2026-05-22T11:36:12 [WARN] Desired process no longer exists (PID 21164)
2026-05-22T11:36:12 [WARN] Desired process no longer exists (PID 5896)
2026-05-22T11:36:21 [INFO] Heartbeat + Metrics
2026-05-22T11:36:21 [WARN] Desired process no longer exists (PID 21164)
2026-05-22T11:36:21 [WARN] Desired process no longer exists (PID 5896)
2026-05-22T11:36:30 [INFO] Heartbeat + Metrics
2026-05-22T11:36:30 [WARN] Desired process no longer exists (PID 21164)
2026-05-22T11:36:30 [WARN] Desired process no longer exists (PID 5896)
2026-05-22T11:36:38 [INFO] Heartbeat + Metrics
2026-05-22T11:36:38 [WARN] Desired process no longer exists (PID 21164)
2026-05-22T11:36:38 [WARN] Desired process no longer exists (PID 5896)
2026-05-22T11:36:47 [INFO] Heartbeat + Metrics
2026-05-22T11:36:47 [WARN] Desired process no longer exists (PID 21164)
2026-05-22T11:36:47 [WARN] Desired process no longer exists (PID 5896)
2026-05-22T11:36:56 [INFO] Heartbeat + Metrics
2026-05-22T11:36:56 [WARN] Desired process no longer exists (PID 21164)
2026-05-22T11:36:56 [WARN] Desired process no longer exists (PID 5896)
2026-05-22T11:37:04 [INFO] Heartbeat + Metrics
2026-05-22T11:37:04 [WARN] Desired process no longer exists (PID 21164)
2026-05-22T11:37:04 [WARN] Desired process no longer exists (PID 5896)
2026-05-22T11:37:13 [INFO] Heartbeat + Metrics
2026-05-22T11:37:13 [WARN] Desired process no longer exists (PID 21164)
2026-05-22T11:37:13 [WARN] Desired process no longer exists (PID 5896)
2026-05-22T11:37:22 [INFO] Heartbeat + Metrics
2026-05-22T11:37:22 [WARN] Desired process no longer exists (PID 21164)
2026-05-22T11:37:22 [WARN] Desired process no longer exists (PID 5896)
2026-05-22T11:37:30 [INFO] Heartbeat + Metrics
2026-05-22T11:37:30 [WARN] Desired process no longer exists (PID 21164)
2026-05-22T11:37:30 [WARN] Desired process no longer exists (PID 5896)
2026-05-22T11:37:39 [INFO] Heartbeat + Metrics
2026-05-22T11:37:39 [WARN] Desired process no longer exists (PID 21164)
2026-05-22T11:37:39 [WARN] Desired process no longer exists (PID 5896)
2026-05-22T11:37:48 [INFO] Heartbeat + Metrics
2026-05-22T11:37:48 [WARN] Desired process no longer exists (PID 21164)
2026-05-22T11:37:48 [WARN] Desired process no longer exists (PID 5896)
2026-05-22T11:37:56 [INFO] Heartbeat + Metrics
2026-05-22T11:37:56 [WARN] Desired process no longer exists (PID 21164)
2026-05-22T11:37:56 [WARN] Desired process no longer exists (PID 5896)
2026-05-22T11:38:05 [INFO] Heartbeat + Metrics
2026-05-22T11:38:05 [WARN] Desired process no longer exists (PID 21164)
2026-05-22T11:38:05 [WARN] Desired process no longer exists (PID 5896)
2026-05-22T11:38:14 [INFO] Heartbeat + Metrics
2026-05-22T11:38:22 [INFO] Heartbeat + Metrics
2026-05-22T11:38:22 [WARN] Desired process no longer exists (PID 21164)
2026-05-22T11:38:22 [WARN] Desired process no longer exists (PID 5896)
2026-05-22T11:38:31 [INFO] Heartbeat + Metrics
2026-05-22T11:38:31 [WARN] Desired process no longer exists (PID 21164)
2026-05-22T11:38:31 [WARN] Desired process no longer exists (PID 5896)
2026-05-22T11:38:39 [INFO] Heartbeat + Metrics
2026-05-22T11:38:39 [WARN] Desired process no longer exists (PID 21164)
2026-05-22T11:38:39 [WARN] Desired process no longer exists (PID 5896)
2026-05-22T11:38:48 [INFO] Heartbeat + Metrics
2026-05-22T11:38:48 [WARN] Desired process no longer exists (PID 21164)
2026-05-22T11:38:48 [WARN] Desired process no longer exists (PID 5896)
2026-05-22T11:38:57 [INFO] Heartbeat + Metrics
2026-05-22T11:38:57 [WARN] Desired process no longer exists (PID 21164)
2026-05-22T11:38:57 [WARN] Desired process no longer exists (PID 5896)
2026-05-22T11:39:05 [INFO] Heartbeat + Metrics
2026-05-22T11:39:05 [WARN] Desired process no longer exists (PID 21164)
2026-05-22T11:39:05 [WARN] Desired process no longer exists (PID 5896)
2026-05-22T11:39:14 [INFO] Heartbeat + Metrics
2026-05-22T11:39:14 [WARN] Desired process no longer exists (PID 21164)
2026-05-22T11:39:14 [WARN] Desired process no longer exists (PID 5896)
2026-05-22T11:39:23 [INFO] Heartbeat + Metrics
2026-05-22T11:39:23 [WARN] Desired process no longer exists (PID 21164)
2026-05-22T11:39:23 [WARN] Desired process no longer exists (PID 5896)
2026-05-22T11:39:31 [INFO] Heartbeat + Metrics
2026-05-22T11:39:31 [WARN] Desired process no longer exists (PID 21164)
2026-05-22T11:39:31 [WARN] Desired process no longer exists (PID 5896)
2026-05-22T11:39:40 [INFO] Heartbeat + Metrics
2026-05-22T11:39:40 [WARN] Desired process no longer exists (PID 21164)
2026-05-22T11:39:40 [WARN] Desired process no longer exists (PID 5896)
2026-05-22T11:39:49 [INFO] Heartbeat + Metrics
2026-05-22T11:39:49 [WARN] Desired process no longer exists (PID 21164)
2026-05-22T11:39:49 [WARN] Desired process no longer exists (PID 5896)
2026-05-22T11:39:57 [INFO] Heartbeat + Metrics
2026-05-22T11:39:57 [WARN] Desired process no longer exists (PID 21164)
2026-05-22T11:39:57 [WARN] Desired process no longer exists (PID 5896)
2026-05-22T11:40:06 [INFO] Heartbeat + Metrics
2026-05-22T11:40:06 [WARN] Desired process no longer exists (PID 21164)
2026-05-22T11:40:06 [WARN] Desired process no longer exists (PID 5896)
2026-05-22T11:40:15 [INFO] Heartbeat + Metrics
2026-05-22T11:40:15 [WARN] Desired process no longer exists (PID 21164)
2026-05-22T11:40:15 [WARN] Desired process no longer exists (PID 5896)
2026-05-22T11:40:23 [INFO] Heartbeat + Metrics
2026-05-22T11:40:23 [WARN] Desired process no longer exists (PID 21164)
2026-05-22T11:40:23 [WARN] Desired process no longer exists (PID 5896)
2026-05-22T11:40:32 [INFO] Heartbeat + Metrics
2026-05-22T11:40:32 [WARN] Desired process no longer exists (PID 21164)
2026-05-22T11:40:32 [WARN] Desired process no longer exists (PID 5896)
2026-05-22T11:40:40 [INFO] Heartbeat + Metrics
2026-05-22T11:40:40 [WARN] Desired process no longer exists (PID 21164)
2026-05-22T11:40:41 [WARN] Desired process no longer exists (PID 5896)
2026-05-22T11:40:49 [INFO] Heartbeat + Metrics
2026-05-22T11:40:49 [WARN] Desired process no longer exists (PID 21164)
2026-05-22T11:40:49 [WARN] Desired process no longer exists (PID 5896)
2026-05-22T11:40:58 [INFO] Heartbeat + Metrics
2026-05-22T11:40:58 [WARN] Desired process no longer exists (PID 21164)
2026-05-22T11:40:58 [WARN] Desired process no longer exists (PID 5896)
2026-05-22T11:41:06 [INFO] Heartbeat + Metrics
2026-05-22T11:41:07 [WARN] Desired process no longer exists (PID 21164)
2026-05-22T11:41:07 [WARN] Desired process no longer exists (PID 5896)
2026-05-22T11:41:15 [INFO] Heartbeat + Metrics
2026-05-22T11:41:15 [WARN] Desired process no longer exists (PID 21164)
2026-05-22T11:41:15 [WARN] Desired process no longer exists (PID 5896)
2026-05-22T11:41:24 [INFO] Heartbeat + Metrics
2026-05-22T11:41:24 [WARN] Desired process no longer exists (PID 21164)
2026-05-22T11:41:24 [WARN] Desired process no longer exists (PID 5896)
2026-05-22T11:41:32 [INFO] Heartbeat + Metrics
2026-05-22T11:41:32 [WARN] Desired process no longer exists (PID 21164)
2026-05-22T11:41:32 [WARN] Desired process no longer exists (PID 5896)
2026-05-22T11:41:41 [INFO] Heartbeat + Metrics
2026-05-22T11:41:41 [WARN] Desired process no longer exists (PID 21164)
2026-05-22T11:41:41 [WARN] Desired process no longer exists (PID 5896)
2026-05-22T11:41:50 [INFO] Heartbeat + Metrics
2026-05-22T11:41:50 [WARN] Desired process no longer exists (PID 21164)
2026-05-22T11:41:50 [WARN] Desired process no longer exists (PID 5896)
2026-05-22T11:41:58 [INFO] Heartbeat + Metrics
2026-05-22T11:41:58 [WARN] Desired process no longer exists (PID 21164)
2026-05-22T11:41:58 [WARN] Desired process no longer exists (PID 5896)
2026-05-22T11:42:07 [INFO] Heartbeat + Metrics
2026-05-22T11:42:07 [WARN] Desired process no longer exists (PID 21164)
2026-05-22T11:42:07 [WARN] Desired process no longer exists (PID 5896)
2026-05-22T11:42:15 [INFO] Heartbeat + Metrics
2026-05-22T11:42:16 [WARN] Desired process no longer exists (PID 21164)
2026-05-22T11:42:16 [WARN] Desired process no longer exists (PID 5896)
2026-05-22T11:42:24 [INFO] Heartbeat + Metrics
2026-05-22T11:42:33 [INFO] Heartbeat + Metrics
2026-05-22T11:42:33 [WARN] Desired process no longer exists (PID 21164)
2026-05-22T11:42:33 [WARN] Desired process no longer exists (PID 5896)
2026-05-22T11:42:41 [INFO] Heartbeat + Metrics
2026-05-22T11:42:41 [WARN] Desired process no longer exists (PID 21164)
2026-05-22T11:42:41 [WARN] Desired process no longer exists (PID 5896)
2026-05-22T11:42:50 [INFO] Heartbeat + Metrics
2026-05-22T11:42:50 [WARN] Desired process no longer exists (PID 21164)
2026-05-22T11:42:50 [WARN] Desired process no longer exists (PID 5896)
2026-05-22T11:42:58 [INFO] Heartbeat + Metrics
2026-05-22T11:42:58 [WARN] Desired process no longer exists (PID 21164)
2026-05-22T11:42:58 [WARN] Desired process no longer exists (PID 5896)
2026-05-22T11:43:07 [INFO] Heartbeat + Metrics
2026-05-22T11:43:07 [WARN] Desired process no longer exists (PID 21164)
2026-05-22T11:43:07 [WARN] Desired process no longer exists (PID 5896)
2026-05-22T11:43:16 [INFO] Heartbeat + Metrics
2026-05-22T11:43:16 [WARN] Desired process no longer exists (PID 21164)
2026-05-22T11:43:16 [WARN] Desired process no longer exists (PID 5896)
2026-05-22T11:43:24 [INFO] Heartbeat + Metrics
2026-05-22T11:43:24 [WARN] Desired process no longer exists (PID 21164)
2026-05-22T11:43:24 [WARN] Desired process no longer exists (PID 5896)
2026-05-22T11:43:33 [INFO] Heartbeat + Metrics
2026-05-22T11:43:33 [WARN] Desired process no longer exists (PID 21164)
2026-05-22T11:43:33 [WARN] Desired process no longer exists (PID 5896)
2026-05-22T11:43:42 [INFO] Heartbeat + Metrics
2026-05-22T11:43:42 [WARN] Desired process no longer exists (PID 21164)
2026-05-22T11:43:42 [WARN] Desired process no longer exists (PID 5896)
2026-05-22T11:43:50 [INFO] Heartbeat + Metrics
2026-05-22T11:43:50 [WARN] Desired process no longer exists (PID 21164)
2026-05-22T11:43:50 [WARN] Desired process no longer exists (PID 5896)
2026-05-22T11:43:59 [INFO] Heartbeat + Metrics
2026-05-22T11:43:59 [WARN] Desired process no longer exists (PID 21164)
2026-05-22T11:43:59 [WARN] Desired process no longer exists (PID 5896)
2026-05-22T11:44:08 [INFO] Heartbeat + Metrics
2026-05-22T11:44:08 [WARN] Desired process no longer exists (PID 21164)
2026-05-22T11:44:08 [WARN] Desired process no longer exists (PID 5896)
2026-05-22T11:44:16 [INFO] Heartbeat + Metrics
2026-05-22T11:44:16 [WARN] Desired process no longer exists (PID 21164)
2026-05-22T11:44:16 [WARN] Desired process no longer exists (PID 5896)
2026-05-22T11:44:25 [INFO] Heartbeat + Metrics
2026-05-22T11:44:25 [WARN] Desired process no longer exists (PID 21164)
2026-05-22T11:44:25 [WARN] Desired process no longer exists (PID 5896)
2026-05-22T11:44:33 [INFO] Heartbeat + Metrics
2026-05-22T11:44:34 [WARN] Desired process no longer exists (PID 21164)
2026-05-22T11:44:34 [WARN] Desired process no longer exists (PID 5896)
2026-05-22T11:44:42 [INFO] Heartbeat + Metrics
2026-05-22T11:44:42 [WARN] Desired process no longer exists (PID 21164)
2026-05-22T11:44:42 [WARN] Desired process no longer exists (PID 5896)
2026-05-22T11:44:51 [INFO] Heartbeat + Metrics
2026-05-22T11:44:51 [WARN] Desired process no longer exists (PID 21164)
2026-05-22T11:44:51 [WARN] Desired process no longer exists (PID 5896)
2026-05-22T11:44:59 [INFO] Heartbeat + Metrics
2026-05-22T11:44:59 [WARN] Desired process no longer exists (PID 21164)
2026-05-22T11:44:59 [WARN] Desired process no longer exists (PID 5896)
2026-05-22T11:45:08 [INFO] Heartbeat + Metrics
2026-05-22T11:45:08 [WARN] Desired process no longer exists (PID 21164)
2026-05-22T11:45:08 [WARN] Desired process no longer exists (PID 5896)
2026-05-22T11:45:17 [INFO] Heartbeat + Metrics
2026-05-22T11:45:17 [WARN] Desired process no longer exists (PID 21164)
2026-05-22T11:45:17 [WARN] Desired process no longer exists (PID 5896)
2026-05-22T11:45:25 [INFO] Heartbeat + Metrics
2026-05-22T11:45:25 [WARN] Desired process no longer exists (PID 21164)
2026-05-22T11:45:25 [WARN] Desired process no longer exists (PID 5896)
2026-05-22T11:45:34 [INFO] Heartbeat + Metrics
2026-05-22T11:45:42 [INFO] Heartbeat + Metrics
2026-05-22T11:45:42 [WARN] Desired process no longer exists (PID 21164)
2026-05-22T11:45:42 [WARN] Desired process no longer exists (PID 5896)
2026-05-22T11:45:51 [INFO] Heartbeat + Metrics
2026-05-22T11:45:51 [WARN] Desired process no longer exists (PID 21164)
2026-05-22T11:45:51 [WARN] Desired process no longer exists (PID 5896)
2026-05-22T11:46:00 [INFO] Heartbeat + Metrics
2026-05-22T11:46:00 [WARN] Desired process no longer exists (PID 21164)
2026-05-22T11:46:00 [WARN] Desired process no longer exists (PID 5896)
2026-05-22T11:46:08 [INFO] Heartbeat + Metrics
2026-05-22T11:46:08 [WARN] Desired process no longer exists (PID 21164)
2026-05-22T11:46:08 [WARN] Desired process no longer exists (PID 5896)
2026-05-22T11:46:17 [INFO] Heartbeat + Metrics
2026-05-22T11:46:17 [WARN] Desired process no longer exists (PID 21164)
2026-05-22T11:46:17 [WARN] Desired process no longer exists (PID 5896)
2026-05-22T11:46:25 [INFO] Heartbeat + Metrics
2026-05-22T11:46:25 [WARN] Desired process no longer exists (PID 21164)
2026-05-22T11:46:25 [WARN] Desired process no longer exists (PID 5896)
2026-05-22T11:46:34 [INFO] Heartbeat + Metrics
2026-05-22T11:46:34 [WARN] Desired process no longer exists (PID 21164)
2026-05-22T11:46:34 [WARN] Desired process no longer exists (PID 5896)
2026-05-22T11:46:43 [INFO] Heartbeat + Metrics
2026-05-22T11:46:43 [WARN] Desired process no longer exists (PID 21164)
2026-05-22T11:46:43 [WARN] Desired process no longer exists (PID 5896)
2026-05-22T11:46:51 [INFO] Heartbeat + Metrics
2026-05-22T11:46:51 [WARN] Desired process no longer exists (PID 21164)
2026-05-22T11:46:51 [WARN] Desired process no longer exists (PID 5896)
2026-05-22T11:47:00 [INFO] Heartbeat + Metrics
2026-05-22T11:47:00 [WARN] Desired process no longer exists (PID 21164)
2026-05-22T11:47:00 [WARN] Desired process no longer exists (PID 5896)
2026-05-22T11:47:08 [INFO] Heartbeat + Metrics
2026-05-22T11:47:09 [WARN] Desired process no longer exists (PID 21164)
2026-05-22T11:47:09 [WARN] Desired process no longer exists (PID 5896)
2026-05-22T11:47:17 [INFO] Heartbeat + Metrics
2026-05-22T11:47:17 [WARN] Desired process no longer exists (PID 21164)
2026-05-22T11:47:17 [WARN] Desired process no longer exists (PID 5896)
2026-05-22T11:47:25 [INFO] Heartbeat + Metrics
2026-05-22T11:47:26 [WARN] Desired process no longer exists (PID 21164)
2026-05-22T11:47:26 [WARN] Desired process no longer exists (PID 5896)
2026-05-22T11:47:34 [INFO] Heartbeat + Metrics
2026-05-22T11:47:43 [INFO] Heartbeat + Metrics
2026-05-22T11:47:51 [INFO] Heartbeat + Metrics
2026-05-22T11:48:00 [INFO] Heartbeat + Metrics
2026-05-22T11:48:09 [INFO] Heartbeat + Metrics
2026-05-22T11:48:17 [INFO] Heartbeat + Metrics
2026-05-22T11:48:26 [INFO] Heartbeat + Metrics
2026-05-22T11:48:34 [INFO] Heartbeat + Metrics
2026-05-22T11:48:43 [INFO] Heartbeat + Metrics
2026-05-22T11:48:43 [WARN] Desired process no longer exists (PID 21164)
2026-05-22T11:48:43 [WARN] Desired process no longer exists (PID 5896)
2026-05-22T11:48:51 [INFO] Heartbeat + Metrics
2026-05-22T11:48:51 [WARN] Desired process no longer exists (PID 21164)
2026-05-22T11:48:51 [WARN] Desired process no longer exists (PID 5896)
2026-05-22T11:49:00 [INFO] Heartbeat + Metrics
2026-05-22T11:49:00 [WARN] Desired process no longer exists (PID 21164)
2026-05-22T11:49:00 [WARN] Desired process no longer exists (PID 5896)
2026-05-22T11:49:08 [INFO] Heartbeat + Metrics
2026-05-22T11:49:09 [WARN] Desired process no longer exists (PID 21164)
2026-05-22T11:49:09 [WARN] Desired process no longer exists (PID 5896)
2026-05-22T11:49:17 [INFO] Heartbeat + Metrics
2026-05-22T11:49:26 [INFO] Heartbeat + Metrics
2026-05-22T11:49:34 [INFO] Heartbeat + Metrics
2026-05-22T11:49:43 [INFO] Heartbeat + Metrics
2026-05-22T11:49:43 [WARN] Failsafe triggered: CPU too high
2026-05-22T11:49:52 [INFO] Heartbeat + Metrics
2026-05-22T11:50:01 [INFO] Heartbeat + Metrics
2026-05-22T11:50:09 [INFO] Heartbeat + Metrics
2026-05-22T11:50:18 [INFO] Heartbeat + Metrics
2026-05-22T11:50:27 [INFO] Heartbeat + Metrics
2026-05-22T11:50:35 [INFO] Heartbeat + Metrics
2026-05-22T11:50:44 [INFO] Heartbeat + Metrics
2026-05-22T11:50:52 [INFO] Heartbeat + Metrics
2026-05-22T11:51:01 [INFO] Heartbeat + Metrics
2026-05-22T11:51:09 [INFO] Heartbeat + Metrics
2026-05-22T11:51:18 [INFO] Heartbeat + Metrics
2026-05-22T11:51:27 [INFO] Heartbeat + Metrics
2026-05-22T11:51:35 [INFO] Heartbeat + Metrics
2026-05-22T11:51:44 [INFO] Heartbeat + Metrics
2026-05-22T11:51:52 [INFO] Heartbeat + Metrics
2026-05-22T11:52:01 [INFO] Heartbeat + Metrics
2026-05-22T11:52:10 [INFO] Heartbeat + Metrics
2026-05-22T11:52:18 [INFO] Heartbeat + Metrics
2026-05-22T11:52:27 [INFO] Heartbeat + Metrics
2026-05-22T11:52:35 [INFO] Heartbeat + Metrics
2026-05-22T11:52:44 [INFO] Heartbeat + Metrics
2026-05-22T11:52:53 [INFO] Heartbeat + Metrics
2026-05-22T11:53:01 [INFO] Heartbeat + Metrics
2026-05-22T11:53:10 [INFO] Heartbeat + Metrics
2026-05-22T11:53:19 [INFO] Heartbeat + Metrics
2026-05-22T11:53:27 [INFO] Heartbeat + Metrics
2026-05-22T11:53:36 [INFO] Heartbeat + Metrics
2026-05-22T11:53:44 [INFO] Heartbeat + Metrics
2026-05-22T11:53:44 [WARN] Desired process no longer exists (PID 21164)
2026-05-22T11:53:44 [WARN] Desired process no longer exists (PID 5896)
2026-05-22T11:53:53 [INFO] Heartbeat + Metrics
2026-05-22T11:53:53 [WARN] Desired process no longer exists (PID 21164)
2026-05-22T11:53:53 [WARN] Desired process no longer exists (PID 5896)
2026-05-22T11:54:02 [INFO] Heartbeat + Metrics
2026-05-22T11:54:02 [WARN] Desired process no longer exists (PID 21164)
2026-05-22T11:54:02 [WARN] Desired process no longer exists (PID 5896)
2026-05-22T11:54:10 [INFO] Heartbeat + Metrics
2026-05-22T11:54:10 [WARN] Desired process no longer exists (PID 21164)
2026-05-22T11:54:10 [WARN] Desired process no longer exists (PID 5896)
2026-05-22T11:54:19 [INFO] Heartbeat + Metrics
2026-05-22T11:54:19 [WARN] Desired process no longer exists (PID 21164)
2026-05-22T11:54:19 [WARN] Desired process no longer exists (PID 5896)
2026-05-22T11:54:28 [INFO] Heartbeat + Metrics
2026-05-22T11:54:28 [WARN] Desired process no longer exists (PID 21164)
2026-05-22T11:54:28 [WARN] Desired process no longer exists (PID 5896)
2026-05-22T11:54:36 [INFO] Heartbeat + Metrics
2026-05-22T11:54:36 [WARN] Desired process no longer exists (PID 21164)
2026-05-22T11:54:36 [WARN] Desired process no longer exists (PID 5896)
2026-05-22T11:54:45 [INFO] Heartbeat + Metrics
2026-05-22T11:54:45 [WARN] Desired process no longer exists (PID 21164)
2026-05-22T11:54:45 [WARN] Desired process no longer exists (PID 5896)
2026-05-22T11:54:54 [INFO] Heartbeat + Metrics
2026-05-22T11:54:54 [WARN] Desired process no longer exists (PID 21164)
2026-05-22T11:54:54 [WARN] Desired process no longer exists (PID 5896)
2026-05-22T11:55:02 [INFO] Heartbeat + Metrics
2026-05-22T11:55:02 [WARN] Desired process no longer exists (PID 21164)
2026-05-22T11:55:02 [WARN] Desired process no longer exists (PID 5896)
2026-05-22T11:55:11 [INFO] Heartbeat + Metrics
2026-05-22T11:55:11 [WARN] Desired process no longer exists (PID 21164)
2026-05-22T11:55:11 [WARN] Desired process no longer exists (PID 5896)
2026-05-22T11:55:20 [INFO] Heartbeat + Metrics
2026-05-22T11:55:20 [WARN] Desired process no longer exists (PID 21164)
2026-05-22T11:55:20 [WARN] Desired process no longer exists (PID 5896)
2026-05-22T11:55:28 [INFO] Heartbeat + Metrics
2026-05-22T11:55:28 [WARN] Desired process no longer exists (PID 21164)
2026-05-22T11:55:28 [WARN] Desired process no longer exists (PID 5896)
2026-05-22T11:55:37 [INFO] Heartbeat + Metrics
2026-05-22T11:55:37 [WARN] Desired process no longer exists (PID 21164)
2026-05-22T11:55:37 [WARN] Desired process no longer exists (PID 5896)
2026-05-22T11:55:46 [INFO] Heartbeat + Metrics
2026-05-22T11:55:46 [WARN] Desired process no longer exists (PID 21164)
2026-05-22T11:55:46 [WARN] Desired process no longer exists (PID 5896)
2026-05-22T11:55:54 [INFO] Heartbeat + Metrics
2026-05-22T11:56:03 [INFO] Heartbeat + Metrics
2026-05-22T11:56:11 [INFO] Heartbeat + Metrics
2026-05-22T11:56:20 [INFO] Heartbeat + Metrics
2026-05-22T11:56:29 [INFO] Heartbeat + Metrics
2026-05-22T11:56:37 [INFO] Heartbeat + Metrics
2026-05-22T11:56:46 [INFO] Heartbeat + Metrics
2026-05-22T11:56:54 [INFO] Heartbeat + Metrics
2026-05-22T11:57:03 [INFO] Heartbeat + Metrics
2026-05-22T11:57:12 [INFO] Heartbeat + Metrics
2026-05-22T11:57:20 [INFO] Heartbeat + Metrics
2026-05-22T11:57:29 [INFO] Heartbeat + Metrics
2026-05-22T11:57:29 [WARN] Desired process no longer exists (PID 21164)
2026-05-22T11:57:29 [WARN] Desired process no longer exists (PID 5896)
2026-05-22T11:57:37 [INFO] Heartbeat + Metrics
2026-05-22T11:57:37 [WARN] Desired process no longer exists (PID 21164)
2026-05-22T11:57:37 [WARN] Desired process no longer exists (PID 5896)
2026-05-22T11:57:46 [INFO] Heartbeat + Metrics
2026-05-22T11:57:46 [WARN] Desired process no longer exists (PID 21164)
2026-05-22T11:57:46 [WARN] Desired process no longer exists (PID 5896)
2026-05-22T11:57:54 [INFO] Heartbeat + Metrics
2026-05-22T11:57:54 [WARN] Desired process no longer exists (PID 21164)
2026-05-22T11:57:54 [WARN] Desired process no longer exists (PID 5896)
2026-05-22T11:58:03 [INFO] Heartbeat + Metrics
2026-05-22T11:58:13 [INFO] Heartbeat + Metrics
2026-05-22T11:58:13 [WARN] Failsafe triggered: CPU too high
2026-05-22T11:58:22 [INFO] Heartbeat + Metrics
2026-05-22T11:58:31 [INFO] Heartbeat + Metrics
2026-05-22T11:58:39 [INFO] Heartbeat + Metrics
2026-05-22T11:58:48 [INFO] Heartbeat + Metrics
2026-05-22T11:58:48 [WARN] Desired process no longer exists (PID 21164)
2026-05-22T11:58:48 [WARN] Desired process no longer exists (PID 5896)
2026-05-22T11:58:57 [INFO] Heartbeat + Metrics
2026-05-22T11:58:57 [WARN] Desired process no longer exists (PID 21164)
2026-05-22T11:58:57 [WARN] Desired process no longer exists (PID 5896)
2026-05-22T11:59:05 [INFO] Heartbeat + Metrics
2026-05-22T11:59:05 [WARN] Desired process no longer exists (PID 21164)
2026-05-22T11:59:05 [WARN] Desired process no longer exists (PID 5896)
2026-05-22T11:59:14 [INFO] Heartbeat + Metrics
2026-05-22T11:59:14 [WARN] Desired process no longer exists (PID 21164)
2026-05-22T11:59:14 [WARN] Desired process no longer exists (PID 5896)
2026-05-22T11:59:22 [INFO] Heartbeat + Metrics
2026-05-22T11:59:22 [WARN] Desired process no longer exists (PID 21164)
2026-05-22T11:59:23 [WARN] Desired process no longer exists (PID 5896)
2026-05-22T11:59:31 [INFO] Heartbeat + Metrics
2026-05-22T11:59:31 [WARN] Desired process no longer exists (PID 21164)
2026-05-22T11:59:31 [WARN] Desired process no longer exists (PID 5896)
2026-05-22T11:59:40 [INFO] Heartbeat + Metrics
2026-05-22T11:59:40 [WARN] Desired process no longer exists (PID 21164)
2026-05-22T11:59:40 [WARN] Desired process no longer exists (PID 5896)
2026-05-22T11:59:48 [INFO] Heartbeat + Metrics
2026-05-22T11:59:48 [WARN] Desired process no longer exists (PID 21164)
2026-05-22T11:59:48 [WARN] Desired process no longer exists (PID 5896)
2026-05-22T11:59:57 [INFO] Heartbeat + Metrics
2026-05-22T11:59:57 [WARN] Desired process no longer exists (PID 21164)
2026-05-22T11:59:57 [WARN] Desired process no longer exists (PID 5896)
2026-05-22T12:00:06 [INFO] Heartbeat + Metrics
2026-05-22T12:00:06 [WARN] Desired process no longer exists (PID 21164)
2026-05-22T12:00:06 [WARN] Desired process no longer exists (PID 5896)
2026-05-22T12:00:14 [INFO] Heartbeat + Metrics
2026-05-22T12:00:14 [WARN] Desired process no longer exists (PID 21164)
2026-05-22T12:00:14 [WARN] Desired process no longer exists (PID 5896)
2026-05-22T12:00:23 [INFO] Heartbeat + Metrics
2026-05-22T12:00:23 [WARN] Desired process no longer exists (PID 21164)
2026-05-22T12:00:23 [WARN] Desired process no longer exists (PID 5896)
2026-05-22T12:00:32 [INFO] Heartbeat + Metrics
2026-05-22T12:00:32 [WARN] Desired process no longer exists (PID 21164)
2026-05-22T12:00:32 [WARN] Desired process no longer exists (PID 5896)
2026-05-22T12:00:40 [INFO] Heartbeat + Metrics
2026-05-22T12:00:40 [WARN] Desired process no longer exists (PID 21164)
2026-05-22T12:00:40 [WARN] Desired process no longer exists (PID 5896)
2026-05-22T12:00:49 [INFO] Heartbeat + Metrics
2026-05-22T12:00:49 [WARN] Desired process no longer exists (PID 21164)
2026-05-22T12:00:49 [WARN] Desired process no longer exists (PID 5896)
2026-05-22T12:00:58 [INFO] Heartbeat + Metrics
2026-05-22T12:00:58 [WARN] Failsafe triggered: CPU too high
2026-05-22T12:01:07 [INFO] Heartbeat + Metrics
2026-05-22T12:01:07 [WARN] Failsafe triggered: CPU too high
2026-05-22T12:01:16 [INFO] Heartbeat + Metrics
2026-05-22T12:01:16 [WARN] Failsafe triggered: CPU too high
2026-05-22T12:01:25 [INFO] Heartbeat + Metrics
2026-05-22T12:01:33 [INFO] Heartbeat + Metrics
2026-05-22T12:01:42 [INFO] Heartbeat + Metrics
2026-05-22T12:01:51 [INFO] Heartbeat + Metrics
2026-05-22T12:01:59 [INFO] Heartbeat + Metrics
2026-05-22T12:02:08 [INFO] Heartbeat + Metrics
2026-05-22T12:02:16 [INFO] Heartbeat + Metrics
2026-05-22T12:02:25 [INFO] Heartbeat + Metrics
2026-05-22T12:02:33 [INFO] Heartbeat + Metrics
2026-05-22T12:02:42 [INFO] Heartbeat + Metrics
2026-05-22T12:02:42 [WARN] Desired process no longer exists (PID 21164)
2026-05-22T12:02:42 [WARN] Desired process no longer exists (PID 5896)
2026-05-22T12:02:51 [INFO] Heartbeat + Metrics
2026-05-22T12:02:51 [WARN] Desired process no longer exists (PID 21164)
2026-05-22T12:02:51 [WARN] Desired process no longer exists (PID 5896)
2026-05-22T12:02:59 [INFO] Heartbeat + Metrics
2026-05-22T12:02:59 [WARN] Desired process no longer exists (PID 21164)
2026-05-22T12:02:59 [WARN] Desired process no longer exists (PID 5896)
2026-05-22T12:03:08 [INFO] Heartbeat + Metrics
2026-05-22T12:03:08 [WARN] Desired process no longer exists (PID 21164)
2026-05-22T12:03:08 [WARN] Desired process no longer exists (PID 5896)
2026-05-22T12:03:17 [INFO] Heartbeat + Metrics
2026-05-22T12:03:17 [WARN] Desired process no longer exists (PID 21164)
2026-05-22T12:03:17 [WARN] Desired process no longer exists (PID 5896)
2026-05-22T12:03:25 [INFO] Heartbeat + Metrics
2026-05-22T12:03:25 [WARN] Desired process no longer exists (PID 21164)
2026-05-22T12:03:25 [WARN] Desired process no longer exists (PID 5896)
2026-05-22T12:03:34 [INFO] Heartbeat + Metrics
2026-05-22T12:03:34 [WARN] Desired process no longer exists (PID 21164)
2026-05-22T12:03:34 [WARN] Desired process no longer exists (PID 5896)
2026-05-22T12:03:43 [INFO] Heartbeat + Metrics
2026-05-22T12:03:43 [WARN] Desired process no longer exists (PID 21164)
2026-05-22T12:03:43 [WARN] Desired process no longer exists (PID 5896)
2026-05-22T12:03:51 [INFO] Heartbeat + Metrics
2026-05-22T12:03:52 [WARN] Desired process no longer exists (PID 21164)
2026-05-22T12:03:52 [WARN] Desired process no longer exists (PID 5896)
2026-05-22T12:04:00 [INFO] Heartbeat + Metrics
2026-05-22T12:04:00 [WARN] Desired process no longer exists (PID 21164)
2026-05-22T12:04:00 [WARN] Desired process no longer exists (PID 5896)
2026-05-22T12:04:09 [INFO] Heartbeat + Metrics
2026-05-22T12:04:09 [WARN] Desired process no longer exists (PID 21164)
2026-05-22T12:04:09 [WARN] Desired process no longer exists (PID 5896)
2026-05-22T12:04:18 [INFO] Heartbeat + Metrics
2026-05-22T12:04:18 [WARN] Desired process no longer exists (PID 21164)
2026-05-22T12:04:18 [WARN] Desired process no longer exists (PID 5896)
2026-05-22T12:04:26 [INFO] Heartbeat + Metrics
2026-05-22T12:04:26 [WARN] Desired process no longer exists (PID 21164)
2026-05-22T12:04:26 [WARN] Desired process no longer exists (PID 5896)
2026-05-22T12:04:35 [INFO] Heartbeat + Metrics
2026-05-22T12:04:35 [WARN] Desired process no longer exists (PID 21164)
2026-05-22T12:04:35 [WARN] Desired process no longer exists (PID 5896)
2026-05-22T12:04:44 [INFO] Heartbeat + Metrics
2026-05-22T12:04:44 [WARN] Desired process no longer exists (PID 21164)
2026-05-22T12:04:44 [WARN] Desired process no longer exists (PID 5896)
2026-05-22T12:04:52 [INFO] Heartbeat + Metrics
2026-05-22T12:04:52 [WARN] Desired process no longer exists (PID 21164)
2026-05-22T12:04:52 [WARN] Desired process no longer exists (PID 5896)
2026-05-22T12:05:01 [INFO] Heartbeat + Metrics
2026-05-22T12:05:01 [WARN] Desired process no longer exists (PID 21164)
2026-05-22T12:05:01 [WARN] Desired process no longer exists (PID 5896)
2026-05-22T12:05:09 [INFO] Heartbeat + Metrics
2026-05-22T12:05:10 [WARN] Desired process no longer exists (PID 21164)
2026-05-22T12:05:10 [WARN] Desired process no longer exists (PID 5896)
2026-05-22T12:05:18 [INFO] Heartbeat + Metrics
2026-05-22T12:05:18 [WARN] Desired process no longer exists (PID 21164)
2026-05-22T12:05:18 [WARN] Desired process no longer exists (PID 5896)
2026-05-22T12:05:27 [INFO] Heartbeat + Metrics
2026-05-22T12:05:27 [WARN] Desired process no longer exists (PID 21164)
2026-05-22T12:05:27 [WARN] Desired process no longer exists (PID 5896)
2026-05-22T12:05:35 [INFO] Heartbeat + Metrics
2026-05-22T12:05:35 [WARN] Desired process no longer exists (PID 21164)
2026-05-22T12:05:36 [WARN] Desired process no longer exists (PID 5896)
2026-05-22T12:05:44 [INFO] Heartbeat + Metrics
2026-05-22T12:05:44 [WARN] Desired process no longer exists (PID 21164)
2026-05-22T12:05:44 [WARN] Desired process no longer exists (PID 5896)
2026-05-22T12:05:53 [INFO] Heartbeat + Metrics
2026-05-22T12:05:53 [WARN] Desired process no longer exists (PID 21164)
2026-05-22T12:05:53 [WARN] Desired process no longer exists (PID 5896)
2026-05-22T12:06:01 [INFO] Heartbeat + Metrics
2026-05-22T12:06:02 [WARN] Desired process no longer exists (PID 21164)
2026-05-22T12:06:02 [WARN] Desired process no longer exists (PID 5896)
2026-05-22T12:06:10 [INFO] Heartbeat + Metrics
2026-05-22T12:06:10 [WARN] Desired process no longer exists (PID 21164)
2026-05-22T12:06:10 [WARN] Desired process no longer exists (PID 5896)
2026-05-22T12:06:19 [INFO] Heartbeat + Metrics
2026-05-22T12:06:27 [INFO] Heartbeat + Metrics
2026-05-22T12:06:27 [WARN] Desired process no longer exists (PID 21164)
2026-05-22T12:06:28 [WARN] Desired process no longer exists (PID 5896)
2026-05-22T12:06:36 [INFO] Heartbeat + Metrics
2026-05-22T12:06:36 [WARN] Desired process no longer exists (PID 21164)
2026-05-22T12:06:36 [WARN] Desired process no longer exists (PID 5896)
2026-05-22T12:06:45 [INFO] Heartbeat + Metrics
2026-05-22T12:06:45 [WARN] Desired process no longer exists (PID 21164)
2026-05-22T12:06:45 [WARN] Desired process no longer exists (PID 5896)
2026-05-22T12:06:54 [INFO] Heartbeat + Metrics
2026-05-22T12:06:54 [WARN] Desired process no longer exists (PID 21164)
2026-05-22T12:06:54 [WARN] Desired process no longer exists (PID 5896)
2026-05-22T12:07:02 [INFO] Heartbeat + Metrics
2026-05-22T12:07:02 [WARN] Desired process no longer exists (PID 21164)
2026-05-22T12:07:02 [WARN] Desired process no longer exists (PID 5896)
2026-05-22T12:07:11 [INFO] Heartbeat + Metrics
2026-05-22T12:07:11 [WARN] Desired process no longer exists (PID 21164)
2026-05-22T12:07:11 [WARN] Desired process no longer exists (PID 5896)
2026-05-22T12:07:19 [INFO] Heartbeat + Metrics
2026-05-22T12:07:20 [WARN] Desired process no longer exists (PID 21164)
2026-05-22T12:07:20 [WARN] Desired process no longer exists (PID 5896)
2026-05-22T12:07:28 [INFO] Heartbeat + Metrics
2026-05-22T12:07:28 [WARN] Desired process no longer exists (PID 21164)
2026-05-22T12:07:28 [WARN] Desired process no longer exists (PID 5896)
2026-05-22T12:07:37 [INFO] Heartbeat + Metrics
2026-05-22T12:07:37 [WARN] Desired process no longer exists (PID 21164)
2026-05-22T12:07:37 [WARN] Desired process no longer exists (PID 5896)
2026-05-22T12:07:45 [INFO] Heartbeat + Metrics
2026-05-22T12:07:45 [WARN] Desired process no longer exists (PID 21164)
2026-05-22T12:07:45 [WARN] Desired process no longer exists (PID 5896)
2026-05-22T12:07:54 [INFO] Heartbeat + Metrics
2026-05-22T12:07:54 [WARN] Desired process no longer exists (PID 21164)
2026-05-22T12:07:54 [WARN] Desired process no longer exists (PID 5896)
2026-05-22T12:08:03 [INFO] Heartbeat + Metrics
2026-05-22T12:08:03 [WARN] Desired process no longer exists (PID 21164)
2026-05-22T12:08:03 [WARN] Desired process no longer exists (PID 5896)
2026-05-22T12:08:12 [INFO] Heartbeat + Metrics
2026-05-22T12:08:12 [WARN] Desired process no longer exists (PID 21164)
2026-05-22T12:08:12 [WARN] Desired process no longer exists (PID 5896)
2026-05-22T12:08:20 [INFO] Heartbeat + Metrics
2026-05-22T12:08:20 [WARN] Desired process no longer exists (PID 21164)
2026-05-22T12:08:20 [WARN] Desired process no longer exists (PID 5896)
2026-05-22T12:08:29 [INFO] Heartbeat + Metrics
2026-05-22T12:08:29 [WARN] Desired process no longer exists (PID 21164)
2026-05-22T12:08:29 [WARN] Desired process no longer exists (PID 5896)
2026-05-22T12:08:38 [INFO] Heartbeat + Metrics
2026-05-22T12:08:38 [WARN] Desired process no longer exists (PID 21164)
2026-05-22T12:08:38 [WARN] Desired process no longer exists (PID 5896)
2026-05-22T12:08:46 [INFO] Heartbeat + Metrics
2026-05-22T12:08:46 [WARN] Desired process no longer exists (PID 21164)
2026-05-22T12:08:46 [WARN] Desired process no longer exists (PID 5896)
2026-05-22T12:08:55 [INFO] Heartbeat + Metrics
2026-05-22T12:08:55 [WARN] Desired process no longer exists (PID 21164)
2026-05-22T12:08:55 [WARN] Desired process no longer exists (PID 5896)
2026-05-22T12:09:04 [INFO] Heartbeat + Metrics
2026-05-22T12:09:04 [WARN] Desired process no longer exists (PID 21164)
2026-05-22T12:09:04 [WARN] Desired process no longer exists (PID 5896)
2026-05-22T12:09:12 [INFO] Heartbeat + Metrics
2026-05-22T12:09:12 [WARN] Desired process no longer exists (PID 21164)
2026-05-22T12:09:12 [WARN] Desired process no longer exists (PID 5896)
2026-05-22T12:09:21 [INFO] Heartbeat + Metrics
2026-05-22T12:09:21 [WARN] Desired process no longer exists (PID 21164)
2026-05-22T12:09:21 [WARN] Desired process no longer exists (PID 5896)
2026-05-22T12:09:30 [INFO] Heartbeat + Metrics
2026-05-22T12:09:30 [WARN] Desired process no longer exists (PID 21164)
2026-05-22T12:09:30 [WARN] Desired process no longer exists (PID 5896)
2026-05-22T12:09:39 [INFO] Heartbeat + Metrics
2026-05-22T12:09:47 [INFO] Heartbeat + Metrics
2026-05-22T12:09:56 [INFO] Heartbeat + Metrics
2026-05-22T12:09:56 [WARN] Desired process no longer exists (PID 21164)
2026-05-22T12:09:56 [WARN] Desired process no longer exists (PID 5896)
2026-05-22T12:10:04 [INFO] Heartbeat + Metrics
2026-05-22T12:10:04 [WARN] Desired process no longer exists (PID 21164)
2026-05-22T12:10:04 [WARN] Desired process no longer exists (PID 5896)
2026-05-22T12:10:13 [INFO] Heartbeat + Metrics
2026-05-22T12:10:13 [WARN] Desired process no longer exists (PID 21164)
2026-05-22T12:10:13 [WARN] Desired process no longer exists (PID 5896)
2026-05-22T12:10:22 [INFO] Heartbeat + Metrics
2026-05-22T12:10:22 [WARN] Desired process no longer exists (PID 21164)
2026-05-22T12:10:22 [WARN] Desired process no longer exists (PID 5896)
2026-05-22T12:10:30 [INFO] Heartbeat + Metrics
2026-05-22T12:10:30 [WARN] Desired process no longer exists (PID 21164)
2026-05-22T12:10:30 [WARN] Desired process no longer exists (PID 5896)
2026-05-22T12:10:39 [INFO] Heartbeat + Metrics
2026-05-22T12:10:39 [WARN] Desired process no longer exists (PID 21164)
2026-05-22T12:10:39 [WARN] Desired process no longer exists (PID 5896)
2026-05-22T12:10:47 [INFO] Heartbeat + Metrics
2026-05-22T12:10:47 [WARN] Desired process no longer exists (PID 21164)
2026-05-22T12:10:48 [WARN] Desired process no longer exists (PID 5896)
2026-05-22T12:10:56 [INFO] Heartbeat + Metrics
2026-05-22T12:10:56 [WARN] Desired process no longer exists (PID 21164)
2026-05-22T12:10:56 [WARN] Desired process no longer exists (PID 5896)
2026-05-22T12:11:05 [INFO] Heartbeat + Metrics
2026-05-22T12:11:05 [WARN] Desired process no longer exists (PID 21164)
2026-05-22T12:11:05 [WARN] Desired process no longer exists (PID 5896)
2026-05-22T12:11:13 [INFO] Heartbeat + Metrics
2026-05-22T12:11:13 [WARN] Desired process no longer exists (PID 21164)
2026-05-22T12:11:13 [WARN] Desired process no longer exists (PID 5896)
2026-05-22T12:11:22 [INFO] Heartbeat + Metrics
2026-05-22T12:11:22 [WARN] Desired process no longer exists (PID 21164)
2026-05-22T12:11:22 [WARN] Desired process no longer exists (PID 5896)
2026-05-22T12:11:31 [INFO] Heartbeat + Metrics
2026-05-22T12:11:31 [WARN] Desired process no longer exists (PID 21164)
2026-05-22T12:11:31 [WARN] Desired process no longer exists (PID 5896)
2026-05-22T12:11:39 [INFO] Heartbeat + Metrics
2026-05-22T12:11:39 [WARN] Desired process no longer exists (PID 21164)
2026-05-22T12:11:39 [WARN] Desired process no longer exists (PID 5896)
2026-05-22T12:11:48 [INFO] Heartbeat + Metrics
2026-05-22T12:11:48 [WARN] Desired process no longer exists (PID 21164)
2026-05-22T12:11:48 [WARN] Desired process no longer exists (PID 5896)
2026-05-22T12:11:57 [INFO] Heartbeat + Metrics
2026-05-22T12:11:57 [WARN] Desired process no longer exists (PID 21164)
2026-05-22T12:11:57 [WARN] Desired process no longer exists (PID 5896)
2026-05-22T12:12:05 [INFO] Heartbeat + Metrics
2026-05-22T12:12:05 [WARN] Desired process no longer exists (PID 21164)
2026-05-22T12:12:05 [WARN] Desired process no longer exists (PID 5896)
2026-05-22T12:12:14 [INFO] Heartbeat + Metrics
2026-05-22T12:12:14 [WARN] Desired process no longer exists (PID 21164)
2026-05-22T12:12:14 [WARN] Desired process no longer exists (PID 5896)
2026-05-22T12:12:22 [INFO] Heartbeat + Metrics
2026-05-22T12:12:23 [WARN] Desired process no longer exists (PID 21164)
2026-05-22T12:12:23 [WARN] Desired process no longer exists (PID 5896)
2026-05-22T12:12:31 [INFO] Heartbeat + Metrics
2026-05-22T12:12:31 [WARN] Desired process no longer exists (PID 21164)
2026-05-22T12:12:31 [WARN] Desired process no longer exists (PID 5896)
2026-05-22T12:12:40 [INFO] Heartbeat + Metrics
2026-05-22T12:12:40 [WARN] Desired process no longer exists (PID 21164)
2026-05-22T12:12:40 [WARN] Desired process no longer exists (PID 5896)
2026-05-22T12:12:48 [INFO] Heartbeat + Metrics
2026-05-22T12:12:48 [WARN] Desired process no longer exists (PID 21164)
2026-05-22T12:12:49 [WARN] Desired process no longer exists (PID 5896)
2026-05-22T12:12:57 [INFO] Heartbeat + Metrics
2026-05-22T12:12:57 [WARN] Desired process no longer exists (PID 21164)
2026-05-22T12:12:57 [WARN] Desired process no longer exists (PID 5896)
2026-05-22T12:13:06 [INFO] Heartbeat + Metrics
2026-05-22T12:13:06 [WARN] Desired process no longer exists (PID 21164)
2026-05-22T12:13:06 [WARN] Desired process no longer exists (PID 5896)
2026-05-22T12:13:14 [INFO] Heartbeat + Metrics
2026-05-22T12:13:14 [WARN] Desired process no longer exists (PID 21164)
2026-05-22T12:13:15 [WARN] Desired process no longer exists (PID 5896)
2026-05-22T12:13:23 [INFO] Heartbeat + Metrics
2026-05-22T12:13:23 [WARN] Desired process no longer exists (PID 21164)
2026-05-22T12:13:23 [WARN] Desired process no longer exists (PID 5896)
2026-05-22T12:13:32 [INFO] Heartbeat + Metrics
2026-05-22T12:13:32 [WARN] Desired process no longer exists (PID 21164)
2026-05-22T12:13:32 [WARN] Desired process no longer exists (PID 5896)
2026-05-22T12:13:40 [INFO] Heartbeat + Metrics
2026-05-22T12:13:41 [WARN] Desired process no longer exists (PID 21164)
2026-05-22T12:13:41 [WARN] Desired process no longer exists (PID 5896)
2026-05-22T12:13:49 [INFO] Heartbeat + Metrics
2026-05-22T12:13:49 [WARN] Desired process no longer exists (PID 21164)
2026-05-22T12:13:49 [WARN] Desired process no longer exists (PID 5896)
2026-05-22T12:13:58 [INFO] Heartbeat + Metrics
2026-05-22T12:13:58 [WARN] Desired process no longer exists (PID 21164)
2026-05-22T12:13:58 [WARN] Desired process no longer exists (PID 5896)
2026-05-22T12:14:06 [INFO] Heartbeat + Metrics
2026-05-22T12:14:06 [WARN] Desired process no longer exists (PID 21164)
2026-05-22T12:14:06 [WARN] Desired process no longer exists (PID 5896)
2026-05-22T12:14:15 [INFO] Heartbeat + Metrics
2026-05-22T12:14:15 [WARN] Desired process no longer exists (PID 21164)
2026-05-22T12:14:15 [WARN] Desired process no longer exists (PID 5896)
2026-05-22T12:14:23 [INFO] Heartbeat + Metrics
2026-05-22T12:14:24 [WARN] Desired process no longer exists (PID 21164)
2026-05-22T12:14:24 [WARN] Desired process no longer exists (PID 5896)
2026-05-22T12:14:32 [INFO] Heartbeat + Metrics
2026-05-22T12:14:32 [WARN] Desired process no longer exists (PID 21164)
2026-05-22T12:14:32 [WARN] Desired process no longer exists (PID 5896)
2026-05-22T12:14:41 [INFO] Heartbeat + Metrics
2026-05-22T12:14:41 [WARN] Desired process no longer exists (PID 21164)
2026-05-22T12:14:41 [WARN] Desired process no longer exists (PID 5896)
2026-05-22T12:14:49 [INFO] Heartbeat + Metrics
2026-05-22T12:14:49 [WARN] Desired process no longer exists (PID 21164)
2026-05-22T12:14:50 [WARN] Desired process no longer exists (PID 5896)
2026-05-22T12:14:58 [INFO] Heartbeat + Metrics
2026-05-22T12:14:58 [WARN] Desired process no longer exists (PID 21164)
2026-05-22T12:14:58 [WARN] Desired process no longer exists (PID 5896)
2026-05-22T12:15:07 [INFO] Heartbeat + Metrics
2026-05-22T12:15:07 [WARN] Desired process no longer exists (PID 21164)
2026-05-22T12:15:07 [WARN] Desired process no longer exists (PID 5896)
2026-05-22T12:15:15 [INFO] Heartbeat + Metrics
2026-05-22T12:15:15 [WARN] Desired process no longer exists (PID 21164)
2026-05-22T12:15:16 [WARN] Desired process no longer exists (PID 5896)
2026-05-22T12:15:24 [INFO] Heartbeat + Metrics
2026-05-22T12:15:24 [WARN] Desired process no longer exists (PID 21164)
2026-05-22T12:15:24 [WARN] Desired process no longer exists (PID 5896)
2026-05-22T12:15:33 [INFO] Heartbeat + Metrics
2026-05-22T12:15:33 [WARN] Desired process no longer exists (PID 21164)
2026-05-22T12:15:33 [WARN] Desired process no longer exists (PID 5896)
2026-05-22T12:15:41 [INFO] Heartbeat + Metrics
2026-05-22T12:15:41 [WARN] Desired process no longer exists (PID 21164)
2026-05-22T12:15:41 [WARN] Desired process no longer exists (PID 5896)
2026-05-22T12:15:50 [INFO] Heartbeat + Metrics
2026-05-22T12:15:50 [WARN] Desired process no longer exists (PID 21164)
2026-05-22T12:15:50 [WARN] Desired process no longer exists (PID 5896)
2026-05-22T12:15:59 [INFO] Heartbeat + Metrics
2026-05-22T12:15:59 [WARN] Desired process no longer exists (PID 21164)
2026-05-22T12:15:59 [WARN] Desired process no longer exists (PID 5896)
2026-05-22T12:16:07 [INFO] Heartbeat + Metrics
2026-05-22T12:16:07 [WARN] Desired process no longer exists (PID 21164)
2026-05-22T12:16:07 [WARN] Desired process no longer exists (PID 5896)
2026-05-22T12:16:16 [INFO] Heartbeat + Metrics
2026-05-22T12:16:16 [WARN] Desired process no longer exists (PID 21164)
2026-05-22T12:16:16 [WARN] Desired process no longer exists (PID 5896)
2026-05-22T12:16:25 [INFO] Heartbeat + Metrics
2026-05-22T12:16:25 [WARN] Desired process no longer exists (PID 21164)
2026-05-22T12:16:25 [WARN] Desired process no longer exists (PID 5896)
2026-05-22T12:16:33 [INFO] Heartbeat + Metrics
2026-05-22T12:16:33 [WARN] Desired process no longer exists (PID 21164)
2026-05-22T12:16:33 [WARN] Desired process no longer exists (PID 5896)
2026-05-22T12:16:42 [INFO] Heartbeat + Metrics
2026-05-22T12:16:42 [WARN] Desired process no longer exists (PID 21164)
2026-05-22T12:16:42 [WARN] Desired process no longer exists (PID 5896)
2026-05-22T12:16:51 [INFO] Heartbeat + Metrics
2026-05-22T12:16:51 [WARN] Desired process no longer exists (PID 21164)
2026-05-22T12:16:51 [WARN] Desired process no longer exists (PID 5896)
2026-05-22T12:16:59 [INFO] Heartbeat + Metrics
2026-05-22T12:16:59 [WARN] Desired process no longer exists (PID 21164)
2026-05-22T12:16:59 [WARN] Desired process no longer exists (PID 5896)
2026-05-22T12:17:08 [INFO] Heartbeat + Metrics
2026-05-22T12:17:08 [WARN] Desired process no longer exists (PID 21164)
2026-05-22T12:17:08 [WARN] Desired process no longer exists (PID 5896)
2026-05-22T12:17:17 [INFO] Heartbeat + Metrics
2026-05-22T12:17:17 [WARN] Desired process no longer exists (PID 21164)
2026-05-22T12:17:17 [WARN] Desired process no longer exists (PID 5896)
2026-05-22T12:17:25 [INFO] Heartbeat + Metrics
2026-05-22T12:17:25 [WARN] Desired process no longer exists (PID 21164)
2026-05-22T12:17:25 [WARN] Desired process no longer exists (PID 5896)
2026-05-22T12:17:34 [INFO] Heartbeat + Metrics
2026-05-22T12:17:34 [WARN] Desired process no longer exists (PID 21164)
2026-05-22T12:17:34 [WARN] Desired process no longer exists (PID 5896)
2026-05-22T12:17:43 [INFO] Heartbeat + Metrics
2026-05-22T12:17:43 [WARN] Desired process no longer exists (PID 21164)
2026-05-22T12:17:43 [WARN] Desired process no longer exists (PID 5896)
2026-05-22T12:17:51 [INFO] Heartbeat + Metrics
2026-05-22T12:17:51 [WARN] Desired process no longer exists (PID 21164)
2026-05-22T12:17:51 [WARN] Desired process no longer exists (PID 5896)
2026-05-22T12:18:00 [INFO] Heartbeat + Metrics
2026-05-22T12:18:00 [WARN] Desired process no longer exists (PID 21164)
2026-05-22T12:18:00 [WARN] Desired process no longer exists (PID 5896)
2026-05-22T12:18:09 [INFO] Heartbeat + Metrics
2026-05-22T12:18:09 [WARN] Desired process no longer exists (PID 21164)
2026-05-22T12:18:09 [WARN] Desired process no longer exists (PID 5896)
2026-05-22T12:18:17 [INFO] Heartbeat + Metrics
2026-05-22T12:18:17 [WARN] Desired process no longer exists (PID 21164)
2026-05-22T12:18:17 [WARN] Desired process no longer exists (PID 5896)
2026-05-22T12:18:26 [INFO] Heartbeat + Metrics
2026-05-22T12:18:26 [WARN] Desired process no longer exists (PID 21164)
2026-05-22T12:18:26 [WARN] Desired process no longer exists (PID 5896)
2026-05-22T12:18:35 [INFO] Heartbeat + Metrics
2026-05-22T12:18:35 [WARN] Desired process no longer exists (PID 21164)
2026-05-22T12:18:35 [WARN] Desired process no longer exists (PID 5896)
2026-05-22T12:18:43 [INFO] Heartbeat + Metrics
2026-05-22T12:18:43 [WARN] Desired process no longer exists (PID 21164)
2026-05-22T12:18:43 [WARN] Desired process no longer exists (PID 5896)
2026-05-22T12:18:52 [INFO] Heartbeat + Metrics
2026-05-22T12:18:52 [WARN] Desired process no longer exists (PID 21164)
2026-05-22T12:18:52 [WARN] Desired process no longer exists (PID 5896)
2026-05-22T12:19:00 [INFO] Heartbeat + Metrics
2026-05-22T12:19:00 [WARN] Desired process no longer exists (PID 21164)
2026-05-22T12:19:00 [WARN] Desired process no longer exists (PID 5896)
2026-05-22T12:19:09 [INFO] Heartbeat + Metrics
2026-05-22T12:19:09 [WARN] Desired process no longer exists (PID 21164)
2026-05-22T12:19:09 [WARN] Desired process no longer exists (PID 5896)
2026-05-22T12:19:18 [INFO] Heartbeat + Metrics
2026-05-22T12:19:18 [WARN] Desired process no longer exists (PID 21164)
2026-05-22T12:19:18 [WARN] Desired process no longer exists (PID 5896)
2026-05-22T12:19:26 [INFO] Heartbeat + Metrics
2026-05-22T12:19:26 [WARN] Desired process no longer exists (PID 21164)
2026-05-22T12:19:26 [WARN] Desired process no longer exists (PID 5896)
2026-05-22T12:19:35 [INFO] Heartbeat + Metrics
2026-05-22T12:19:35 [WARN] Desired process no longer exists (PID 21164)
2026-05-22T12:19:35 [WARN] Desired process no longer exists (PID 5896)
2026-05-22T12:19:43 [INFO] Heartbeat + Metrics
2026-05-22T12:19:44 [WARN] Desired process no longer exists (PID 21164)
2026-05-22T12:19:44 [WARN] Desired process no longer exists (PID 5896)
2026-05-22T12:19:52 [INFO] Heartbeat + Metrics
2026-05-22T12:20:01 [INFO] Heartbeat + Metrics
2026-05-22T12:20:09 [INFO] Heartbeat + Metrics
2026-05-22T12:20:18 [INFO] Heartbeat + Metrics
2026-05-22T12:20:26 [INFO] Heartbeat + Metrics
2026-05-22T12:20:35 [INFO] Heartbeat + Metrics
2026-05-22T12:20:43 [INFO] Heartbeat + Metrics
2026-05-22T12:20:52 [INFO] Heartbeat + Metrics
2026-05-22T12:20:52 [WARN] Failsafe triggered: CPU too high
2026-05-22T12:21:01 [INFO] Heartbeat + Metrics
2026-05-22T12:21:10 [INFO] Heartbeat + Metrics
2026-05-22T12:21:18 [INFO] Heartbeat + Metrics
2026-05-22T12:21:18 [WARN] Desired process no longer exists (PID 21164)
2026-05-22T12:21:18 [WARN] Desired process no longer exists (PID 5896)
2026-05-22T12:21:27 [INFO] Heartbeat + Metrics
2026-05-22T12:21:27 [WARN] Desired process no longer exists (PID 21164)
2026-05-22T12:21:27 [WARN] Desired process no longer exists (PID 5896)
2026-05-22T12:21:36 [INFO] Heartbeat + Metrics
2026-05-22T12:21:36 [WARN] Desired process no longer exists (PID 21164)
2026-05-22T12:21:36 [WARN] Desired process no longer exists (PID 5896)
2026-05-22T12:21:44 [INFO] Heartbeat + Metrics
2026-05-22T12:21:44 [WARN] Desired process no longer exists (PID 21164)
2026-05-22T12:21:44 [WARN] Desired process no longer exists (PID 5896)
2026-05-22T12:21:53 [INFO] Heartbeat + Metrics
2026-05-22T12:21:53 [WARN] Desired process no longer exists (PID 21164)
2026-05-22T12:21:53 [WARN] Desired process no longer exists (PID 5896)
2026-05-22T12:22:02 [INFO] Heartbeat + Metrics
2026-05-22T12:22:02 [WARN] Desired process no longer exists (PID 21164)
2026-05-22T12:22:02 [WARN] Desired process no longer exists (PID 5896)
2026-05-22T12:22:10 [INFO] Heartbeat + Metrics
2026-05-22T12:22:10 [WARN] Desired process no longer exists (PID 21164)
2026-05-22T12:22:11 [WARN] Desired process no longer exists (PID 5896)
2026-05-22T12:22:20 [INFO] Heartbeat + Metrics
2026-05-22T12:22:30 [INFO] Heartbeat + Metrics
2026-05-22T12:22:30 [WARN] Failsafe triggered: CPU too high
2026-05-22T12:22:39 [INFO] Heartbeat + Metrics
2026-05-22T12:22:49 [INFO] Heartbeat + Metrics
2026-05-22T12:22:49 [WARN] Desired process no longer exists (PID 18448)
2026-05-22T12:22:49 [WARN] Desired process no longer exists (PID 5896)
2026-05-22T12:22:58 [INFO] Heartbeat + Metrics
2026-05-22T12:22:58 [WARN] Desired process no longer exists (PID 18448)
2026-05-22T12:22:58 [WARN] Desired process no longer exists (PID 5896)
2026-05-22T12:23:07 [INFO] Heartbeat + Metrics
2026-05-22T12:23:16 [INFO] Heartbeat + Metrics
2026-05-22T12:23:24 [INFO] Heartbeat + Metrics
2026-05-22T12:23:25 [WARN] Desired process no longer exists (PID 18448)
2026-05-22T12:23:25 [WARN] Desired process no longer exists (PID 5896)
2026-05-22T12:23:33 [INFO] Heartbeat + Metrics
2026-05-22T12:23:33 [WARN] Desired process no longer exists (PID 18448)
2026-05-22T12:23:33 [WARN] Desired process no longer exists (PID 5896)
2026-05-22T12:23:42 [INFO] Heartbeat + Metrics
2026-05-22T12:23:53 [INFO] Heartbeat + Metrics
2026-05-22T12:23:53 [WARN] Failsafe triggered: CPU too high
2026-05-22T12:24:01 [INFO] Heartbeat + Metrics
2026-05-22T12:24:01 [WARN] Failsafe triggered: CPU too high
2026-05-22T12:24:10 [INFO] Heartbeat + Metrics
2026-05-22T12:24:19 [INFO] Heartbeat + Metrics
2026-05-22T12:24:19 [WARN] Desired process no longer exists (PID 18448)
2026-05-22T12:24:19 [WARN] Desired process no longer exists (PID 5896)
2026-05-22T12:24:28 [INFO] Heartbeat + Metrics
2026-05-22T12:24:28 [WARN] Desired process no longer exists (PID 18448)
2026-05-22T12:24:28 [WARN] Desired process no longer exists (PID 5896)
2026-05-22T12:24:36 [INFO] Heartbeat + Metrics
2026-05-22T12:24:37 [WARN] Desired process no longer exists (PID 18448)
2026-05-22T12:24:37 [WARN] Desired process no longer exists (PID 5896)
2026-05-22T12:24:45 [INFO] Heartbeat + Metrics
2026-05-22T12:24:45 [WARN] Desired process no longer exists (PID 18448)
2026-05-22T12:24:45 [WARN] Desired process no longer exists (PID 5896)
2026-05-22T12:24:54 [INFO] Heartbeat + Metrics
2026-05-22T12:24:54 [WARN] Desired process no longer exists (PID 18448)
2026-05-22T12:24:54 [WARN] Desired process no longer exists (PID 5896)
2026-05-22T12:25:03 [INFO] Heartbeat + Metrics
2026-05-22T12:25:03 [WARN] Desired process no longer exists (PID 18448)
2026-05-22T12:25:03 [WARN] Desired process no longer exists (PID 5896)
2026-05-22T12:25:12 [INFO] Heartbeat + Metrics
2026-05-22T12:25:12 [WARN] Desired process no longer exists (PID 18448)
2026-05-22T12:25:12 [WARN] Desired process no longer exists (PID 5896)
2026-05-22T12:25:20 [INFO] Heartbeat + Metrics
2026-05-22T12:25:21 [WARN] Desired process no longer exists (PID 18448)
2026-05-22T12:25:21 [WARN] Desired process no longer exists (PID 5896)
2026-05-22T12:25:29 [INFO] Heartbeat + Metrics
2026-05-22T12:25:29 [WARN] Desired process no longer exists (PID 18448)
2026-05-22T12:25:29 [WARN] Desired process no longer exists (PID 5896)
2026-05-22T12:25:38 [INFO] Heartbeat + Metrics
2026-05-22T12:25:38 [WARN] Desired process no longer exists (PID 18448)
2026-05-22T12:25:38 [WARN] Desired process no longer exists (PID 5896)
2026-05-22T12:25:47 [INFO] Heartbeat + Metrics
2026-05-22T12:25:47 [WARN] Desired process no longer exists (PID 18448)
2026-05-22T12:25:47 [WARN] Desired process no longer exists (PID 5896)
2026-05-22T12:25:56 [INFO] Heartbeat + Metrics
2026-05-22T12:25:56 [WARN] Desired process no longer exists (PID 18448)
2026-05-22T12:25:56 [WARN] Desired process no longer exists (PID 5896)
2026-05-22T12:26:04 [INFO] Heartbeat + Metrics
2026-05-22T12:26:04 [WARN] Desired process no longer exists (PID 18448)
2026-05-22T12:26:04 [WARN] Desired process no longer exists (PID 5896)
2026-05-22T12:26:13 [INFO] Heartbeat + Metrics
2026-05-22T12:26:13 [WARN] Desired process no longer exists (PID 18448)
2026-05-22T12:26:13 [WARN] Desired process no longer exists (PID 5896)
2026-05-22T12:26:22 [INFO] Heartbeat + Metrics
2026-05-22T12:26:22 [WARN] Desired process no longer exists (PID 18448)
2026-05-22T12:26:22 [WARN] Desired process no longer exists (PID 5896)
2026-05-22T12:26:31 [INFO] Heartbeat + Metrics
2026-05-22T12:26:31 [WARN] Desired process no longer exists (PID 18448)
2026-05-22T12:26:31 [WARN] Desired process no longer exists (PID 5896)
2026-05-22T12:26:39 [INFO] Heartbeat + Metrics
2026-05-22T12:26:39 [WARN] Desired process no longer exists (PID 18448)
2026-05-22T12:26:40 [WARN] Desired process no longer exists (PID 5896)
2026-05-22T12:26:48 [INFO] Heartbeat + Metrics
2026-05-22T12:26:48 [WARN] Desired process no longer exists (PID 18448)
2026-05-22T12:26:48 [WARN] Desired process no longer exists (PID 5896)
2026-05-22T12:26:57 [INFO] Heartbeat + Metrics
2026-05-22T12:26:57 [WARN] Desired process no longer exists (PID 18448)
2026-05-22T12:26:57 [WARN] Desired process no longer exists (PID 5896)
2026-05-22T12:27:06 [INFO] Heartbeat + Metrics
2026-05-22T12:27:06 [WARN] Desired process no longer exists (PID 18448)
2026-05-22T12:27:06 [WARN] Desired process no longer exists (PID 5896)
2026-05-22T12:27:15 [INFO] Heartbeat + Metrics
2026-05-22T12:27:15 [WARN] Desired process no longer exists (PID 18448)
2026-05-22T12:27:15 [WARN] Desired process no longer exists (PID 5896)
2026-05-22T12:27:23 [INFO] Heartbeat + Metrics
2026-05-22T12:27:23 [WARN] Desired process no longer exists (PID 18448)
2026-05-22T12:27:23 [WARN] Desired process no longer exists (PID 5896)
2026-05-22T12:27:32 [INFO] Heartbeat + Metrics
2026-05-22T12:27:32 [WARN] Desired process no longer exists (PID 18448)
2026-05-22T12:27:32 [WARN] Desired process no longer exists (PID 5896)
2026-05-22T12:27:41 [INFO] Heartbeat + Metrics
2026-05-22T12:27:41 [WARN] Desired process no longer exists (PID 18448)
2026-05-22T12:27:41 [WARN] Desired process no longer exists (PID 5896)
2026-05-22T12:27:50 [INFO] Heartbeat + Metrics
2026-05-22T12:27:50 [WARN] Desired process no longer exists (PID 18448)
2026-05-22T12:27:50 [WARN] Desired process no longer exists (PID 5896)
2026-05-22T12:27:59 [INFO] Heartbeat + Metrics
2026-05-22T12:27:59 [WARN] Desired process no longer exists (PID 18448)
2026-05-22T12:27:59 [WARN] Desired process no longer exists (PID 5896)
2026-05-22T12:28:07 [INFO] Heartbeat + Metrics
2026-05-22T12:28:07 [WARN] Desired process no longer exists (PID 18448)
2026-05-22T12:28:07 [WARN] Desired process no longer exists (PID 5896)
2026-05-22T12:28:16 [INFO] Heartbeat + Metrics
2026-05-22T12:28:16 [WARN] Desired process no longer exists (PID 18448)
2026-05-22T12:28:16 [WARN] Desired process no longer exists (PID 5896)
2026-05-22T12:28:25 [INFO] Heartbeat + Metrics
2026-05-22T12:28:25 [WARN] Desired process no longer exists (PID 18448)
2026-05-22T12:28:25 [WARN] Desired process no longer exists (PID 5896)
2026-05-22T12:28:34 [INFO] Heartbeat + Metrics
2026-05-22T12:28:34 [WARN] Failsafe triggered: CPU too high
2026-05-22T12:28:42 [INFO] Heartbeat + Metrics
2026-05-22T12:28:43 [WARN] Desired process no longer exists (PID 18448)
2026-05-22T12:28:43 [WARN] Desired process no longer exists (PID 5896)
2026-05-22T12:28:51 [INFO] Heartbeat + Metrics
2026-05-22T12:28:51 [WARN] Desired process no longer exists (PID 18448)
2026-05-22T12:28:51 [WARN] Desired process no longer exists (PID 5896)
2026-05-22T12:29:00 [INFO] Heartbeat + Metrics
2026-05-22T12:29:00 [WARN] Desired process no longer exists (PID 18448)
2026-05-22T12:29:00 [WARN] Desired process no longer exists (PID 5896)
2026-05-22T12:29:09 [INFO] Heartbeat + Metrics
2026-05-22T12:29:09 [WARN] Desired process no longer exists (PID 18448)
2026-05-22T12:29:09 [WARN] Desired process no longer exists (PID 5896)
2026-05-22T12:29:18 [INFO] Heartbeat + Metrics
2026-05-22T12:29:18 [WARN] Desired process no longer exists (PID 18448)
2026-05-22T12:29:18 [WARN] Desired process no longer exists (PID 5896)
2026-05-22T12:29:26 [INFO] Heartbeat + Metrics
2026-05-22T12:29:26 [WARN] Desired process no longer exists (PID 18448)
2026-05-22T12:29:26 [WARN] Desired process no longer exists (PID 5896)
2026-05-22T12:29:35 [INFO] Heartbeat + Metrics
2026-05-22T12:29:35 [WARN] Desired process no longer exists (PID 18448)
2026-05-22T12:29:35 [WARN] Desired process no longer exists (PID 5896)
2026-05-22T12:29:43 [INFO] Heartbeat + Metrics
2026-05-22T12:29:44 [WARN] Desired process no longer exists (PID 18448)
2026-05-22T12:29:44 [WARN] Desired process no longer exists (PID 5896)
2026-05-22T12:29:52 [INFO] Heartbeat + Metrics
2026-05-22T12:29:52 [WARN] Desired process no longer exists (PID 18448)
2026-05-22T12:29:52 [WARN] Desired process no longer exists (PID 5896)
2026-05-22T12:30:01 [INFO] Heartbeat + Metrics
2026-05-22T12:30:01 [WARN] Desired process no longer exists (PID 18448)
2026-05-22T12:30:01 [WARN] Desired process no longer exists (PID 5896)
2026-05-22T12:30:09 [INFO] Heartbeat + Metrics
2026-05-22T12:30:10 [WARN] Desired process no longer exists (PID 18448)
2026-05-22T12:30:10 [WARN] Desired process no longer exists (PID 5896)
2026-05-22T12:30:18 [INFO] Heartbeat + Metrics
2026-05-22T12:30:18 [WARN] Desired process no longer exists (PID 18448)
2026-05-22T12:30:18 [WARN] Desired process no longer exists (PID 5896)
2026-05-22T12:30:27 [INFO] Heartbeat + Metrics
2026-05-22T12:30:27 [WARN] Desired process no longer exists (PID 18448)
2026-05-22T12:30:27 [WARN] Desired process no longer exists (PID 5896)
2026-05-22T12:30:35 [INFO] Heartbeat + Metrics
2026-05-22T12:30:36 [WARN] Desired process no longer exists (PID 18448)
2026-05-22T12:30:36 [WARN] Desired process no longer exists (PID 5896)
2026-05-22T12:30:44 [INFO] Heartbeat + Metrics
2026-05-22T12:30:44 [WARN] Desired process no longer exists (PID 18448)
2026-05-22T12:30:44 [WARN] Desired process no longer exists (PID 5896)
2026-05-22T12:30:53 [INFO] Heartbeat + Metrics
2026-05-22T12:30:53 [WARN] Desired process no longer exists (PID 18448)
2026-05-22T12:30:53 [WARN] Desired process no longer exists (PID 5896)
2026-05-22T12:31:02 [INFO] Heartbeat + Metrics
2026-05-22T12:31:02 [WARN] Desired process no longer exists (PID 18448)
2026-05-22T12:31:02 [WARN] Desired process no longer exists (PID 5896)
2026-05-22T12:31:10 [INFO] Heartbeat + Metrics
2026-05-22T12:31:10 [WARN] Desired process no longer exists (PID 18448)
2026-05-22T12:31:10 [WARN] Desired process no longer exists (PID 5896)
2026-05-22T12:31:19 [INFO] Heartbeat + Metrics
2026-05-22T12:31:19 [WARN] Desired process no longer exists (PID 18448)
2026-05-22T12:31:19 [WARN] Desired process no longer exists (PID 5896)
2026-05-22T12:31:28 [INFO] Heartbeat + Metrics
2026-05-22T12:31:28 [WARN] Desired process no longer exists (PID 18448)
2026-05-22T12:31:28 [WARN] Desired process no longer exists (PID 5896)
2026-05-22T12:31:36 [INFO] Heartbeat + Metrics
2026-05-22T12:31:37 [WARN] Desired process no longer exists (PID 18448)
2026-05-22T12:31:37 [WARN] Desired process no longer exists (PID 5896)
2026-05-22T12:31:45 [INFO] Heartbeat + Metrics
2026-05-22T12:31:45 [WARN] Desired process no longer exists (PID 18448)
2026-05-22T12:31:45 [WARN] Desired process no longer exists (PID 5896)
2026-05-22T12:31:54 [INFO] Heartbeat + Metrics
2026-05-22T12:31:54 [WARN] Desired process no longer exists (PID 18448)
2026-05-22T12:31:54 [WARN] Desired process no longer exists (PID 5896)
2026-05-22T12:32:03 [INFO] Heartbeat + Metrics
2026-05-22T12:32:03 [WARN] Desired process no longer exists (PID 18448)
2026-05-22T12:32:03 [WARN] Desired process no longer exists (PID 5896)
2026-05-22T12:32:11 [INFO] Heartbeat + Metrics
2026-05-22T12:32:11 [WARN] Desired process no longer exists (PID 18448)
2026-05-22T12:32:11 [WARN] Desired process no longer exists (PID 5896)
2026-05-22T12:32:20 [INFO] Heartbeat + Metrics
2026-05-22T12:32:20 [WARN] Desired process no longer exists (PID 18448)
2026-05-22T12:32:20 [WARN] Desired process no longer exists (PID 5896)
2026-05-22T12:32:29 [INFO] Heartbeat + Metrics
2026-05-22T12:32:29 [WARN] Desired process no longer exists (PID 18448)
2026-05-22T12:32:29 [WARN] Desired process no longer exists (PID 5896)
2026-05-22T12:32:38 [INFO] Heartbeat + Metrics
2026-05-22T12:32:38 [WARN] Desired process no longer exists (PID 18448)
2026-05-22T12:32:38 [WARN] Desired process no longer exists (PID 5896)
2026-05-22T12:32:47 [INFO] Heartbeat + Metrics
2026-05-22T12:32:47 [WARN] Desired process no longer exists (PID 18448)
2026-05-22T12:32:47 [WARN] Desired process no longer exists (PID 5896)
2026-05-22T12:32:55 [INFO] Heartbeat + Metrics
2026-05-22T12:32:56 [WARN] Desired process no longer exists (PID 18448)
2026-05-22T12:32:56 [WARN] Desired process no longer exists (PID 5896)
2026-05-22T12:33:04 [INFO] Heartbeat + Metrics
2026-05-22T12:33:04 [WARN] Desired process no longer exists (PID 18448)
2026-05-22T12:33:04 [WARN] Desired process no longer exists (PID 5896)
2026-05-22T12:33:13 [INFO] Heartbeat + Metrics
2026-05-22T12:33:13 [WARN] Desired process no longer exists (PID 18448)
2026-05-22T12:33:13 [WARN] Desired process no longer exists (PID 5896)
2026-05-22T12:33:22 [INFO] Heartbeat + Metrics
2026-05-22T12:33:22 [WARN] Desired process no longer exists (PID 18448)
2026-05-22T12:33:22 [WARN] Desired process no longer exists (PID 5896)
2026-05-22T12:33:31 [INFO] Heartbeat + Metrics
2026-05-22T12:33:31 [WARN] Desired process no longer exists (PID 18448)
2026-05-22T12:33:31 [WARN] Desired process no longer exists (PID 5896)
2026-05-22T12:33:39 [INFO] Heartbeat + Metrics
2026-05-22T12:33:40 [WARN] Desired process no longer exists (PID 18448)
2026-05-22T12:33:40 [WARN] Desired process no longer exists (PID 5896)
2026-05-22T12:33:49 [INFO] Heartbeat + Metrics
2026-05-22T12:33:58 [INFO] Heartbeat + Metrics
2026-05-22T12:34:06 [INFO] Heartbeat + Metrics
2026-05-22T12:34:16 [INFO] Heartbeat + Metrics
2026-05-22T12:34:24 [INFO] Heartbeat + Metrics
2026-05-22T12:34:33 [INFO] Heartbeat + Metrics
2026-05-22T12:34:41 [INFO] Heartbeat + Metrics
2026-05-22T12:34:50 [INFO] Heartbeat + Metrics
2026-05-22T12:34:50 [WARN] Desired process no longer exists (PID 18448)
2026-05-22T12:34:50 [WARN] Desired process no longer exists (PID 5896)
2026-05-22T12:34:59 [INFO] Heartbeat + Metrics
2026-05-22T12:34:59 [WARN] Desired process no longer exists (PID 18448)
2026-05-22T12:34:59 [WARN] Desired process no longer exists (PID 5896)
2026-05-22T12:35:08 [INFO] Heartbeat + Metrics
2026-05-22T12:35:08 [WARN] Desired process no longer exists (PID 18448)
2026-05-22T12:35:08 [WARN] Desired process no longer exists (PID 5896)
2026-05-22T12:35:16 [INFO] Heartbeat + Metrics
2026-05-22T12:35:16 [WARN] Desired process no longer exists (PID 18448)
2026-05-22T12:35:16 [WARN] Desired process no longer exists (PID 5896)
2026-05-22T12:35:25 [INFO] Heartbeat + Metrics
2026-05-22T12:35:25 [WARN] Desired process no longer exists (PID 18448)
2026-05-22T12:35:25 [WARN] Desired process no longer exists (PID 5896)
2026-05-22T12:35:34 [INFO] Heartbeat + Metrics
2026-05-22T12:35:34 [WARN] Desired process no longer exists (PID 18448)
2026-05-22T12:35:34 [WARN] Desired process no longer exists (PID 5896)
2026-05-22T12:35:43 [INFO] Heartbeat + Metrics
2026-05-22T12:35:43 [WARN] Desired process no longer exists (PID 18448)
2026-05-22T12:35:43 [WARN] Desired process no longer exists (PID 5896)
2026-05-22T12:35:51 [INFO] Heartbeat + Metrics
2026-05-22T12:35:51 [WARN] Desired process no longer exists (PID 18448)
2026-05-22T12:35:51 [WARN] Desired process no longer exists (PID 5896)
2026-05-22T12:36:00 [INFO] Heartbeat + Metrics
2026-05-22T12:36:00 [WARN] Desired process no longer exists (PID 18448)
2026-05-22T12:36:00 [WARN] Desired process no longer exists (PID 5896)
2026-05-22T12:36:09 [INFO] Heartbeat + Metrics
2026-05-22T12:36:09 [WARN] Desired process no longer exists (PID 18448)
2026-05-22T12:36:09 [WARN] Desired process no longer exists (PID 5896)
2026-05-22T12:36:17 [INFO] Heartbeat + Metrics
2026-05-22T12:36:17 [WARN] Desired process no longer exists (PID 18448)
2026-05-22T12:36:18 [WARN] Desired process no longer exists (PID 5896)
2026-05-22T12:36:26 [INFO] Heartbeat + Metrics
2026-05-22T12:36:26 [WARN] Desired process no longer exists (PID 18448)
2026-05-22T12:36:26 [WARN] Desired process no longer exists (PID 5896)
2026-05-22T12:36:35 [INFO] Heartbeat + Metrics
2026-05-22T12:36:35 [WARN] Desired process no longer exists (PID 18448)
2026-05-22T12:36:35 [WARN] Desired process no longer exists (PID 5896)
2026-05-22T12:36:44 [INFO] Heartbeat + Metrics
2026-05-22T12:36:44 [WARN] Desired process no longer exists (PID 18448)
2026-05-22T12:36:44 [WARN] Desired process no longer exists (PID 5896)
2026-05-22T12:36:52 [INFO] Heartbeat + Metrics
2026-05-22T12:37:01 [INFO] Heartbeat + Metrics
2026-05-22T12:37:10 [INFO] Heartbeat + Metrics
2026-05-22T12:37:10 [WARN] Desired process no longer exists (PID 18448)
2026-05-22T12:37:10 [WARN] Desired process no longer exists (PID 5896)
2026-05-22T12:37:19 [INFO] Heartbeat + Metrics
2026-05-22T12:37:19 [WARN] Desired process no longer exists (PID 21164)
2026-05-22T12:37:19 [WARN] Desired process no longer exists (PID 5896)
2026-05-22T12:37:28 [INFO] Heartbeat + Metrics
2026-05-22T12:37:28 [WARN] Desired process no longer exists (PID 21164)
2026-05-22T12:37:28 [WARN] Desired process no longer exists (PID 5896)
2026-05-22T12:37:36 [INFO] Heartbeat + Metrics
2026-05-22T12:37:37 [WARN] Desired process no longer exists (PID 21164)
2026-05-22T12:37:37 [WARN] Desired process no longer exists (PID 5896)
2026-05-22T12:37:45 [INFO] Heartbeat + Metrics
2026-05-22T12:37:45 [WARN] Desired process no longer exists (PID 21164)
2026-05-22T12:37:45 [WARN] Desired process no longer exists (PID 5896)
2026-05-22T12:37:54 [INFO] Heartbeat + Metrics
2026-05-22T12:37:54 [WARN] Desired process no longer exists (PID 21164)
2026-05-22T12:37:54 [WARN] Desired process no longer exists (PID 5896)
2026-05-22T12:38:03 [INFO] Heartbeat + Metrics
2026-05-22T12:38:03 [WARN] Desired process no longer exists (PID 21164)
2026-05-22T12:38:03 [WARN] Desired process no longer exists (PID 5896)
2026-05-22T12:38:11 [INFO] Heartbeat + Metrics
2026-05-22T12:38:11 [WARN] Desired process no longer exists (PID 21164)
2026-05-22T12:38:11 [WARN] Desired process no longer exists (PID 5896)
2026-05-22T12:38:20 [INFO] Heartbeat + Metrics
2026-05-22T12:38:20 [WARN] Desired process no longer exists (PID 21164)
2026-05-22T12:38:20 [WARN] Desired process no longer exists (PID 5896)
2026-05-22T12:38:29 [INFO] Heartbeat + Metrics
2026-05-22T12:38:29 [WARN] Desired process no longer exists (PID 21164)
2026-05-22T12:38:29 [WARN] Desired process no longer exists (PID 5896)
2026-05-22T12:38:38 [INFO] Heartbeat + Metrics
2026-05-22T12:38:38 [WARN] Desired process no longer exists (PID 21164)
2026-05-22T12:38:38 [WARN] Desired process no longer exists (PID 5896)
2026-05-22T12:38:46 [INFO] Heartbeat + Metrics
2026-05-22T12:38:46 [WARN] Desired process no longer exists (PID 21164)
2026-05-22T12:38:46 [WARN] Desired process no longer exists (PID 5896)
2026-05-22T12:38:55 [INFO] Heartbeat + Metrics
2026-05-22T12:38:55 [WARN] Desired process no longer exists (PID 21164)
2026-05-22T12:38:55 [WARN] Desired process no longer exists (PID 5896)
2026-05-22T12:39:04 [INFO] Heartbeat + Metrics
2026-05-22T12:39:04 [WARN] Desired process no longer exists (PID 21164)
2026-05-22T12:39:04 [WARN] Desired process no longer exists (PID 5896)
2026-05-22T12:39:13 [INFO] Heartbeat + Metrics
2026-05-22T12:39:13 [WARN] Desired process no longer exists (PID 21164)
2026-05-22T12:39:13 [WARN] Desired process no longer exists (PID 5896)
2026-05-22T12:39:22 [INFO] Heartbeat + Metrics
2026-05-22T12:39:22 [WARN] Desired process no longer exists (PID 21164)
2026-05-22T12:39:23 [WARN] Desired process no longer exists (PID 5896)
2026-05-22T12:39:31 [INFO] Heartbeat + Metrics
2026-05-22T12:39:31 [WARN] Desired process no longer exists (PID 21164)
2026-05-22T12:39:31 [WARN] Desired process no longer exists (PID 5896)
2026-05-22T12:39:40 [INFO] Heartbeat + Metrics
2026-05-22T12:39:40 [WARN] Desired process no longer exists (PID 21164)
2026-05-22T12:39:40 [WARN] Desired process no longer exists (PID 5896)
2026-05-22T12:39:49 [INFO] Heartbeat + Metrics
2026-05-22T12:39:49 [WARN] Desired process no longer exists (PID 21164)
2026-05-22T12:39:49 [WARN] Desired process no longer exists (PID 5896)
2026-05-22T12:39:58 [INFO] Heartbeat + Metrics
2026-05-22T12:39:58 [WARN] Desired process no longer exists (PID 21164)
2026-05-22T12:39:58 [WARN] Desired process no longer exists (PID 5896)
2026-05-22T12:40:06 [INFO] Heartbeat + Metrics
2026-05-22T12:40:06 [WARN] Desired process no longer exists (PID 21164)
2026-05-22T12:40:06 [WARN] Desired process no longer exists (PID 5896)
2026-05-22T12:40:15 [INFO] Heartbeat + Metrics
2026-05-22T12:40:15 [WARN] Desired process no longer exists (PID 21164)
2026-05-22T12:40:15 [WARN] Desired process no longer exists (PID 5896)
2026-05-22T12:40:24 [INFO] Heartbeat + Metrics
2026-05-22T12:40:24 [WARN] Desired process no longer exists (PID 21164)
2026-05-22T12:40:24 [WARN] Desired process no longer exists (PID 5896)
2026-05-22T12:40:33 [INFO] Heartbeat + Metrics
2026-05-22T12:40:33 [WARN] Desired process no longer exists (PID 21164)
2026-05-22T12:40:33 [WARN] Desired process no longer exists (PID 5896)
2026-05-22T12:40:41 [INFO] Heartbeat + Metrics
2026-05-22T12:40:41 [WARN] Desired process no longer exists (PID 21164)
2026-05-22T12:40:41 [WARN] Desired process no longer exists (PID 5896)
2026-05-22T12:40:50 [INFO] Heartbeat + Metrics
2026-05-22T12:40:50 [WARN] Desired process no longer exists (PID 21164)
2026-05-22T12:40:50 [WARN] Desired process no longer exists (PID 5896)
2026-05-22T12:40:59 [INFO] Heartbeat + Metrics
2026-05-22T12:40:59 [WARN] Desired process no longer exists (PID 21164)
2026-05-22T12:40:59 [WARN] Desired process no longer exists (PID 5896)
2026-05-22T12:41:07 [INFO] Heartbeat + Metrics
2026-05-22T12:41:08 [WARN] Desired process no longer exists (PID 21164)
2026-05-22T12:41:08 [WARN] Desired process no longer exists (PID 5896)
2026-05-22T12:41:16 [INFO] Heartbeat + Metrics
2026-05-22T12:41:16 [WARN] Desired process no longer exists (PID 21164)
2026-05-22T12:41:16 [WARN] Desired process no longer exists (PID 5896)
2026-05-22T12:41:25 [INFO] Heartbeat + Metrics
2026-05-22T12:41:25 [WARN] Desired process no longer exists (PID 21164)
2026-05-22T12:41:25 [WARN] Desired process no longer exists (PID 5896)
2026-05-22T12:41:34 [INFO] Heartbeat + Metrics
2026-05-22T12:41:34 [WARN] Desired process no longer exists (PID 21164)
2026-05-22T12:41:34 [WARN] Desired process no longer exists (PID 5896)
2026-05-22T12:41:43 [INFO] Heartbeat + Metrics
2026-05-22T12:41:43 [WARN] Desired process no longer exists (PID 21164)
2026-05-22T12:41:43 [WARN] Desired process no longer exists (PID 5896)
2026-05-22T12:41:51 [INFO] Heartbeat + Metrics
2026-05-22T12:41:51 [WARN] Desired process no longer exists (PID 21164)
2026-05-22T12:41:51 [WARN] Desired process no longer exists (PID 5896)
2026-05-22T12:42:00 [INFO] Heartbeat + Metrics
2026-05-22T12:42:00 [WARN] Desired process no longer exists (PID 21164)
2026-05-22T12:42:00 [WARN] Desired process no longer exists (PID 5896)
2026-05-22T12:42:09 [INFO] Heartbeat + Metrics
2026-05-22T12:42:09 [WARN] Desired process no longer exists (PID 21164)
2026-05-22T12:42:09 [WARN] Desired process no longer exists (PID 5896)
2026-05-22T12:42:17 [INFO] Heartbeat + Metrics
2026-05-22T12:42:18 [WARN] Desired process no longer exists (PID 21164)
2026-05-22T12:42:18 [WARN] Desired process no longer exists (PID 5896)
2026-05-22T12:42:26 [INFO] Heartbeat + Metrics
2026-05-22T12:42:26 [WARN] Desired process no longer exists (PID 21164)
2026-05-22T12:42:26 [WARN] Desired process no longer exists (PID 5896)
2026-05-22T12:42:35 [INFO] Heartbeat + Metrics
2026-05-22T12:42:35 [WARN] Desired process no longer exists (PID 21164)
2026-05-22T12:42:35 [WARN] Desired process no longer exists (PID 5896)
2026-05-22T12:42:44 [INFO] Heartbeat + Metrics
2026-05-22T12:42:54 [INFO] Heartbeat + Metrics
2026-05-22T12:42:54 [WARN] Failsafe triggered: CPU too high
2026-05-22T12:43:04 [INFO] Heartbeat + Metrics
2026-05-22T12:43:04 [WARN] Failsafe triggered: CPU too high
2026-05-22T12:43:13 [INFO] Heartbeat + Metrics
2026-05-22T12:43:22 [INFO] Heartbeat + Metrics
2026-05-22T12:43:22 [WARN] Failsafe triggered: CPU too high
2026-05-22T12:43:31 [INFO] Heartbeat + Metrics
2026-05-22T12:43:40 [INFO] Heartbeat + Metrics
2026-05-22T12:43:40 [WARN] Failsafe triggered: CPU too high
2026-05-22T12:43:49 [INFO] Heartbeat + Metrics
2026-05-22T12:43:49 [WARN] Desired process no longer exists (PID 21164)
2026-05-22T12:43:49 [WARN] Desired process no longer exists (PID 5896)
2026-05-22T12:43:58 [INFO] Heartbeat + Metrics
2026-05-22T12:43:58 [WARN] Desired process no longer exists (PID 21164)
2026-05-22T12:43:58 [WARN] Desired process no longer exists (PID 5896)
2026-05-22T12:44:06 [INFO] Heartbeat + Metrics
2026-05-22T12:44:06 [WARN] Desired process no longer exists (PID 21164)
2026-05-22T12:44:06 [WARN] Desired process no longer exists (PID 5896)
2026-05-22T12:44:15 [INFO] Heartbeat + Metrics
2026-05-22T12:44:15 [WARN] Desired process no longer exists (PID 21164)
2026-05-22T12:44:15 [WARN] Desired process no longer exists (PID 5896)
2026-05-22T12:44:24 [INFO] Heartbeat + Metrics
2026-05-22T12:44:24 [WARN] Desired process no longer exists (PID 21164)
2026-05-22T12:44:24 [WARN] Desired process no longer exists (PID 5896)
2026-05-22T12:44:33 [INFO] Heartbeat + Metrics
2026-05-22T12:44:33 [WARN] Desired process no longer exists (PID 21164)
2026-05-22T12:44:33 [WARN] Desired process no longer exists (PID 5896)
2026-05-22T12:44:42 [INFO] Heartbeat + Metrics
2026-05-22T12:44:42 [WARN] Failsafe triggered: CPU too high
2026-05-22T12:44:51 [INFO] Heartbeat + Metrics
2026-05-22T12:44:51 [WARN] Desired process no longer exists (PID 21164)
2026-05-22T12:44:51 [WARN] Desired process no longer exists (PID 5896)
2026-05-22T12:45:00 [INFO] Heartbeat + Metrics
2026-05-22T12:45:00 [WARN] Desired process no longer exists (PID 21164)
2026-05-22T12:45:00 [WARN] Desired process no longer exists (PID 5896)
2026-05-22T12:45:09 [INFO] Heartbeat + Metrics
2026-05-22T12:45:09 [WARN] Desired process no longer exists (PID 21164)
2026-05-22T12:45:09 [WARN] Desired process no longer exists (PID 5896)
2026-05-22T12:45:18 [INFO] Heartbeat + Metrics
2026-05-22T12:45:18 [WARN] Desired process no longer exists (PID 21164)
2026-05-22T12:45:18 [WARN] Desired process no longer exists (PID 5896)
2026-05-22T12:45:27 [INFO] Heartbeat + Metrics
2026-05-22T12:45:27 [WARN] Desired process no longer exists (PID 21164)
2026-05-22T12:45:27 [WARN] Desired process no longer exists (PID 5896)
2026-05-22T12:45:36 [INFO] Heartbeat + Metrics
2026-05-22T12:45:36 [WARN] Desired process no longer exists (PID 21164)
2026-05-22T12:45:36 [WARN] Desired process no longer exists (PID 5896)
2026-05-22T12:45:44 [INFO] Heartbeat + Metrics
2026-05-22T12:45:53 [INFO] Heartbeat + Metrics
2026-05-22T12:46:02 [INFO] Heartbeat + Metrics
2026-05-22T12:46:10 [INFO] Heartbeat + Metrics
2026-05-22T12:46:11 [WARN] Desired process no longer exists (PID 21164)
2026-05-22T12:46:11 [WARN] Desired process no longer exists (PID 5896)
2026-05-22T12:46:19 [INFO] Heartbeat + Metrics
2026-05-22T12:46:19 [WARN] Desired process no longer exists (PID 21164)
2026-05-22T12:46:19 [WARN] Desired process no longer exists (PID 5896)
2026-05-22T12:46:28 [INFO] Heartbeat + Metrics
2026-05-22T12:46:28 [WARN] Desired process no longer exists (PID 21164)
2026-05-22T12:46:28 [WARN] Desired process no longer exists (PID 5896)
2026-05-22T12:46:37 [INFO] Heartbeat + Metrics
2026-05-22T12:46:37 [WARN] Desired process no longer exists (PID 21164)
2026-05-22T12:46:37 [WARN] Desired process no longer exists (PID 5896)
2026-05-22T12:46:46 [INFO] Heartbeat + Metrics
2026-05-22T12:46:46 [WARN] Desired process no longer exists (PID 21164)
2026-05-22T12:46:46 [WARN] Desired process no longer exists (PID 5896)
2026-05-22T12:46:54 [INFO] Heartbeat + Metrics
2026-05-22T12:46:54 [WARN] Desired process no longer exists (PID 21164)
2026-05-22T12:46:54 [WARN] Desired process no longer exists (PID 5896)
2026-05-22T12:47:03 [INFO] Heartbeat + Metrics
2026-05-22T12:47:03 [WARN] Desired process no longer exists (PID 21164)
2026-05-22T12:47:03 [WARN] Desired process no longer exists (PID 5896)
2026-05-22T12:47:12 [INFO] Heartbeat + Metrics
2026-05-22T12:47:12 [WARN] Desired process no longer exists (PID 21164)
2026-05-22T12:47:12 [WARN] Desired process no longer exists (PID 5896)
2026-05-22T12:47:20 [INFO] Heartbeat + Metrics
2026-05-22T12:47:21 [WARN] Desired process no longer exists (PID 21164)
2026-05-22T12:47:21 [WARN] Desired process no longer exists (PID 5896)
2026-05-22T12:47:29 [INFO] Heartbeat + Metrics
2026-05-22T12:47:29 [WARN] Desired process no longer exists (PID 21164)
2026-05-22T12:47:29 [WARN] Desired process no longer exists (PID 5896)
2026-05-22T12:47:38 [INFO] Heartbeat + Metrics
2026-05-22T12:47:38 [WARN] Desired process no longer exists (PID 21164)
2026-05-22T12:47:38 [WARN] Desired process no longer exists (PID 5896)
2026-05-22T12:47:47 [INFO] Heartbeat + Metrics
2026-05-22T12:47:47 [WARN] Desired process no longer exists (PID 21164)
2026-05-22T12:47:47 [WARN] Desired process no longer exists (PID 5896)
2026-05-22T12:47:55 [INFO] Heartbeat + Metrics
2026-05-22T12:47:55 [WARN] Desired process no longer exists (PID 21164)
2026-05-22T12:47:55 [WARN] Desired process no longer exists (PID 5896)
2026-05-22T12:48:04 [INFO] Heartbeat + Metrics
2026-05-22T12:48:04 [WARN] Desired process no longer exists (PID 21164)
2026-05-22T12:48:04 [WARN] Desired process no longer exists (PID 5896)
2026-05-22T12:48:13 [INFO] Heartbeat + Metrics
2026-05-22T12:48:13 [WARN] Desired process no longer exists (PID 21164)
2026-05-22T12:48:13 [WARN] Desired process no longer exists (PID 5896)
2026-05-22T12:48:21 [INFO] Heartbeat + Metrics
2026-05-22T12:48:21 [WARN] Desired process no longer exists (PID 21164)
2026-05-22T12:48:21 [WARN] Desired process no longer exists (PID 5896)
2026-05-22T12:48:30 [INFO] Heartbeat + Metrics
2026-05-22T12:48:39 [INFO] Heartbeat + Metrics
2026-05-22T12:48:47 [INFO] Heartbeat + Metrics
2026-05-22T12:48:56 [INFO] Heartbeat + Metrics
2026-05-22T12:49:05 [INFO] Heartbeat + Metrics
2026-05-22T12:49:13 [INFO] Heartbeat + Metrics
2026-05-22T12:49:22 [INFO] Heartbeat + Metrics
2026-05-22T12:49:31 [INFO] Heartbeat + Metrics
2026-05-22T12:49:39 [INFO] Heartbeat + Metrics
2026-05-22T12:49:48 [INFO] Heartbeat + Metrics
2026-05-22T12:49:56 [INFO] Heartbeat + Metrics
2026-05-22T12:50:05 [INFO] Heartbeat + Metrics
2026-05-22T12:50:13 [INFO] Heartbeat + Metrics
2026-05-22T12:50:22 [INFO] Heartbeat + Metrics
2026-05-22T12:50:31 [INFO] Heartbeat + Metrics
2026-05-22T12:50:39 [INFO] Heartbeat + Metrics
2026-05-22T12:50:48 [INFO] Heartbeat + Metrics
2026-05-22T12:50:56 [INFO] Heartbeat + Metrics
2026-05-22T12:51:05 [INFO] Heartbeat + Metrics
2026-05-22T12:51:14 [INFO] Heartbeat + Metrics
2026-05-22T12:51:22 [INFO] Heartbeat + Metrics
2026-05-22T12:51:31 [INFO] Heartbeat + Metrics
2026-05-22T12:51:40 [INFO] Heartbeat + Metrics
2026-05-22T12:51:48 [INFO] Heartbeat + Metrics
2026-05-22T12:51:57 [INFO] Heartbeat + Metrics
2026-05-22T12:52:05 [INFO] Heartbeat + Metrics
2026-05-22T12:52:14 [INFO] Heartbeat + Metrics
2026-05-22T12:52:23 [INFO] Heartbeat + Metrics
2026-05-22T12:52:23 [WARN] Desired process no longer exists (PID 21164)
2026-05-22T12:52:23 [WARN] Desired process no longer exists (PID 5896)
2026-05-22T12:52:31 [INFO] Heartbeat + Metrics
2026-05-22T12:52:31 [WARN] Desired process no longer exists (PID 21164)
2026-05-22T12:52:31 [WARN] Desired process no longer exists (PID 5896)
2026-05-22T12:52:40 [INFO] Heartbeat + Metrics
2026-05-22T12:52:40 [WARN] Desired process no longer exists (PID 21164)
2026-05-22T12:52:40 [WARN] Desired process no longer exists (PID 5896)
2026-05-22T12:52:49 [INFO] Heartbeat + Metrics
2026-05-22T12:52:49 [WARN] Desired process no longer exists (PID 21164)
2026-05-22T12:52:49 [WARN] Desired process no longer exists (PID 5896)
2026-05-22T12:52:58 [INFO] Heartbeat + Metrics
2026-05-22T12:52:58 [WARN] Desired process no longer exists (PID 21164)
2026-05-22T12:52:58 [WARN] Desired process no longer exists (PID 5896)
2026-05-22T12:53:06 [INFO] Heartbeat + Metrics
2026-05-22T12:53:06 [WARN] Desired process no longer exists (PID 21164)
2026-05-22T12:53:06 [WARN] Desired process no longer exists (PID 5896)
2026-05-22T12:53:15 [INFO] Heartbeat + Metrics
2026-05-22T12:53:15 [WARN] Desired process no longer exists (PID 21164)
2026-05-22T12:53:15 [WARN] Desired process no longer exists (PID 5896)
2026-05-22T12:53:24 [INFO] Heartbeat + Metrics
2026-05-22T12:53:24 [WARN] Desired process no longer exists (PID 21164)
2026-05-22T12:53:24 [WARN] Desired process no longer exists (PID 5896)
2026-05-22T12:53:33 [INFO] Heartbeat + Metrics
2026-05-22T12:53:33 [WARN] Desired process no longer exists (PID 21164)
2026-05-22T12:53:33 [WARN] Desired process no longer exists (PID 5896)
2026-05-22T12:53:42 [INFO] Heartbeat + Metrics
2026-05-22T12:53:42 [WARN] Desired process no longer exists (PID 21164)
2026-05-22T12:53:42 [WARN] Desired process no longer exists (PID 5896)
2026-05-22T12:53:51 [INFO] Heartbeat + Metrics
2026-05-22T12:53:51 [WARN] Desired process no longer exists (PID 21164)
2026-05-22T12:53:51 [WARN] Desired process no longer exists (PID 5896)
2026-05-22T12:53:59 [INFO] Heartbeat + Metrics
2026-05-22T12:53:59 [WARN] Desired process no longer exists (PID 21164)
2026-05-22T12:53:59 [WARN] Desired process no longer exists (PID 5896)
2026-05-22T12:54:08 [INFO] Heartbeat + Metrics
2026-05-22T12:54:08 [WARN] Desired process no longer exists (PID 21164)
2026-05-22T12:54:08 [WARN] Desired process no longer exists (PID 5896)
2026-05-22T12:54:17 [INFO] Heartbeat + Metrics
2026-05-22T12:54:17 [WARN] Desired process no longer exists (PID 21164)
2026-05-22T12:54:17 [WARN] Desired process no longer exists (PID 5896)
2026-05-22T12:54:25 [INFO] Heartbeat + Metrics
2026-05-22T12:54:25 [WARN] Desired process no longer exists (PID 21164)
2026-05-22T12:54:25 [WARN] Desired process no longer exists (PID 5896)
2026-05-22T12:54:34 [INFO] Heartbeat + Metrics
2026-05-22T12:54:34 [WARN] Desired process no longer exists (PID 21164)
2026-05-22T12:54:34 [WARN] Desired process no longer exists (PID 5896)
2026-05-22T12:54:43 [INFO] Heartbeat + Metrics
2026-05-22T12:54:43 [WARN] Desired process no longer exists (PID 21164)
2026-05-22T12:54:43 [WARN] Desired process no longer exists (PID 5896)
2026-05-22T12:54:52 [INFO] Heartbeat + Metrics
2026-05-22T12:54:52 [WARN] Desired process no longer exists (PID 21164)
2026-05-22T12:54:52 [WARN] Desired process no longer exists (PID 5896)
2026-05-22T12:55:00 [INFO] Heartbeat + Metrics
2026-05-22T12:55:00 [WARN] Desired process no longer exists (PID 21164)
2026-05-22T12:55:00 [WARN] Desired process no longer exists (PID 5896)
2026-05-22T12:55:09 [INFO] Heartbeat + Metrics
2026-05-22T12:55:09 [WARN] Desired process no longer exists (PID 21164)
2026-05-22T12:55:09 [WARN] Desired process no longer exists (PID 5896)
2026-05-22T12:55:18 [INFO] Heartbeat + Metrics
2026-05-22T12:55:18 [WARN] Desired process no longer exists (PID 21164)
2026-05-22T12:55:18 [WARN] Desired process no longer exists (PID 5896)
2026-05-22T12:55:26 [INFO] Heartbeat + Metrics
2026-05-22T12:55:26 [WARN] Desired process no longer exists (PID 21164)
2026-05-22T12:55:27 [WARN] Desired process no longer exists (PID 5896)
2026-05-22T12:55:35 [INFO] Heartbeat + Metrics
2026-05-22T12:55:35 [WARN] Desired process no longer exists (PID 21164)
2026-05-22T12:55:35 [WARN] Desired process no longer exists (PID 5896)
2026-05-22T12:55:44 [INFO] Heartbeat + Metrics
2026-05-22T12:55:44 [WARN] Desired process no longer exists (PID 21164)
2026-05-22T12:55:44 [WARN] Desired process no longer exists (PID 5896)
2026-05-22T12:55:53 [INFO] Heartbeat + Metrics
2026-05-22T12:55:53 [WARN] Desired process no longer exists (PID 21164)
2026-05-22T12:55:53 [WARN] Desired process no longer exists (PID 5896)
2026-05-22T12:56:01 [INFO] Heartbeat + Metrics
2026-05-22T12:56:01 [WARN] Desired process no longer exists (PID 21164)
2026-05-22T12:56:01 [WARN] Desired process no longer exists (PID 5896)
2026-05-22T12:56:10 [INFO] Heartbeat + Metrics
2026-05-22T12:56:10 [WARN] Failsafe triggered: CPU too high
2026-05-22T12:56:19 [INFO] Heartbeat + Metrics
2026-05-22T12:56:20 [WARN] Desired process no longer exists (PID 21164)
2026-05-22T12:56:20 [WARN] Desired process no longer exists (PID 5896)
2026-05-22T12:56:28 [INFO] Heartbeat + Metrics
2026-05-22T12:56:28 [WARN] Desired process no longer exists (PID 21164)
2026-05-22T12:56:28 [WARN] Desired process no longer exists (PID 5896)
2026-05-22T12:56:37 [INFO] Heartbeat + Metrics
2026-05-22T12:56:37 [WARN] Desired process no longer exists (PID 21164)
2026-05-22T12:56:37 [WARN] Desired process no longer exists (PID 5896)
2026-05-22T12:56:46 [INFO] Heartbeat + Metrics
2026-05-22T12:56:46 [WARN] Desired process no longer exists (PID 21164)
2026-05-22T12:56:46 [WARN] Desired process no longer exists (PID 5896)
2026-05-22T12:56:54 [INFO] Heartbeat + Metrics
2026-05-22T12:56:54 [WARN] Desired process no longer exists (PID 21164)
2026-05-22T12:56:54 [WARN] Desired process no longer exists (PID 5896)
2026-05-22T12:57:03 [INFO] Heartbeat + Metrics
2026-05-22T12:57:03 [WARN] Desired process no longer exists (PID 21164)
2026-05-22T12:57:03 [WARN] Desired process no longer exists (PID 5896)
2026-05-22T12:57:12 [INFO] Heartbeat + Metrics
2026-05-22T12:57:12 [WARN] Desired process no longer exists (PID 21164)
2026-05-22T12:57:12 [WARN] Desired process no longer exists (PID 5896)
2026-05-22T12:57:21 [INFO] Heartbeat + Metrics
2026-05-22T12:57:21 [WARN] Desired process no longer exists (PID 21164)
2026-05-22T12:57:21 [WARN] Desired process no longer exists (PID 5896)
2026-05-22T12:57:30 [INFO] Heartbeat + Metrics
2026-05-22T12:57:30 [WARN] Desired process no longer exists (PID 21164)
2026-05-22T12:57:30 [WARN] Desired process no longer exists (PID 5896)
2026-05-22T12:57:39 [INFO] Heartbeat + Metrics
2026-05-22T12:57:40 [WARN] Desired process no longer exists (PID 21164)
2026-05-22T12:57:40 [WARN] Desired process no longer exists (PID 5896)
2026-05-22T12:57:48 [INFO] Heartbeat + Metrics
2026-05-22T12:57:48 [WARN] Desired process no longer exists (PID 21164)
2026-05-22T12:57:48 [WARN] Desired process no longer exists (PID 5896)
2026-05-22T12:57:57 [INFO] Heartbeat + Metrics
2026-05-22T12:57:57 [WARN] Desired process no longer exists (PID 21164)
2026-05-22T12:57:57 [WARN] Desired process no longer exists (PID 5896)
2026-05-22T12:58:06 [INFO] Heartbeat + Metrics
2026-05-22T12:58:06 [WARN] Desired process no longer exists (PID 21164)
2026-05-22T12:58:06 [WARN] Desired process no longer exists (PID 5896)
2026-05-22T12:58:15 [INFO] Heartbeat + Metrics
2026-05-22T12:58:23 [INFO] Heartbeat + Metrics
2026-05-22T12:58:32 [INFO] Heartbeat + Metrics
2026-05-22T12:58:41 [INFO] Heartbeat + Metrics
2026-05-22T12:58:49 [INFO] Heartbeat + Metrics
2026-05-22T12:58:58 [INFO] Heartbeat + Metrics
2026-05-22T12:59:06 [INFO] Heartbeat + Metrics
2026-05-22T12:59:15 [INFO] Heartbeat + Metrics
2026-05-22T12:59:24 [INFO] Heartbeat + Metrics
2026-05-22T12:59:24 [WARN] Desired process no longer exists (PID 21164)
2026-05-22T12:59:24 [WARN] Desired process no longer exists (PID 5896)
2026-05-22T12:59:33 [INFO] Heartbeat + Metrics
2026-05-22T12:59:33 [WARN] Desired process no longer exists (PID 21164)
2026-05-22T12:59:33 [WARN] Desired process no longer exists (PID 5896)
2026-05-22T12:59:42 [INFO] Heartbeat + Metrics
2026-05-22T12:59:42 [WARN] Failsafe triggered: CPU too high
2026-05-22T12:59:51 [INFO] Heartbeat + Metrics
2026-05-22T12:59:51 [WARN] Desired process no longer exists (PID 21164)
2026-05-22T12:59:51 [WARN] Desired process no longer exists (PID 5896)
2026-05-22T13:00:00 [INFO] Heartbeat + Metrics
2026-05-22T13:00:00 [WARN] Desired process no longer exists (PID 21164)
2026-05-22T13:00:00 [WARN] Desired process no longer exists (PID 5896)
2026-05-22T13:00:08 [INFO] Heartbeat + Metrics
2026-05-22T13:00:09 [WARN] Desired process no longer exists (PID 21164)
2026-05-22T13:00:09 [WARN] Desired process no longer exists (PID 5896)
2026-05-22T13:00:17 [INFO] Heartbeat + Metrics
2026-05-22T13:00:18 [WARN] Desired process no longer exists (PID 21164)
2026-05-22T13:00:18 [WARN] Desired process no longer exists (PID 5896)
2026-05-22T13:00:26 [INFO] Heartbeat + Metrics
2026-05-22T13:00:27 [WARN] Desired process no longer exists (PID 21164)
2026-05-22T13:00:27 [WARN] Desired process no longer exists (PID 5896)
2026-05-22T13:00:37 [INFO] Heartbeat + Metrics
2026-05-22T13:00:37 [WARN] Failsafe triggered: CPU too high
2026-05-22T13:00:46 [INFO] Heartbeat + Metrics
2026-05-22T13:00:55 [INFO] Heartbeat + Metrics
2026-05-22T13:01:03 [INFO] Heartbeat + Metrics
2026-05-22T13:01:12 [INFO] Heartbeat + Metrics
2026-05-22T13:01:21 [INFO] Heartbeat + Metrics
2026-05-22T13:01:30 [INFO] Heartbeat + Metrics
2026-05-22T13:01:39 [INFO] Heartbeat + Metrics
2026-05-22T13:01:39 [WARN] Failsafe triggered: CPU too high
2026-05-22T13:01:48 [INFO] Heartbeat + Metrics
2026-05-22T13:01:57 [INFO] Heartbeat + Metrics
2026-05-22T13:02:06 [INFO] Heartbeat + Metrics
2026-05-22T13:02:07 [WARN] Desired process no longer exists (PID 21164)
2026-05-22T13:02:07 [WARN] Desired process no longer exists (PID 5896)
2026-05-22T13:02:16 [INFO] Heartbeat + Metrics
2026-05-22T13:02:25 [INFO] Heartbeat + Metrics
2026-05-22T13:02:33 [INFO] Heartbeat + Metrics
2026-05-22T13:02:42 [INFO] Heartbeat + Metrics
2026-05-22T13:02:52 [INFO] Heartbeat + Metrics
2026-05-22T13:02:52 [WARN] Failsafe triggered: CPU too high
2026-05-22T13:03:01 [INFO] Heartbeat + Metrics
2026-05-22T13:03:10 [INFO] Heartbeat + Metrics
2026-05-22T13:03:10 [WARN] Failsafe triggered: CPU too high
2026-05-22T13:03:19 [INFO] Heartbeat + Metrics
2026-05-22T13:03:28 [INFO] Heartbeat + Metrics
2026-05-22T13:03:37 [INFO] Heartbeat + Metrics
2026-05-22T13:03:37 [WARN] Failsafe triggered: CPU too high
2026-05-22T13:03:45 [INFO] Heartbeat + Metrics
2026-05-22T13:03:54 [INFO] Heartbeat + Metrics
2026-05-22T13:03:54 [WARN] Desired process no longer exists (PID 18448)
2026-05-22T13:03:54 [WARN] Desired process no longer exists (PID 5896)
2026-05-22T13:04:03 [INFO] Heartbeat + Metrics
2026-05-22T13:04:04 [WARN] Desired process no longer exists (PID 18448)
2026-05-22T13:04:04 [WARN] Desired process no longer exists (PID 5896)
2026-05-22T13:04:13 [INFO] Heartbeat + Metrics
2026-05-22T13:04:13 [WARN] Failsafe triggered: RAM too low
2026-05-22T13:04:22 [INFO] Heartbeat + Metrics
2026-05-22T13:04:22 [WARN] Failsafe triggered: CPU too high
2026-05-22T13:04:33 [INFO] Heartbeat + Metrics
2026-05-22T13:04:33 [WARN] Failsafe triggered: CPU too high
2026-05-22T13:04:42 [INFO] Heartbeat + Metrics
2026-05-22T13:04:42 [WARN] Failsafe triggered: CPU too high
2026-05-22T13:04:42 [WARN] Failsafe triggered: RAM too low
2026-05-22T13:04:52 [INFO] Heartbeat + Metrics
2026-05-22T13:04:52 [WARN] Failsafe triggered: CPU too high
2026-05-22T13:04:52 [WARN] Failsafe triggered: RAM too low
2026-05-22T13:05:03 [INFO] Heartbeat + Metrics
2026-05-22T13:05:03 [WARN] Failsafe triggered: RAM too low
2026-05-22T13:05:11 [INFO] Heartbeat + Metrics
2026-05-22T13:05:20 [INFO] Heartbeat + Metrics
2026-05-22T13:05:20 [WARN] Failsafe triggered: CPU too high
2026-05-22T13:05:29 [INFO] Heartbeat + Metrics
2026-05-22T13:05:29 [WARN] Failsafe triggered: CPU too high
2026-05-22T13:05:38 [INFO] Heartbeat + Metrics
2026-05-22T13:05:48 [INFO] Heartbeat + Metrics
2026-05-22T13:05:48 [WARN] Failsafe triggered: CPU too high
2026-05-22T13:05:57 [INFO] Heartbeat + Metrics
2026-05-22T13:05:57 [WARN] Failsafe triggered: CPU too high
2026-05-22T13:06:06 [INFO] Heartbeat + Metrics
2026-05-22T13:06:06 [WARN] Failsafe triggered: CPU too high
2026-05-22T13:06:06 [WARN] Failsafe triggered: RAM too low
2026-05-22T13:06:15 [INFO] Heartbeat + Metrics
2026-05-22T13:06:16 [WARN] Desired process no longer exists (PID 18448)
2026-05-22T13:06:16 [WARN] Desired process no longer exists (PID 5896)
2026-05-22T13:06:25 [INFO] Heartbeat + Metrics
2026-05-22T13:06:25 [WARN] Failsafe triggered: CPU too high
2026-05-22T13:06:34 [INFO] Heartbeat + Metrics
2026-05-22T13:06:34 [WARN] Desired process no longer exists (PID 18448)
2026-05-22T13:06:34 [WARN] Desired process no longer exists (PID 5896)
2026-05-22T13:06:43 [INFO] Heartbeat + Metrics
2026-05-22T13:06:43 [WARN] Desired process no longer exists (PID 18448)
2026-05-22T13:06:43 [WARN] Desired process no longer exists (PID 5896)
2026-05-22T13:06:52 [INFO] Heartbeat + Metrics
2026-05-22T13:07:00 [INFO] Heartbeat + Metrics
2026-05-22T13:07:09 [INFO] Heartbeat + Metrics
2026-05-22T13:07:09 [WARN] Failsafe triggered: RAM too low
2026-05-22T13:07:18 [INFO] Heartbeat + Metrics
2026-05-22T13:07:19 [WARN] Desired process no longer exists (PID 18448)
2026-05-22T13:07:19 [WARN] Desired process no longer exists (PID 5896)
2026-05-22T13:07:27 [INFO] Heartbeat + Metrics
2026-05-22T13:07:28 [WARN] Failsafe triggered: RAM too low
2026-05-22T13:07:36 [INFO] Heartbeat + Metrics
2026-05-22T13:07:36 [WARN] Desired process no longer exists (PID 18448)
2026-05-22T13:07:36 [WARN] Desired process no longer exists (PID 5896)
2026-05-22T13:07:45 [INFO] Heartbeat + Metrics
2026-05-22T13:07:45 [WARN] Desired process no longer exists (PID 18448)
2026-05-22T13:07:45 [WARN] Desired process no longer exists (PID 5896)
2026-05-22T13:07:54 [INFO] Heartbeat + Metrics
2026-05-22T13:08:03 [INFO] Heartbeat + Metrics
2026-05-22T13:08:03 [WARN] Desired process no longer exists (PID 18448)
2026-05-22T13:08:03 [WARN] Desired process no longer exists (PID 5896)
2026-05-22T13:08:12 [INFO] Heartbeat + Metrics
2026-05-22T13:08:12 [WARN] Desired process no longer exists (PID 18448)
2026-05-22T13:08:12 [WARN] Desired process no longer exists (PID 5896)
2026-05-22T13:08:20 [INFO] Heartbeat + Metrics
2026-05-22T13:08:20 [WARN] Desired process no longer exists (PID 18448)
2026-05-22T13:08:21 [WARN] Desired process no longer exists (PID 5896)
2026-05-22T13:08:29 [INFO] Heartbeat + Metrics
2026-05-22T13:08:38 [INFO] Heartbeat + Metrics
2026-05-22T13:08:38 [WARN] Failsafe triggered: CPU too high
2026-05-22T13:08:47 [INFO] Heartbeat + Metrics
2026-05-22T13:08:56 [INFO] Heartbeat + Metrics
2026-05-22T13:09:05 [INFO] Heartbeat + Metrics
2026-05-22T13:09:13 [INFO] Heartbeat + Metrics
2026-05-22T13:09:22 [INFO] Heartbeat + Metrics
2026-05-22T13:09:31 [INFO] Heartbeat + Metrics
2026-05-22T13:09:40 [INFO] Heartbeat + Metrics
2026-05-22T13:09:40 [WARN] Failsafe triggered: CPU too high
2026-05-22T13:09:51 [INFO] Heartbeat + Metrics
2026-05-22T13:09:51 [WARN] Failsafe triggered: CPU too high
2026-05-22T13:09:51 [WARN] Failsafe triggered: RAM too low
2026-05-22T13:10:00 [INFO] Heartbeat + Metrics
2026-05-22T13:10:10 [INFO] Heartbeat + Metrics
2026-05-22T13:10:10 [WARN] Failsafe triggered: CPU too high
2026-05-22T13:10:19 [INFO] Heartbeat + Metrics
2026-05-22T13:10:19 [WARN] Failsafe triggered: CPU too high
2026-05-22T13:10:28 [INFO] Heartbeat + Metrics
2026-05-22T13:10:28 [WARN] Failsafe triggered: CPU too high
2026-05-22T13:10:28 [WARN] Failsafe triggered: RAM too low
2026-05-22T13:10:38 [INFO] Heartbeat + Metrics
2026-05-22T13:10:46 [INFO] Heartbeat + Metrics
2026-05-22T13:10:46 [WARN] Failsafe triggered: CPU too high
2026-05-22T13:10:46 [WARN] Failsafe triggered: RAM too low
2026-05-22T13:10:55 [INFO] Heartbeat + Metrics
2026-05-22T13:11:04 [INFO] Heartbeat + Metrics
2026-05-22T13:11:13 [INFO] Heartbeat + Metrics
2026-05-22T13:11:21 [INFO] Heartbeat + Metrics
2026-05-22T13:11:30 [INFO] Heartbeat + Metrics
2026-05-22T13:11:39 [INFO] Heartbeat + Metrics
2026-05-22T13:11:47 [INFO] Heartbeat + Metrics
2026-05-22T13:11:56 [INFO] Heartbeat + Metrics
2026-05-22T13:12:05 [INFO] Heartbeat + Metrics
2026-05-22T13:12:14 [INFO] Heartbeat + Metrics
2026-05-22T13:12:14 [WARN] Failsafe triggered: RAM too low
2026-05-22T13:12:23 [INFO] Heartbeat + Metrics
2026-05-22T13:12:32 [INFO] Heartbeat + Metrics
2026-05-22T13:12:41 [INFO] Heartbeat + Metrics
2026-05-22T13:12:50 [INFO] Heartbeat + Metrics
2026-05-22T13:13:00 [INFO] Heartbeat + Metrics
2026-05-22T13:13:00 [WARN] Failsafe triggered: CPU too high
2026-05-22T13:13:09 [INFO] Heartbeat + Metrics
2026-05-22T13:13:10 [WARN] Failsafe triggered: CPU too high
2026-05-22T13:13:10 [WARN] Failsafe triggered: RAM too low
2026-05-22T13:13:18 [INFO] Heartbeat + Metrics
2026-05-22T13:13:28 [INFO] Heartbeat + Metrics
2026-05-22T13:13:29 [WARN] Failsafe triggered: RAM too low
2026-05-22T13:13:37 [INFO] Heartbeat + Metrics
2026-05-22T13:13:46 [INFO] Heartbeat + Metrics
2026-05-22T13:13:55 [INFO] Heartbeat + Metrics
2026-05-22T13:14:04 [INFO] Heartbeat + Metrics
2026-05-22T13:14:13 [INFO] Heartbeat + Metrics
2026-05-22T13:14:13 [WARN] Failsafe triggered: CPU too high
2026-05-22T13:14:22 [INFO] Heartbeat + Metrics
2026-05-22T13:14:31 [INFO] Heartbeat + Metrics
2026-05-22T13:14:40 [INFO] Heartbeat + Metrics
2026-05-22T13:14:40 [WARN] Failsafe triggered: CPU too high
2026-05-22T13:14:49 [INFO] Heartbeat + Metrics
2026-05-22T13:14:57 [INFO] Heartbeat + Metrics
2026-05-22T13:15:06 [INFO] Heartbeat + Metrics
2026-05-22T13:15:15 [INFO] Heartbeat + Metrics
2026-05-22T13:15:24 [INFO] Heartbeat + Metrics
2026-05-22T13:15:24 [WARN] Failsafe triggered: RAM too low
2026-05-22T13:15:35 [INFO] Heartbeat + Metrics
2026-05-22T13:15:36 [WARN] Failsafe triggered: CPU too high
2026-05-22T13:15:36 [WARN] Failsafe triggered: RAM too low
2026-05-22T13:15:45 [INFO] Heartbeat + Metrics
2026-05-22T13:15:46 [WARN] Failsafe triggered: CPU too high
2026-05-22T13:15:46 [WARN] Failsafe triggered: RAM too low
2026-05-22T13:15:55 [INFO] Heartbeat + Metrics
2026-05-22T13:16:04 [INFO] Heartbeat + Metrics
2026-05-22T13:16:04 [WARN] Failsafe triggered: RAM too low
2026-05-22T13:16:13 [INFO] Heartbeat + Metrics
2026-05-22T13:16:21 [INFO] Heartbeat + Metrics
2026-05-22T13:16:30 [INFO] Heartbeat + Metrics
2026-05-22T13:16:39 [INFO] Heartbeat + Metrics
2026-05-22T13:16:48 [INFO] Heartbeat + Metrics
2026-05-22T13:16:48 [WARN] Failsafe triggered: RAM too low
2026-05-22T13:16:57 [INFO] Heartbeat + Metrics
2026-05-22T13:16:57 [WARN] Failsafe triggered: CPU too high
2026-05-22T13:17:07 [INFO] Heartbeat + Metrics
2026-05-22T13:17:07 [WARN] Failsafe triggered: CPU too high
2026-05-22T13:17:07 [WARN] Failsafe triggered: RAM too low
2026-05-22T13:17:17 [INFO] Heartbeat + Metrics
2026-05-22T13:17:17 [WARN] Failsafe triggered: RAM too low
2026-05-22T13:17:27 [INFO] Heartbeat + Metrics
2026-05-22T13:17:27 [WARN] Failsafe triggered: RAM too low
2026-05-22T13:17:36 [INFO] Heartbeat + Metrics
2026-05-22T13:17:45 [INFO] Heartbeat + Metrics
2026-05-22T13:17:54 [INFO] Heartbeat + Metrics
2026-05-22T13:18:03 [INFO] Heartbeat + Metrics
2026-05-22T13:18:12 [INFO] Heartbeat + Metrics
2026-05-22T13:18:21 [INFO] Heartbeat + Metrics
2026-05-22T13:18:30 [INFO] Heartbeat + Metrics
2026-05-22T13:18:38 [INFO] Heartbeat + Metrics
2026-05-22T13:18:47 [INFO] Heartbeat + Metrics
2026-05-22T13:18:56 [INFO] Heartbeat + Metrics
2026-05-22T13:19:04 [INFO] Heartbeat + Metrics
2026-05-22T13:19:13 [INFO] Heartbeat + Metrics
2026-05-22T13:19:22 [INFO] Heartbeat + Metrics
2026-05-22T13:19:31 [INFO] Heartbeat + Metrics
2026-05-22T13:19:40 [INFO] Heartbeat + Metrics
2026-05-22T13:19:49 [INFO] Heartbeat + Metrics
2026-05-22T13:19:49 [WARN] Failsafe triggered: CPU too high
2026-05-22T13:20:01 [INFO] Heartbeat + Metrics
2026-05-22T13:20:01 [WARN] Failsafe triggered: RAM too low
2026-05-22T13:20:10 [INFO] Heartbeat + Metrics
2026-05-22T13:20:10 [WARN] Failsafe triggered: CPU too high
2026-05-22T13:20:19 [INFO] Heartbeat + Metrics
2026-05-22T13:20:29 [INFO] Heartbeat + Metrics
2026-05-22T13:20:29 [WARN] Failsafe triggered: CPU too high
2026-05-22T13:20:38 [INFO] Heartbeat + Metrics
2026-05-22T13:20:48 [INFO] Heartbeat + Metrics
2026-05-22T13:20:48 [WARN] Failsafe triggered: RAM too low
2026-05-22T13:20:57 [INFO] Heartbeat + Metrics
2026-05-22T13:20:57 [WARN] Failsafe triggered: CPU too high
2026-05-22T13:20:57 [WARN] Failsafe triggered: RAM too low
2026-05-22T13:21:06 [INFO] Heartbeat + Metrics
2026-05-22T13:21:07 [WARN] Failsafe triggered: RAM too low
2026-05-22T13:21:15 [INFO] Heartbeat + Metrics
2026-05-22T13:21:24 [INFO] Heartbeat + Metrics
2026-05-22T13:21:32 [INFO] Heartbeat + Metrics
2026-05-22T13:21:41 [INFO] Heartbeat + Metrics
2026-05-22T13:21:50 [INFO] Heartbeat + Metrics
2026-05-22T13:21:58 [INFO] Heartbeat + Metrics
2026-05-22T13:22:07 [INFO] Heartbeat + Metrics
2026-05-22T13:22:07 [WARN] Failsafe triggered: CPU too high
2026-05-22T13:22:15 [INFO] Heartbeat + Metrics
2026-05-22T13:22:24 [INFO] Heartbeat + Metrics
2026-05-22T13:22:33 [INFO] Heartbeat + Metrics
2026-05-22T13:22:41 [INFO] Heartbeat + Metrics
2026-05-22T13:22:50 [INFO] Heartbeat + Metrics
2026-05-22T13:22:58 [INFO] Heartbeat + Metrics
2026-05-22T13:23:08 [INFO] Heartbeat + Metrics
2026-05-22T13:23:17 [INFO] Heartbeat + Metrics
2026-05-22T13:23:25 [INFO] Heartbeat + Metrics
2026-05-22T13:23:34 [INFO] Heartbeat + Metrics
2026-05-22T13:23:42 [INFO] Heartbeat + Metrics
2026-05-22T13:23:51 [INFO] Heartbeat + Metrics
2026-05-22T13:24:00 [INFO] Heartbeat + Metrics
2026-05-22T13:24:08 [INFO] Heartbeat + Metrics
2026-05-22T13:24:17 [INFO] Heartbeat + Metrics
2026-05-22T13:24:25 [INFO] Heartbeat + Metrics
2026-05-22T13:24:34 [INFO] Heartbeat + Metrics
2026-05-22T13:24:43 [INFO] Heartbeat + Metrics
2026-05-22T13:24:51 [INFO] Heartbeat + Metrics
2026-05-22T13:25:00 [INFO] Heartbeat + Metrics
2026-05-22T13:25:08 [INFO] Heartbeat + Metrics
2026-05-22T13:25:17 [INFO] Heartbeat + Metrics
2026-05-22T13:25:26 [INFO] Heartbeat + Metrics
2026-05-22T13:25:34 [INFO] Heartbeat + Metrics
2026-05-22T13:25:43 [INFO] Heartbeat + Metrics
2026-05-22T13:25:51 [INFO] Heartbeat + Metrics
2026-05-22T13:26:00 [INFO] Heartbeat + Metrics
2026-05-22T13:26:09 [INFO] Heartbeat + Metrics
2026-05-22T13:26:17 [INFO] Heartbeat + Metrics
2026-05-22T13:26:26 [INFO] Heartbeat + Metrics
2026-05-22T13:26:35 [INFO] Heartbeat + Metrics
2026-05-22T13:26:43 [INFO] Heartbeat + Metrics
2026-05-22T13:26:52 [INFO] Heartbeat + Metrics
2026-05-22T13:27:01 [INFO] Heartbeat + Metrics
2026-05-22T13:27:02 [WARN] Failsafe triggered: CPU too high
2026-05-22T13:27:10 [INFO] Heartbeat + Metrics
2026-05-22T13:27:19 [INFO] Heartbeat + Metrics
2026-05-22T13:27:27 [INFO] Heartbeat + Metrics
2026-05-22T13:27:36 [INFO] Heartbeat + Metrics
2026-05-22T13:27:45 [INFO] Heartbeat + Metrics
2026-05-22T13:27:54 [INFO] Heartbeat + Metrics
2026-05-22T13:27:54 [WARN] Failsafe triggered: CPU too high
2026-05-22T13:27:54 [WARN] Failsafe triggered: RAM too low
2026-05-22T13:28:03 [INFO] Heartbeat + Metrics
2026-05-22T13:28:13 [INFO] Heartbeat + Metrics
2026-05-22T13:28:22 [INFO] Heartbeat + Metrics
2026-05-22T13:28:22 [WARN] Failsafe triggered: CPU too high
2026-05-22T13:28:31 [INFO] Heartbeat + Metrics
2026-05-22T13:28:40 [INFO] Heartbeat + Metrics
2026-05-22T13:28:49 [INFO] Heartbeat + Metrics
2026-05-22T13:28:57 [INFO] Heartbeat + Metrics
2026-05-22T13:29:06 [INFO] Heartbeat + Metrics
2026-05-22T13:29:15 [INFO] Heartbeat + Metrics
2026-05-22T13:29:23 [INFO] Heartbeat + Metrics
2026-05-22T13:29:32 [INFO] Heartbeat + Metrics
2026-05-22T13:29:41 [INFO] Heartbeat + Metrics
2026-05-22T13:29:49 [INFO] Heartbeat + Metrics
2026-05-22T13:29:58 [INFO] Heartbeat + Metrics
2026-05-22T13:29:58 [WARN] Failsafe triggered: CPU too high
2026-05-22T13:30:07 [INFO] Heartbeat + Metrics
2026-05-22T13:30:07 [WARN] Failsafe triggered: CPU too high
2026-05-22T13:30:16 [INFO] Heartbeat + Metrics
2026-05-22T13:30:25 [INFO] Heartbeat + Metrics
2026-05-22T13:30:33 [INFO] Heartbeat + Metrics
2026-05-22T13:30:42 [INFO] Heartbeat + Metrics
2026-05-22T13:30:42 [WARN] Desired process no longer exists (PID 13268)
2026-05-22T13:30:42 [WARN] Desired process no longer exists (PID 5896)
2026-05-22T13:30:52 [INFO] Heartbeat + Metrics
2026-05-22T13:30:52 [WARN] Failsafe triggered: CPU too high
2026-05-22T13:31:02 [INFO] Heartbeat + Metrics
2026-05-22T13:31:02 [WARN] Desired process no longer exists (PID 13268)
2026-05-22T13:31:03 [WARN] Desired process no longer exists (PID 5896)
2026-05-22T13:31:12 [INFO] Heartbeat + Metrics
2026-05-22T13:31:12 [WARN] Desired process no longer exists (PID 13268)
2026-05-22T13:31:12 [WARN] Desired process no longer exists (PID 5896)
2026-05-22T13:31:21 [INFO] Heartbeat + Metrics
2026-05-22T13:31:21 [WARN] Failsafe triggered: RAM too low
2026-05-22T13:31:30 [INFO] Heartbeat + Metrics
2026-05-22T13:31:39 [INFO] Heartbeat + Metrics
2026-05-22T13:31:47 [INFO] Heartbeat + Metrics
2026-05-22T13:31:56 [INFO] Heartbeat + Metrics
2026-05-22T13:32:04 [INFO] Heartbeat + Metrics
2026-05-22T13:32:13 [INFO] Heartbeat + Metrics
2026-05-22T13:32:13 [WARN] Desired process no longer exists (PID 13268)
2026-05-22T13:32:13 [WARN] Desired process no longer exists (PID 5896)
2026-05-22T13:32:22 [INFO] Heartbeat + Metrics
2026-05-22T13:32:22 [WARN] Desired process no longer exists (PID 13268)
2026-05-22T13:32:22 [WARN] Desired process no longer exists (PID 5896)
2026-05-22T13:32:31 [INFO] Heartbeat + Metrics
2026-05-22T13:32:39 [INFO] Heartbeat + Metrics
2026-05-22T13:32:48 [INFO] Heartbeat + Metrics
2026-05-22T13:32:57 [INFO] Heartbeat + Metrics
2026-05-22T13:33:05 [INFO] Heartbeat + Metrics
2026-05-22T13:33:14 [INFO] Heartbeat + Metrics
2026-05-22T13:33:14 [WARN] Failsafe triggered: RAM too low
2026-05-22T13:33:23 [INFO] Heartbeat + Metrics
2026-05-22T13:33:23 [WARN] Failsafe triggered: RAM too low
2026-05-22T13:33:32 [INFO] Heartbeat + Metrics
2026-05-22T13:33:32 [WARN] Desired process no longer exists (PID 13268)
2026-05-22T13:33:32 [WARN] Desired process no longer exists (PID 5896)
2026-05-22T13:33:41 [INFO] Heartbeat + Metrics
2026-05-22T13:33:41 [WARN] Desired process no longer exists (PID 13268)
2026-05-22T13:33:41 [WARN] Desired process no longer exists (PID 5896)
2026-05-22T13:33:49 [INFO] Heartbeat + Metrics
2026-05-22T13:33:49 [WARN] Desired process no longer exists (PID 13268)
2026-05-22T13:33:49 [WARN] Desired process no longer exists (PID 5896)
2026-05-22T13:33:58 [INFO] Heartbeat + Metrics
2026-05-22T13:33:58 [WARN] Desired process no longer exists (PID 13268)
2026-05-22T13:33:58 [WARN] Desired process no longer exists (PID 5896)
2026-05-22T13:34:07 [INFO] Heartbeat + Metrics
2026-05-22T13:34:07 [WARN] Desired process no longer exists (PID 13268)
2026-05-22T13:34:07 [WARN] Desired process no longer exists (PID 5896)
2026-05-22T13:34:16 [INFO] Heartbeat + Metrics
2026-05-22T13:34:16 [WARN] Failsafe triggered: CPU too high
2026-05-22T13:34:16 [WARN] Failsafe triggered: RAM too low
2026-05-22T13:34:27 [INFO] Heartbeat + Metrics
2026-05-22T13:34:27 [WARN] Failsafe triggered: CPU too high
2026-05-22T13:34:27 [WARN] Failsafe triggered: RAM too low
2026-05-22T13:34:36 [INFO] Heartbeat + Metrics
2026-05-22T13:34:36 [WARN] Failsafe triggered: RAM too low
2026-05-22T13:34:45 [INFO] Heartbeat + Metrics
2026-05-22T13:34:45 [WARN] Desired process no longer exists (PID 18448)
2026-05-22T13:34:45 [WARN] Desired process no longer exists (PID 5896)
2026-05-22T13:34:54 [INFO] Heartbeat + Metrics
2026-05-22T13:34:54 [WARN] Desired process no longer exists (PID 18448)
2026-05-22T13:34:54 [WARN] Desired process no longer exists (PID 5896)
2026-05-22T13:35:03 [INFO] Heartbeat + Metrics
2026-05-22T13:35:03 [WARN] Desired process no longer exists (PID 18448)
2026-05-22T13:35:03 [WARN] Desired process no longer exists (PID 5896)
2026-05-22T13:35:12 [INFO] Heartbeat + Metrics
2026-05-22T13:35:12 [WARN] Desired process no longer exists (PID 18448)
2026-05-22T13:35:12 [WARN] Desired process no longer exists (PID 5896)
2026-05-22T13:35:21 [INFO] Heartbeat + Metrics
2026-05-22T13:35:21 [WARN] Failsafe triggered: CPU too high
2026-05-22T13:35:33 [INFO] Heartbeat + Metrics
2026-05-22T13:35:33 [WARN] Failsafe triggered: CPU too high
2026-05-22T13:35:42 [INFO] Heartbeat + Metrics
2026-05-22T13:35:42 [WARN] Failsafe triggered: CPU too high
2026-05-22T13:35:51 [INFO] Heartbeat + Metrics
2026-05-22T13:35:51 [WARN] Failsafe triggered: CPU too high
2026-05-22T13:36:00 [INFO] Heartbeat + Metrics
2026-05-22T13:36:00 [WARN] Failsafe triggered: CPU too high
2026-05-22T13:36:11 [INFO] Heartbeat + Metrics
2026-05-22T13:36:11 [WARN] Failsafe triggered: CPU too high
2026-05-22T13:36:20 [INFO] Heartbeat + Metrics
2026-05-22T13:36:20 [WARN] Failsafe triggered: CPU too high
2026-05-22T13:36:29 [INFO] Heartbeat + Metrics
2026-05-22T13:36:29 [WARN] Desired process no longer exists (PID 18448)
2026-05-22T13:36:29 [WARN] Desired process no longer exists (PID 5896)
2026-05-22T13:36:38 [INFO] Heartbeat + Metrics
2026-05-22T13:36:38 [WARN] Desired process no longer exists (PID 18448)
2026-05-22T13:36:38 [WARN] Desired process no longer exists (PID 5896)
2026-05-22T13:36:47 [INFO] Heartbeat + Metrics
2026-05-22T13:36:47 [WARN] Desired process no longer exists (PID 18448)
2026-05-22T13:36:47 [WARN] Desired process no longer exists (PID 5896)
2026-05-22T13:36:55 [INFO] Heartbeat + Metrics
2026-05-22T13:36:55 [WARN] Desired process no longer exists (PID 18448)
2026-05-22T13:36:55 [WARN] Desired process no longer exists (PID 5896)
2026-05-22T13:37:04 [INFO] Heartbeat + Metrics
2026-05-22T13:37:04 [WARN] Desired process no longer exists (PID 18448)
2026-05-22T13:37:04 [WARN] Desired process no longer exists (PID 5896)
2026-05-22T13:37:15 [INFO] Heartbeat + Metrics
2026-05-22T13:37:15 [WARN] Failsafe triggered: CPU too high
2026-05-22T13:37:24 [INFO] Heartbeat + Metrics
2026-05-22T13:37:24 [WARN] Failsafe triggered: CPU too high
2026-05-22T13:37:24 [WARN] Failsafe triggered: RAM too low
2026-05-22T13:37:33 [INFO] Heartbeat + Metrics
2026-05-22T13:37:33 [WARN] Desired process no longer exists (PID 18448)
2026-05-22T13:37:33 [WARN] Desired process no longer exists (PID 5896)
2026-05-22T13:37:42 [INFO] Heartbeat + Metrics
2026-05-22T13:37:42 [WARN] Failsafe triggered: CPU too high
2026-05-22T13:37:51 [INFO] Heartbeat + Metrics
2026-05-22T13:37:51 [WARN] Desired process no longer exists (PID 18448)
2026-05-22T13:37:51 [WARN] Desired process no longer exists (PID 5896)
2026-05-22T13:37:59 [INFO] Heartbeat + Metrics
2026-05-22T13:38:00 [WARN] Desired process no longer exists (PID 18448)
2026-05-22T13:38:00 [WARN] Desired process no longer exists (PID 5896)
2026-05-22T13:38:08 [INFO] Heartbeat + Metrics
2026-05-22T13:38:08 [WARN] Desired process no longer exists (PID 18448)
2026-05-22T13:38:08 [WARN] Desired process no longer exists (PID 5896)
2026-05-22T13:38:20 [INFO] Heartbeat + Metrics
2026-05-22T13:38:20 [WARN] Failsafe triggered: CPU too high
2026-05-22T13:38:29 [INFO] Heartbeat + Metrics
2026-05-22T13:38:29 [WARN] Failsafe triggered: CPU too high
2026-05-22T13:38:38 [INFO] Heartbeat + Metrics
2026-05-22T13:38:48 [INFO] Heartbeat + Metrics
2026-05-22T13:38:48 [WARN] Failsafe triggered: CPU too high
2026-05-22T13:38:57 [INFO] Heartbeat + Metrics
2026-05-22T13:38:57 [WARN] Failsafe triggered: CPU too high
2026-05-22T13:39:07 [INFO] Heartbeat + Metrics
2026-05-22T13:39:15 [INFO] Heartbeat + Metrics
2026-05-22T13:39:24 [INFO] Heartbeat + Metrics
2026-05-22T13:39:36 [INFO] Heartbeat + Metrics
2026-05-22T13:39:37 [WARN] Failsafe triggered: CPU too high
2026-05-22T13:39:37 [WARN] Failsafe triggered: RAM too low
2026-05-22T13:39:46 [INFO] Heartbeat + Metrics
2026-05-22T13:39:55 [INFO] Heartbeat + Metrics
2026-05-22T13:40:04 [INFO] Heartbeat + Metrics
2026-05-22T13:40:12 [INFO] Heartbeat + Metrics
2026-05-22T13:40:21 [INFO] Heartbeat + Metrics
2026-05-22T13:40:21 [WARN] Failsafe triggered: RAM too low
2026-05-22T13:40:30 [INFO] Heartbeat + Metrics
2026-05-22T13:40:39 [INFO] Heartbeat + Metrics
2026-05-22T13:40:51 [INFO] Heartbeat + Metrics
2026-05-22T13:40:51 [WARN] Failsafe triggered: CPU too high
2026-05-22T13:41:02 [INFO] Heartbeat + Metrics
2026-05-22T13:41:02 [WARN] Failsafe triggered: CPU too high
2026-05-22T13:41:11 [INFO] Heartbeat + Metrics
2026-05-22T13:41:20 [INFO] Heartbeat + Metrics
2026-05-22T13:41:29 [INFO] Heartbeat + Metrics
2026-05-22T13:41:37 [INFO] Heartbeat + Metrics
2026-05-22T13:41:46 [INFO] Heartbeat + Metrics
2026-05-22T13:41:55 [INFO] Heartbeat + Metrics
2026-05-22T13:42:03 [INFO] Heartbeat + Metrics
2026-05-22T13:42:12 [INFO] Heartbeat + Metrics
2026-05-22T13:42:21 [INFO] Heartbeat + Metrics
2026-05-22T13:42:29 [INFO] Heartbeat + Metrics
2026-05-22T13:42:38 [INFO] Heartbeat + Metrics
2026-05-22T13:42:46 [INFO] Heartbeat + Metrics
2026-05-22T13:42:57 [INFO] Heartbeat + Metrics
2026-05-22T13:42:58 [WARN] Failsafe triggered: CPU too high
2026-05-22T13:43:08 [INFO] Heartbeat + Metrics
2026-05-22T13:43:08 [WARN] Failsafe triggered: CPU too high
2026-05-22T13:43:17 [INFO] Heartbeat + Metrics
2026-05-22T13:43:26 [INFO] Heartbeat + Metrics
2026-05-22T13:43:34 [INFO] Heartbeat + Metrics
2026-05-22T13:43:43 [INFO] Heartbeat + Metrics
2026-05-22T13:43:52 [INFO] Heartbeat + Metrics
2026-05-22T13:44:00 [INFO] Heartbeat + Metrics
2026-05-22T13:44:09 [INFO] Heartbeat + Metrics
2026-05-22T13:44:20 [INFO] Heartbeat + Metrics
2026-05-22T13:44:29 [INFO] Heartbeat + Metrics
2026-05-22T13:44:29 [WARN] Failsafe triggered: CPU too high
2026-05-22T13:44:38 [INFO] Heartbeat + Metrics
2026-05-22T13:44:47 [INFO] Heartbeat + Metrics
2026-05-22T13:44:56 [INFO] Heartbeat + Metrics
2026-05-22T13:44:57 [WARN] Failsafe triggered: CPU too high
2026-05-22T13:44:57 [WARN] Failsafe triggered: RAM too low
2026-05-22T13:45:06 [INFO] Heartbeat + Metrics
2026-05-22T13:45:14 [INFO] Heartbeat + Metrics
2026-05-22T13:45:14 [WARN] Desired process no longer exists (PID 13268)
2026-05-22T13:45:14 [WARN] Desired process no longer exists (PID 5896)
2026-05-22T13:45:23 [INFO] Heartbeat + Metrics
2026-05-22T13:45:23 [WARN] Desired process no longer exists (PID 13268)
2026-05-22T13:45:23 [WARN] Desired process no longer exists (PID 5896)
2026-05-22T13:45:32 [INFO] Heartbeat + Metrics
2026-05-22T13:45:32 [WARN] Failsafe triggered: CPU too high
2026-05-22T13:45:41 [INFO] Heartbeat + Metrics
2026-05-22T13:45:42 [WARN] Desired process no longer exists (PID 13268)
2026-05-22T13:45:42 [WARN] Desired process no longer exists (PID 5896)
2026-05-22T13:45:57 [INFO] Heartbeat + Metrics
2026-05-22T13:45:58 [WARN] Failsafe triggered: RAM too low
2026-05-22T13:46:07 [INFO] Heartbeat + Metrics
2026-05-22T13:46:07 [WARN] Failsafe triggered: RAM too low
2026-05-22T13:46:16 [INFO] Heartbeat + Metrics
2026-05-22T13:46:25 [INFO] Heartbeat + Metrics
2026-05-22T13:46:34 [INFO] Heartbeat + Metrics
2026-05-22T13:46:42 [INFO] Heartbeat + Metrics
2026-05-22T13:46:51 [INFO] Heartbeat + Metrics
2026-05-22T13:47:00 [INFO] Heartbeat + Metrics
2026-05-22T13:47:08 [INFO] Heartbeat + Metrics
2026-05-22T13:47:17 [INFO] Heartbeat + Metrics
2026-05-22T13:47:26 [INFO] Heartbeat + Metrics
2026-05-22T13:47:34 [INFO] Heartbeat + Metrics
2026-05-22T13:47:43 [INFO] Heartbeat + Metrics
2026-05-22T13:47:52 [INFO] Heartbeat + Metrics
2026-05-22T13:48:00 [INFO] Heartbeat + Metrics
2026-05-22T13:48:09 [INFO] Heartbeat + Metrics
2026-05-22T13:48:18 [INFO] Heartbeat + Metrics
2026-05-22T13:48:27 [INFO] Heartbeat + Metrics
2026-05-22T13:48:27 [WARN] Failsafe triggered: CPU too high
2026-05-22T13:48:36 [INFO] Heartbeat + Metrics
2026-05-22T13:48:45 [INFO] Heartbeat + Metrics
2026-05-22T13:48:54 [INFO] Heartbeat + Metrics
2026-05-22T13:48:54 [WARN] Failsafe triggered: CPU too high
2026-05-22T13:49:03 [INFO] Heartbeat + Metrics
2026-05-22T13:49:11 [INFO] Heartbeat + Metrics
2026-05-22T13:49:20 [INFO] Heartbeat + Metrics
2026-05-22T13:49:29 [INFO] Heartbeat + Metrics
2026-05-22T13:49:38 [INFO] Heartbeat + Metrics
2026-05-22T13:49:46 [INFO] Heartbeat + Metrics
2026-05-22T13:49:55 [INFO] Heartbeat + Metrics
2026-05-22T13:50:04 [INFO] Heartbeat + Metrics
2026-05-22T13:50:12 [INFO] Heartbeat + Metrics
2026-05-22T13:50:21 [INFO] Heartbeat + Metrics
2026-05-22T13:50:21 [WARN] Failsafe triggered: CPU too high
2026-05-22T13:50:30 [INFO] Heartbeat + Metrics
2026-05-22T13:50:38 [INFO] Heartbeat + Metrics
2026-05-22T13:50:47 [INFO] Heartbeat + Metrics
2026-05-22T13:50:57 [INFO] Heartbeat + Metrics
2026-05-22T13:50:57 [WARN] Failsafe triggered: CPU too high
2026-05-22T13:51:05 [INFO] Heartbeat + Metrics
2026-05-22T13:51:14 [INFO] Heartbeat + Metrics
2026-05-22T13:51:23 [INFO] Heartbeat + Metrics
2026-05-22T13:51:31 [INFO] Heartbeat + Metrics
2026-05-22T13:51:40 [INFO] Heartbeat + Metrics
2026-05-22T13:51:48 [INFO] Heartbeat + Metrics
2026-05-22T13:51:57 [INFO] Heartbeat + Metrics
2026-05-22T13:52:06 [INFO] Heartbeat + Metrics
2026-05-22T13:52:14 [INFO] Heartbeat + Metrics
2026-05-22T13:52:23 [INFO] Heartbeat + Metrics
2026-05-22T13:52:31 [INFO] Heartbeat + Metrics
2026-05-22T13:52:40 [INFO] Heartbeat + Metrics
2026-05-22T13:52:49 [INFO] Heartbeat + Metrics
2026-05-22T13:52:57 [INFO] Heartbeat + Metrics
2026-05-22T13:53:06 [INFO] Heartbeat + Metrics
2026-05-22T13:53:14 [INFO] Heartbeat + Metrics
2026-05-22T13:53:23 [INFO] Heartbeat + Metrics
2026-05-22T13:53:32 [INFO] Heartbeat + Metrics
2026-05-22T13:53:40 [INFO] Heartbeat + Metrics
2026-05-22T13:53:49 [INFO] Heartbeat + Metrics
2026-05-22T13:53:57 [INFO] Heartbeat + Metrics
2026-05-22T13:54:06 [INFO] Heartbeat + Metrics
2026-05-22T13:54:14 [INFO] Heartbeat + Metrics
2026-05-22T13:54:23 [INFO] Heartbeat + Metrics
2026-05-22T13:54:31 [INFO] Heartbeat + Metrics
2026-05-22T13:54:40 [INFO] Heartbeat + Metrics
2026-05-22T13:54:49 [INFO] Heartbeat + Metrics
2026-05-22T13:54:57 [INFO] Heartbeat + Metrics
2026-05-22T13:55:06 [INFO] Heartbeat + Metrics
2026-05-22T13:55:14 [INFO] Heartbeat + Metrics
2026-05-22T13:55:23 [INFO] Heartbeat + Metrics
2026-05-22T13:55:33 [INFO] Heartbeat + Metrics
2026-05-22T13:55:42 [INFO] Heartbeat + Metrics
2026-05-22T13:55:51 [INFO] Heartbeat + Metrics
2026-05-22T13:56:01 [INFO] Heartbeat + Metrics
2026-05-22T13:56:10 [INFO] Heartbeat + Metrics
2026-05-22T13:56:10 [WARN] Failsafe triggered: CPU too high
2026-05-22T13:56:20 [INFO] Heartbeat + Metrics
2026-05-22T13:56:21 [WARN] Failsafe triggered: CPU too high
2026-05-22T13:56:21 [WARN] Failsafe triggered: RAM too low
2026-05-22T13:56:35 [INFO] Heartbeat + Metrics
2026-05-22T13:56:36 [WARN] Failsafe triggered: CPU too high
2026-05-22T13:56:36 [WARN] Failsafe triggered: RAM too low
2026-05-22T13:56:48 [INFO] Heartbeat + Metrics
2026-05-22T13:56:48 [WARN] Failsafe triggered: CPU too high
2026-05-22T13:56:48 [WARN] Failsafe triggered: RAM too low
2026-05-22T13:57:01 [INFO] Heartbeat + Metrics
2026-05-22T13:57:04 [WARN] Failsafe triggered: CPU too high
2026-05-22T13:57:04 [WARN] Failsafe triggered: RAM too low
2026-05-22T13:57:16 [INFO] Heartbeat + Metrics
2026-05-22T13:57:16 [WARN] Failsafe triggered: CPU too high
2026-05-22T13:57:25 [INFO] Heartbeat + Metrics
2026-05-22T13:57:25 [WARN] Failsafe triggered: CPU too high
2026-05-22T13:57:34 [INFO] Heartbeat + Metrics
2026-05-22T13:57:34 [WARN] Failsafe triggered: CPU too high
2026-05-22T13:57:43 [INFO] Heartbeat + Metrics
2026-05-22T13:57:43 [WARN] Failsafe triggered: CPU too high
2026-05-22T13:57:43 [WARN] Failsafe triggered: RAM too low
2026-05-22T13:57:52 [INFO] Heartbeat + Metrics
2026-05-22T13:57:52 [WARN] Failsafe triggered: RAM too low
2026-05-22T13:58:01 [INFO] Heartbeat + Metrics
2026-05-22T13:58:01 [WARN] Failsafe triggered: RAM too low
2026-05-22T13:58:10 [INFO] Heartbeat + Metrics
2026-05-22T13:58:19 [INFO] Heartbeat + Metrics
2026-05-22T13:58:19 [WARN] Desired process no longer exists (PID 11732)
2026-05-22T13:58:19 [WARN] Desired process no longer exists (PID 5896)
2026-05-22T13:58:28 [INFO] Heartbeat + Metrics
2026-05-22T13:58:28 [WARN] Desired process no longer exists (PID 11732)
2026-05-22T13:58:28 [WARN] Desired process no longer exists (PID 5896)
2026-05-22T13:58:37 [INFO] Heartbeat + Metrics
2026-05-22T13:58:46 [INFO] Heartbeat + Metrics
2026-05-22T13:58:54 [INFO] Heartbeat + Metrics
2026-05-22T13:59:03 [INFO] Heartbeat + Metrics
2026-05-22T13:59:12 [INFO] Heartbeat + Metrics
2026-05-22T13:59:20 [INFO] Heartbeat + Metrics
2026-05-22T13:59:29 [INFO] Heartbeat + Metrics
2026-05-22T13:59:37 [INFO] Heartbeat + Metrics
2026-05-22T13:59:46 [INFO] Heartbeat + Metrics
2026-05-22T13:59:55 [INFO] Heartbeat + Metrics
2026-05-22T14:00:04 [INFO] Heartbeat + Metrics
2026-05-22T14:00:12 [INFO] Heartbeat + Metrics
2026-05-22T14:00:21 [INFO] Heartbeat + Metrics
2026-05-22T14:00:29 [INFO] Heartbeat + Metrics
2026-05-22T14:00:38 [INFO] Heartbeat + Metrics
2026-05-22T14:00:47 [INFO] Heartbeat + Metrics
2026-05-22T14:00:55 [INFO] Heartbeat + Metrics
2026-05-22T14:01:04 [INFO] Heartbeat + Metrics
2026-05-22T14:01:13 [INFO] Heartbeat + Metrics
2026-05-22T14:01:21 [INFO] Heartbeat + Metrics
2026-05-22T14:01:30 [INFO] Heartbeat + Metrics
2026-05-22T14:01:39 [INFO] Heartbeat + Metrics
2026-05-22T14:01:47 [INFO] Heartbeat + Metrics
2026-05-22T14:01:56 [INFO] Heartbeat + Metrics
2026-05-22T14:02:04 [INFO] Heartbeat + Metrics
2026-05-22T14:02:13 [INFO] Heartbeat + Metrics
2026-05-22T14:02:22 [INFO] Heartbeat + Metrics
2026-05-22T14:02:31 [INFO] Heartbeat + Metrics
2026-05-22T14:02:40 [INFO] Heartbeat + Metrics
2026-05-22T14:02:48 [INFO] Heartbeat + Metrics
2026-05-22T14:02:57 [INFO] Heartbeat + Metrics
2026-05-22T14:03:06 [INFO] Heartbeat + Metrics
2026-05-22T14:03:14 [INFO] Heartbeat + Metrics
2026-05-22T14:03:23 [INFO] Heartbeat + Metrics
2026-05-22T14:03:31 [INFO] Heartbeat + Metrics
2026-05-22T14:03:40 [INFO] Heartbeat + Metrics
2026-05-22T14:03:49 [INFO] Heartbeat + Metrics
2026-05-22T14:03:57 [INFO] Heartbeat + Metrics
2026-05-22T14:04:06 [INFO] Heartbeat + Metrics
2026-05-22T14:04:15 [INFO] Heartbeat + Metrics
2026-05-22T14:04:24 [INFO] Heartbeat + Metrics
2026-05-22T14:04:32 [INFO] Heartbeat + Metrics
2026-05-22T14:04:41 [INFO] Heartbeat + Metrics
2026-05-22T14:04:50 [INFO] Heartbeat + Metrics
2026-05-22T14:04:58 [INFO] Heartbeat + Metrics
2026-05-22T14:05:07 [INFO] Heartbeat + Metrics
2026-05-22T14:05:16 [INFO] Heartbeat + Metrics
2026-05-22T14:05:24 [INFO] Heartbeat + Metrics
2026-05-22T14:05:33 [INFO] Heartbeat + Metrics
2026-05-22T14:05:42 [INFO] Heartbeat + Metrics
2026-05-22T14:05:51 [INFO] Heartbeat + Metrics
2026-05-22T14:06:00 [INFO] Heartbeat + Metrics
2026-05-22T14:06:09 [INFO] Heartbeat + Metrics
2026-05-22T14:06:17 [INFO] Heartbeat + Metrics
2026-05-22T14:06:26 [INFO] Heartbeat + Metrics
2026-05-22T14:06:35 [INFO] Heartbeat + Metrics
2026-05-22T14:06:35 [WARN] Failsafe triggered: CPU too high
2026-05-22T14:06:44 [INFO] Heartbeat + Metrics
2026-05-22T14:06:53 [INFO] Heartbeat + Metrics
2026-05-22T14:07:01 [INFO] Heartbeat + Metrics
2026-05-22T14:07:10 [INFO] Heartbeat + Metrics
2026-05-22T14:07:18 [INFO] Heartbeat + Metrics
2026-05-22T14:07:27 [INFO] Heartbeat + Metrics
2026-05-22T14:07:36 [INFO] Heartbeat + Metrics
2026-05-22T14:07:44 [INFO] Heartbeat + Metrics
2026-05-22T14:07:53 [INFO] Heartbeat + Metrics
2026-05-22T14:08:02 [INFO] Heartbeat + Metrics
2026-05-22T14:08:10 [INFO] Heartbeat + Metrics
2026-05-22T14:08:19 [INFO] Heartbeat + Metrics
2026-05-22T14:08:28 [INFO] Heartbeat + Metrics
2026-05-22T14:08:38 [INFO] Heartbeat + Metrics
2026-05-22T14:08:39 [WARN] Desired process no longer exists (PID 13268)
2026-05-22T14:08:39 [WARN] Desired process no longer exists (PID 5896)
2026-05-22T14:08:48 [INFO] Heartbeat + Metrics
2026-05-22T14:08:57 [INFO] Heartbeat + Metrics
2026-05-22T14:09:08 [INFO] Heartbeat + Metrics
2026-05-22T14:09:09 [WARN] Failsafe triggered: CPU too high
2026-05-22T14:09:09 [WARN] Failsafe triggered: RAM too low
2026-05-22T14:09:19 [INFO] Heartbeat + Metrics
2026-05-22T14:09:19 [WARN] Failsafe triggered: CPU too high
2026-05-22T14:09:30 [INFO] Heartbeat + Metrics
2026-05-22T14:09:30 [WARN] Failsafe triggered: CPU too high
2026-05-22T14:09:30 [WARN] Failsafe triggered: RAM too low
2026-05-22T14:09:43 [INFO] Heartbeat + Metrics
2026-05-22T14:09:44 [WARN] Failsafe triggered: RAM too low
2026-05-22T14:09:55 [INFO] Heartbeat + Metrics
2026-05-22T14:09:55 [WARN] Failsafe triggered: RAM too low
2026-05-22T14:10:04 [INFO] Heartbeat + Metrics
2026-05-22T14:10:04 [WARN] Failsafe triggered: CPU too high
2026-05-22T14:10:04 [WARN] Failsafe triggered: RAM too low
2026-05-22T14:10:16 [INFO] Heartbeat + Metrics
2026-05-22T14:10:17 [WARN] Failsafe triggered: RAM too low
2026-05-22T14:10:26 [INFO] Heartbeat + Metrics
2026-05-22T14:10:26 [WARN] Failsafe triggered: CPU too high
2026-05-22T14:10:26 [WARN] Failsafe triggered: RAM too low
2026-05-22T14:10:35 [INFO] Heartbeat + Metrics
2026-05-22T14:10:45 [INFO] Heartbeat + Metrics
2026-05-22T14:10:54 [INFO] Heartbeat + Metrics
2026-05-22T14:10:54 [WARN] Failsafe triggered: RAM too low
2026-05-22T14:11:03 [INFO] Heartbeat + Metrics
2026-05-22T14:11:14 [INFO] Heartbeat + Metrics
2026-05-22T14:11:14 [WARN] Failsafe triggered: RAM too low
2026-05-22T14:11:23 [INFO] Heartbeat + Metrics
2026-05-22T14:11:23 [WARN] Failsafe triggered: CPU too high
2026-05-22T14:11:32 [INFO] Heartbeat + Metrics
2026-05-22T14:11:44 [INFO] Heartbeat + Metrics
2026-05-22T14:11:44 [WARN] Failsafe triggered: CPU too high
2026-05-22T14:11:44 [WARN] Failsafe triggered: RAM too low
2026-05-22T14:11:54 [INFO] Heartbeat + Metrics
2026-05-22T14:11:55 [WARN] Failsafe triggered: CPU too high
2026-05-22T14:11:55 [WARN] Failsafe triggered: RAM too low
2026-05-22T14:12:05 [INFO] Heartbeat + Metrics
2026-05-22T14:12:05 [WARN] Failsafe triggered: CPU too high
2026-05-22T14:12:14 [INFO] Heartbeat + Metrics
2026-05-22T14:12:14 [WARN] Failsafe triggered: CPU too high
2026-05-22T14:12:14 [WARN] Failsafe triggered: RAM too low
2026-05-22T14:12:23 [INFO] Heartbeat + Metrics
2026-05-22T14:12:32 [INFO] Heartbeat + Metrics
2026-05-22T14:12:42 [INFO] Heartbeat + Metrics
2026-05-22T14:12:53 [INFO] Heartbeat + Metrics
2026-05-22T14:12:53 [WARN] Failsafe triggered: CPU too high
2026-05-22T14:13:01 [INFO] Heartbeat + Metrics
2026-05-22T14:13:11 [INFO] Heartbeat + Metrics
2026-05-22T14:13:11 [WARN] Failsafe triggered: CPU too high
2026-05-22T14:13:20 [INFO] Heartbeat + Metrics
2026-05-22T14:13:20 [WARN] Failsafe triggered: CPU too high
2026-05-22T14:13:29 [INFO] Heartbeat + Metrics
2026-05-22T14:13:38 [INFO] Heartbeat + Metrics
2026-05-22T14:13:47 [INFO] Heartbeat + Metrics
2026-05-22T14:13:55 [INFO] Heartbeat + Metrics
2026-05-22T14:14:04 [INFO] Heartbeat + Metrics
2026-05-22T14:14:12 [INFO] Heartbeat + Metrics
2026-05-22T14:14:21 [INFO] Heartbeat + Metrics
2026-05-22T14:14:31 [INFO] Heartbeat + Metrics
2026-05-22T14:14:31 [WARN] Failsafe triggered: CPU too high
2026-05-22T14:14:39 [INFO] Heartbeat + Metrics
2026-05-22T14:14:39 [WARN] Failsafe triggered: CPU too high
2026-05-22T14:14:39 [WARN] Failsafe triggered: RAM too low
2026-05-22T14:14:48 [INFO] Heartbeat + Metrics
2026-05-22T14:14:48 [WARN] Failsafe triggered: RAM too low
2026-05-22T14:14:57 [INFO] Heartbeat + Metrics
2026-05-22T14:15:06 [INFO] Heartbeat + Metrics
2026-05-22T14:15:15 [INFO] Heartbeat + Metrics
2026-05-22T14:15:15 [WARN] Failsafe triggered: CPU too high
2026-05-22T14:15:24 [INFO] Heartbeat + Metrics
2026-05-22T14:15:24 [WARN] Failsafe triggered: RAM too low
2026-05-22T14:15:34 [INFO] Heartbeat + Metrics
2026-05-22T14:15:43 [INFO] Heartbeat + Metrics
2026-05-22T14:15:43 [WARN] Failsafe triggered: CPU too high
2026-05-22T14:15:54 [INFO] Heartbeat + Metrics
2026-05-22T14:16:03 [INFO] Heartbeat + Metrics
2026-05-22T14:16:11 [INFO] Heartbeat + Metrics
2026-05-22T14:16:20 [INFO] Heartbeat + Metrics
2026-05-22T14:16:29 [INFO] Heartbeat + Metrics
2026-05-22T14:16:29 [WARN] Failsafe triggered: RAM too low
2026-05-22T14:16:38 [INFO] Heartbeat + Metrics
2026-05-22T14:16:47 [INFO] Heartbeat + Metrics
2026-05-22T14:16:56 [INFO] Heartbeat + Metrics
2026-05-22T14:17:04 [INFO] Heartbeat + Metrics
2026-05-22T14:17:13 [INFO] Heartbeat + Metrics
2026-05-22T14:17:13 [ERROR] Main loop error
2026-05-22T17:21:44 [INFO] [core] [general] SmartWorkOptimizer started
2026-05-22T17:21:56 [INFO] [core] [general] Heartbeat + Metrics
2026-05-22T17:22:06 [INFO] [core] [general] Heartbeat + Metrics
2026-05-22T17:22:16 [INFO] [core] [general] Heartbeat + Metrics
2026-05-22T17:22:28 [INFO] [core] [general] Heartbeat + Metrics
2026-05-22T17:22:28 [WARN] [core] [general] Failsafe triggered: CPU too high
2026-05-22T17:22:40 [INFO] [core] [general] Heartbeat + Metrics
2026-05-22T17:22:41 [WARN] [core] [general] Failsafe triggered: CPU too high
2026-05-22T17:22:41 [WARN] [core] [general] Failsafe triggered: RAM too low
2026-05-22T17:22:52 [INFO] [core] [general] Heartbeat + Metrics
2026-05-22T17:22:52 [WARN] [core] [general] Failsafe triggered: RAM too low
2026-05-22T17:23:03 [INFO] [core] [general] Heartbeat + Metrics
2026-05-22T17:23:03 [WARN] [core] [general] Failsafe triggered: CPU too high
2026-05-22T17:23:13 [INFO] [core] [general] Heartbeat + Metrics
2026-05-22T17:23:13 [WARN] [core] [general] Failsafe triggered: CPU too high
2026-05-22T17:23:25 [INFO] [core] [general] Heartbeat + Metrics
2026-05-22T17:23:25 [WARN] [core] [general] Failsafe triggered: CPU too high
2026-05-22T17:23:46 [INFO] [core] [general] Heartbeat + Metrics
2026-05-22T17:23:46 [WARN] [core] [general] Failsafe triggered: CPU too high
2026-05-22T17:23:46 [WARN] [core] [general] Failsafe triggered: RAM too low
2026-05-22T17:24:03 [INFO] [core] [general] Heartbeat + Metrics
2026-05-22T17:24:03 [WARN] [core] [general] Failsafe triggered: RAM too low
2026-05-22T17:24:16 [INFO] [core] [general] Heartbeat + Metrics
2026-05-22T17:24:16 [WARN] [core] [general] Failsafe triggered: CPU too high
2026-05-22T17:24:30 [INFO] [core] [general] Heartbeat + Metrics
2026-05-22T17:24:30 [WARN] [core] [general] Failsafe triggered: CPU too high
2026-05-22T17:24:30 [WARN] [core] [general] Failsafe triggered: RAM too low
2026-05-22T17:24:42 [INFO] [core] [general] Heartbeat + Metrics
2026-05-22T17:24:42 [WARN] [core] [general] Failsafe triggered: RAM too low
2026-05-22T17:24:54 [INFO] [core] [general] Heartbeat + Metrics
2026-05-22T17:24:54 [WARN] [core] [general] Failsafe triggered: CPU too high
2026-05-22T17:24:54 [WARN] [core] [general] Failsafe triggered: RAM too low
2026-05-22T17:25:05 [INFO] [core] [general] Heartbeat + Metrics
2026-05-22T17:25:20 [INFO] [core] [general] Heartbeat + Metrics
2026-05-22T17:25:31 [INFO] [core] [general] Heartbeat + Metrics
2026-05-22T17:25:31 [WARN] [core] [general] Failsafe triggered: CPU too high
2026-05-22T17:25:42 [INFO] [core] [general] Heartbeat + Metrics
2026-05-22T17:25:42 [WARN] [core] [general] Failsafe triggered: CPU too high
2026-05-22T17:25:52 [INFO] [core] [general] Heartbeat + Metrics
2026-05-22T17:26:04 [INFO] [core] [general] Heartbeat + Metrics
2026-05-22T17:26:04 [WARN] [core] [general] Failsafe triggered: CPU too high
2026-05-22T17:26:18 [INFO] [core] [general] Heartbeat + Metrics
2026-05-22T17:26:18 [WARN] [core] [general] Failsafe triggered: CPU too high
2026-05-22T17:26:29 [INFO] [core] [general] Heartbeat + Metrics
2026-05-22T17:26:29 [WARN] [core] [general] Failsafe triggered: RAM too low
2026-05-22T17:26:40 [INFO] [core] [general] Heartbeat + Metrics
2026-05-22T17:26:40 [WARN] [core] [general] Failsafe triggered: RAM too low
2026-05-22T17:26:56 [INFO] [core] [general] Heartbeat + Metrics
2026-05-22T17:26:56 [WARN] [core] [general] Failsafe triggered: CPU too high
2026-05-22T17:26:57 [WARN] [core] [general] Failsafe triggered: RAM too low
2026-05-22T17:27:09 [INFO] [core] [general] Heartbeat + Metrics
2026-05-22T17:27:21 [INFO] [core] [general] Heartbeat + Metrics
2026-05-22T17:27:33 [INFO] [core] [general] Heartbeat + Metrics
2026-05-22T17:27:34 [WARN] [core] [general] Failsafe triggered: RAM too low
2026-05-22T17:27:44 [INFO] [core] [general] Heartbeat + Metrics
2026-05-22T17:27:54 [INFO] [core] [general] Heartbeat + Metrics
2026-05-22T17:28:04 [INFO] [core] [general] Heartbeat + Metrics
2026-05-22T17:28:13 [INFO] [core] [general] Heartbeat + Metrics
2026-05-22T17:28:24 [INFO] [core] [general] Heartbeat + Metrics
2026-05-22T17:28:35 [INFO] [core] [general] Heartbeat + Metrics
2026-05-22T17:28:35 [WARN] [core] [general] Failsafe triggered: CPU too high
2026-05-22T17:28:45 [INFO] [core] [general] Heartbeat + Metrics
2026-05-22T17:28:57 [INFO] [core] [general] Heartbeat + Metrics
2026-05-22T17:28:57 [WARN] [core] [general] Failsafe triggered: CPU too high
2026-05-22T17:28:57 [WARN] [core] [general] Failsafe triggered: RAM too low
2026-05-22T17:29:10 [INFO] [core] [general] Heartbeat + Metrics
2026-05-22T17:29:10 [WARN] [core] [general] Failsafe triggered: CPU too high
2026-05-22T17:29:20 [INFO] [core] [general] Heartbeat + Metrics
2026-05-22T17:29:32 [INFO] [core] [general] Heartbeat + Metrics
2026-05-22T17:29:32 [WARN] [core] [general] Failsafe triggered: RAM too low
2026-05-22T17:29:43 [INFO] [core] [general] Heartbeat + Metrics
2026-05-22T17:29:44 [WARN] [core] [general] Failsafe triggered: RAM too low
2026-05-22T17:29:53 [INFO] [core] [general] Heartbeat + Metrics
2026-05-22T17:30:03 [INFO] [core] [general] Heartbeat + Metrics
2026-05-22T17:30:13 [INFO] [core] [general] Heartbeat + Metrics
2026-05-22T17:30:22 [INFO] [core] [general] Heartbeat + Metrics
2026-05-22T17:30:32 [INFO] [core] [general] Heartbeat + Metrics
2026-05-22T17:30:42 [INFO] [core] [general] Heartbeat + Metrics
2026-05-22T17:30:42 [WARN] [core] [general] Failsafe triggered: CPU too high
2026-05-22T17:30:53 [INFO] [core] [general] Heartbeat + Metrics
2026-05-22T17:30:53 [WARN] [core] [general] Failsafe triggered: CPU too high
2026-05-22T17:31:04 [INFO] [core] [general] Heartbeat + Metrics
2026-05-22T17:31:04 [WARN] [core] [general] Failsafe triggered: CPU too high
2026-05-22T17:31:22 [INFO] [core] [general] Heartbeat + Metrics
2026-05-22T17:31:34 [INFO] [core] [general] Heartbeat + Metrics
2026-05-22T17:31:35 [WARN] [core] [general] Failsafe triggered: CPU too high
2026-05-22T17:31:35 [WARN] [core] [general] Failsafe triggered: RAM too low
2026-05-22T17:31:48 [INFO] [core] [general] Heartbeat + Metrics
2026-05-22T17:32:02 [INFO] [core] [general] Heartbeat + Metrics
2026-05-22T17:32:03 [WARN] [core] [general] Failsafe triggered: RAM too low
2026-05-22T17:32:18 [INFO] [core] [general] Heartbeat + Metrics
2026-05-22T17:32:18 [WARN] [core] [general] Failsafe triggered: RAM too low
2026-05-22T17:32:31 [INFO] [core] [general] Heartbeat + Metrics
2026-05-22T17:32:31 [WARN] [core] [general] Failsafe triggered: RAM too low
2026-05-22T17:32:44 [INFO] [core] [general] Heartbeat + Metrics
2026-05-22T17:32:44 [WARN] [core] [general] Failsafe triggered: CPU too high
2026-05-22T17:32:54 [INFO] [core] [general] Heartbeat + Metrics
2026-05-22T17:32:54 [WARN] [core] [general] Failsafe triggered: CPU too high
2026-05-22T17:33:11 [INFO] [core] [general] Heartbeat + Metrics
2026-05-22T17:33:12 [WARN] [core] [general] Failsafe triggered: CPU too high
2026-05-22T17:33:12 [WARN] [core] [general] Failsafe triggered: RAM too low
2026-05-22T17:33:31 [INFO] [core] [general] Heartbeat + Metrics
2026-05-22T17:33:31 [WARN] [core] [general] Failsafe triggered: RAM too low
